1 9
1 11
1 14
1 15
1 17
1 18
1 19
1 27
2 10
2 13
2 16
3 10
3 13
3 16
4 10
4 13
4 16
5 10
6 11
6 12
7 10
8 10
9 13
9 16
10 14
10 15
10 17
10 18
10 19
10 27
11 13
11 16
12 25
12 28
12 31
13 17
13 18
13 19
13 24
13 26
13 29
13 30
13 32
13 33
13 34
13 42
14 16
14 25
14 28
14 31
15 16
15 25
15 28
15 31
16 27
20 25
21 26
21 27
22 25
23 25
24 28
24 31
25 29
25 30
25 32
25 33
25 34
25 42
26 28
26 31
27 40
27 43
27 46
28 32
28 33
28 34
28 39
28 41
28 44
28 45
28 47
28 48
28 49
28 57
29 31
29 40
29 43
29 46
30 31
30 40
30 43
30 46
31 42
35 40
36 41
36 42
37 40
38 40
39 43
39 46
40 44
40 45
40 47
40 48
40 49
40 57
41 43
41 46
42 55
42 58
42 61
43 47
43 48
43 49
43 54
43 56
43 59
43 60
43 62
43 63
43 64
43 72
44 46
44 55
44 58
44 61
45 46
45 55
45 58
45 61
46 57
50 55
51 56
51 57
52 55
53 55
54 58
54 61
55 59
55 60
55 62
55 63
55 64
55 72
56 58
56 61
57 70
57 73
57 76
58 62
58 63
58 64
58 69
58 71
58 74
58 75
58 77
58 78
58 79
58 87
59 61
59 70
59 73
59 76
60 61
60 70
60 73
60 76
61 72
65 70
66 71
66 72
67 70
68 70
69 73
69 76
70 74
70 75
70 77
70 78
70 79
70 87
71 73
71 76
72 85
72 88
72 91
73 77
73 78
73 79
73 84
73 86
73 89
73 90
73 92
73 93
73 94
73 102
74 76
74 85
74 88
74 91
75 76
75 85
75 88
75 91
76 87
80 85
81 86
81 87
82 85
83 85
84 88
84 91
85 89
85 90
85 92
85 93
85 94
85 102
86 88
86 91
87 100
87 103
87 106
88 92
88 93
88 94
88 99
88 101
88 104
88 105
88 107
88 108
88 109
88 117
89 91
89 100
89 103
89 106
90 91
90 100
90 103
90 106
91 102
95 100
96 101
96 102
97 100
98 100
99 103
99 106
100 104
100 105
100 107
100 108
100 109
100 117
101 103
101 106
102 115
102 118
102 121
103 107
103 108
103 109
103 114
103 116
103 119
103 120
103 122
103 123
103 124
103 132
104 106
104 115
104 118
104 121
105 106
105 115
105 118
105 121
106 117
110 115
111 116
111 117
112 115
113 115
114 118
114 121
115 119
115 120
115 122
115 123
115 124
115 132
116 118
116 121
117 130
117 133
117 136
118 122
118 123
118 124
118 129
118 131
118 134
118 135
118 137
118 138
118 139
118 147
119 121
119 130
119 133
119 136
120 121
120 130
120 133
120 136
121 132
125 130
126 131
126 132
127 130
128 130
129 133
129 136
130 134
130 135
130 137
130 138
130 139
130 147
131 133
131 136
132 145
132 148
132 151
133 137
133 138
133 139
133 144
133 146
133 149
133 150
133 152
133 153
133 154
133 162
134 136
134 145
134 148
134 151
135 136
135 145
135 148
135 151
136 147
140 145
141 146
141 147
142 145
143 145
144 148
144 151
145 149
145 150
145 152
145 153
145 154
145 162
146 148
146 151
147 160
147 163
147 166
148 152
148 153
148 154
148 159
148 161
148 164
148 165
148 167
148 168
148 169
148 177
149 151
149 160
149 163
149 166
150 151
150 160
150 163
150 166
151 162
155 160
156 161
156 162
157 160
158 160
159 163
159 166
160 164
160 165
160 167
160 168
160 169
160 177
161 163
161 166
162 175
162 178
162 181
163 167
163 168
163 169
163 174
163 176
163 179
163 180
163 182
163 183
163 184
163 192
164 166
164 175
164 178
164 181
165 166
165 175
165 178
165 181
166 177
170 175
171 176
171 177
172 175
173 175
174 178
174 181
175 179
175 180
175 182
175 183
175 184
175 192
176 178
176 181
177 190
177 193
177 196
178 182
178 183
178 184
178 189
178 191
178 194
178 195
178 197
178 198
178 199
178 207
179 181
179 190
179 193
179 196
180 181
180 190
180 193
180 196
181 192
185 190
186 191
186 192
187 190
188 190
189 193
189 196
190 194
190 195
190 197
190 198
190 199
190 207
191 193
191 196
192 205
192 208
192 211
193 197
193 198
193 199
193 204
193 206
193 209
193 210
193 212
193 213
193 214
193 222
194 196
194 205
194 208
194 211
195 196
195 205
195 208
195 211
196 207
200 205
201 206
201 207
202 205
203 205
204 208
204 211
205 209
205 210
205 212
205 213
205 214
205 222
206 208
206 211
207 220
207 223
207 226
208 212
208 213
208 214
208 219
208 221
208 224
208 225
208 227
208 228
208 229
208 237
209 211
209 220
209 223
209 226
210 211
210 220
210 223
210 226
211 222
215 220
216 221
216 222
217 220
218 220
219 223
219 226
220 224
220 225
220 227
220 228
220 229
220 237
221 223
221 226
222 235
222 238
222 241
223 227
223 228
223 229
223 234
223 236
223 239
223 240
223 242
223 243
223 244
223 252
224 226
224 235
224 238
224 241
225 226
225 235
225 238
225 241
226 237
230 235
231 236
231 237
232 235
233 235
234 238
234 241
235 239
235 240
235 242
235 243
235 244
235 252
236 238
236 241
237 250
237 253
237 256
238 242
238 243
238 244
238 249
238 251
238 254
238 255
238 257
238 258
238 259
238 267
239 241
239 250
239 253
239 256
240 241
240 250
240 253
240 256
241 252
245 250
246 251
246 252
247 250
248 250
249 253
249 256
250 254
250 255
250 257
250 258
250 259
250 267
251 253
251 256
252 265
252 268
252 271
253 257
253 258
253 259
253 264
253 266
253 269
253 270
253 272
253 273
253 274
253 282
254 256
254 265
254 268
254 271
255 256
255 265
255 268
255 271
256 267
260 265
261 266
261 267
262 265
263 265
264 268
264 271
265 269
265 270
265 272
265 273
265 274
265 282
266 268
266 271
267 280
267 283
267 286
268 272
268 273
268 274
268 279
268 281
268 284
268 285
268 287
268 288
268 289
268 297
269 271
269 280
269 283
269 286
270 271
270 280
270 283
270 286
271 282
275 280
276 281
276 282
277 280
278 280
279 283
279 286
280 284
280 285
280 287
280 288
280 289
280 297
281 283
281 286
282 295
282 298
282 301
283 287
283 288
283 289
283 294
283 296
283 299
283 300
283 302
283 303
283 304
283 312
284 286
284 295
284 298
284 301
285 286
285 295
285 298
285 301
286 297
290 295
291 296
291 297
292 295
293 295
294 298
294 301
295 299
295 300
295 302
295 303
295 304
295 312
296 298
296 301
297 310
297 313
297 316
298 302
298 303
298 304
298 309
298 311
298 314
298 315
298 317
298 318
298 319
298 327
299 301
299 310
299 313
299 316
300 301
300 310
300 313
300 316
301 312
305 310
306 311
306 312
307 310
308 310
309 313
309 316
310 314
310 315
310 317
310 318
310 319
310 327
311 313
311 316
312 325
312 328
312 331
313 317
313 318
313 319
313 324
313 326
313 329
313 330
313 332
313 333
313 334
313 342
314 316
314 325
314 328
314 331
315 316
315 325
315 328
315 331
316 327
320 325
321 326
321 327
322 325
323 325
324 328
324 331
325 329
325 330
325 332
325 333
325 334
325 342
326 328
326 331
327 340
327 343
327 346
328 332
328 333
328 334
328 339
328 341
328 344
328 345
328 347
328 348
328 349
328 357
329 331
329 340
329 343
329 346
330 331
330 340
330 343
330 346
331 342
335 340
336 341
336 342
337 340
338 340
339 343
339 346
340 344
340 345
340 347
340 348
340 349
340 357
341 343
341 346
342 355
342 358
342 361
343 347
343 348
343 349
343 354
343 356
343 359
343 360
343 362
343 363
343 364
343 372
344 346
344 355
344 358
344 361
345 346
345 355
345 358
345 361
346 357
350 355
351 356
351 357
352 355
353 355
354 358
354 361
355 359
355 360
355 362
355 363
355 364
355 372
356 358
356 361
357 370
357 373
357 376
358 362
358 363
358 364
358 369
358 371
358 374
358 375
358 377
358 378
358 379
358 387
359 361
359 370
359 373
359 376
360 361
360 370
360 373
360 376
361 372
365 370
366 371
366 372
367 370
368 370
369 373
369 376
370 374
370 375
370 377
370 378
370 379
370 387
371 373
371 376
372 385
372 388
372 391
373 377
373 378
373 379
373 384
373 386
373 389
373 390
373 392
373 393
373 394
373 402
374 376
374 385
374 388
374 391
375 376
375 385
375 388
375 391
376 387
380 385
381 386
381 387
382 385
383 385
384 388
384 391
385 389
385 390
385 392
385 393
385 394
385 402
386 388
386 391
387 400
387 403
387 406
388 392
388 393
388 394
388 399
388 401
388 404
388 405
388 407
388 408
388 409
388 417
389 391
389 400
389 403
389 406
390 391
390 400
390 403
390 406
391 402
395 400
396 401
396 402
397 400
398 400
399 403
399 406
400 404
400 405
400 407
400 408
400 409
400 417
401 403
401 406
402 415
402 418
402 421
403 407
403 408
403 409
403 414
403 416
403 419
403 420
403 422
403 423
403 424
403 432
404 406
404 415
404 418
404 421
405 406
405 415
405 418
405 421
406 417
410 415
411 416
411 417
412 415
413 415
414 418
414 421
415 419
415 420
415 422
415 423
415 424
415 432
416 418
416 421
417 430
417 433
417 436
418 422
418 423
418 424
418 429
418 431
418 434
418 435
418 437
418 438
418 439
418 447
419 421
419 430
419 433
419 436
420 421
420 430
420 433
420 436
421 432
425 430
426 431
426 432
427 430
428 430
429 433
429 436
430 434
430 435
430 437
430 438
430 439
430 447
431 433
431 436
432 445
432 448
432 451
433 437
433 438
433 439
433 444
433 446
433 449
433 450
433 452
433 453
433 454
433 462
434 436
434 445
434 448
434 451
435 436
435 445
435 448
435 451
436 447
440 445
441 446
441 447
442 445
443 445
444 448
444 451
445 449
445 450
445 452
445 453
445 454
445 462
446 448
446 451
447 460
447 463
447 466
448 452
448 453
448 454
448 459
448 461
448 464
448 465
448 467
448 468
448 469
448 477
449 451
449 460
449 463
449 466
450 451
450 460
450 463
450 466
451 462
455 460
456 461
456 462
457 460
458 460
459 463
459 466
460 464
460 465
460 467
460 468
460 469
460 477
461 463
461 466
462 475
462 478
462 481
463 467
463 468
463 469
463 474
463 476
463 479
463 480
463 482
463 483
463 484
463 492
464 466
464 475
464 478
464 481
465 466
465 475
465 478
465 481
466 477
470 475
471 476
471 477
472 475
473 475
474 478
474 481
475 479
475 480
475 482
475 483
475 484
475 492
476 478
476 481
477 490
477 493
477 496
478 482
478 483
478 484
478 489
478 491
478 494
478 495
478 497
478 498
478 499
478 507
479 481
479 490
479 493
479 496
480 481
480 490
480 493
480 496
481 492
485 490
486 491
486 492
487 490
488 490
489 493
489 496
490 494
490 495
490 497
490 498
490 499
490 507
491 493
491 496
492 505
492 508
492 511
493 497
493 498
493 499
493 504
493 506
493 509
493 510
493 512
493 513
493 514
493 522
494 496
494 505
494 508
494 511
495 496
495 505
495 508
495 511
496 507
500 505
501 506
501 507
502 505
503 505
504 508
504 511
505 509
505 510
505 512
505 513
505 514
505 522
506 508
506 511
507 520
507 523
507 526
508 512
508 513
508 514
508 519
508 521
508 524
508 525
508 527
508 528
508 529
508 537
509 511
509 520
509 523
509 526
510 511
510 520
510 523
510 526
511 522
515 520
516 521
516 522
517 520
518 520
519 523
519 526
520 524
520 525
520 527
520 528
520 529
520 537
521 523
521 526
522 535
522 538
522 541
523 527
523 528
523 529
523 534
523 536
523 539
523 540
523 542
523 543
523 544
523 552
524 526
524 535
524 538
524 541
525 526
525 535
525 538
525 541
526 537
530 535
531 536
531 537
532 535
533 535
534 538
534 541
535 539
535 540
535 542
535 543
535 544
535 552
536 538
536 541
537 550
537 553
537 556
538 542
538 543
538 544
538 549
538 551
538 554
538 555
538 557
538 558
538 559
538 567
539 541
539 550
539 553
539 556
540 541
540 550
540 553
540 556
541 552
545 550
546 551
546 552
547 550
548 550
549 553
549 556
550 554
550 555
550 557
550 558
550 559
550 567
551 553
551 556
552 565
552 568
552 571
553 557
553 558
553 559
553 564
553 566
553 569
553 570
553 572
553 573
553 574
553 582
554 556
554 565
554 568
554 571
555 556
555 565
555 568
555 571
556 567
560 565
561 566
561 567
562 565
563 565
564 568
564 571
565 569
565 570
565 572
565 573
565 574
565 582
566 568
566 571
567 580
567 583
567 586
568 572
568 573
568 574
568 579
568 581
568 584
568 585
568 587
568 588
568 589
568 597
569 571
569 580
569 583
569 586
570 571
570 580
570 583
570 586
571 582
575 580
576 581
576 582
577 580
578 580
579 583
579 586
580 584
580 585
580 587
580 588
580 589
580 597
581 583
581 586
582 595
582 598
582 601
583 587
583 588
583 589
583 594
583 596
583 599
583 600
583 602
583 603
583 604
583 612
584 586
584 595
584 598
584 601
585 586
585 595
585 598
585 601
586 597
590 595
591 596
591 597
592 595
593 595
594 598
594 601
595 599
595 600
595 602
595 603
595 604
595 612
596 598
596 601
597 610
597 613
597 616
598 602
598 603
598 604
598 609
598 611
598 614
598 615
598 617
598 618
598 619
598 627
599 601
599 610
599 613
599 616
600 601
600 610
600 613
600 616
601 612
605 610
606 611
606 612
607 610
608 610
609 613
609 616
610 614
610 615
610 617
610 618
610 619
610 627
611 613
611 616
612 625
612 628
612 631
613 617
613 618
613 619
613 624
613 626
613 629
613 630
613 632
613 633
613 634
613 642
614 616
614 625
614 628
614 631
615 616
615 625
615 628
615 631
616 627
620 625
621 626
621 627
622 625
623 625
624 628
624 631
625 629
625 630
625 632
625 633
625 634
625 642
626 628
626 631
627 640
627 643
627 646
628 632
628 633
628 634
628 639
628 641
628 644
628 645
628 647
628 648
628 649
628 657
629 631
629 640
629 643
629 646
630 631
630 640
630 643
630 646
631 642
635 640
636 641
636 642
637 640
638 640
639 643
639 646
640 644
640 645
640 647
640 648
640 649
640 657
641 643
641 646
642 655
642 658
642 661
643 647
643 648
643 649
643 654
643 656
643 659
643 660
643 662
643 663
643 664
643 672
644 646
644 655
644 658
644 661
645 646
645 655
645 658
645 661
646 657
650 655
651 656
651 657
652 655
653 655
654 658
654 661
655 659
655 660
655 662
655 663
655 664
655 672
656 658
656 661
657 670
657 673
657 676
658 662
658 663
658 664
658 669
658 671
658 674
658 675
658 677
658 678
658 679
658 687
659 661
659 670
659 673
659 676
660 661
660 670
660 673
660 676
661 672
665 670
666 671
666 672
667 670
668 670
669 673
669 676
670 674
670 675
670 677
670 678
670 679
670 687
671 673
671 676
672 685
672 688
672 691
673 677
673 678
673 679
673 684
673 686
673 689
673 690
673 692
673 693
673 694
673 702
674 676
674 685
674 688
674 691
675 676
675 685
675 688
675 691
676 687
680 685
681 686
681 687
682 685
683 685
684 688
684 691
685 689
685 690
685 692
685 693
685 694
685 702
686 688
686 691
687 700
687 703
687 706
688 692
688 693
688 694
688 699
688 701
688 704
688 705
688 707
688 708
688 709
688 717
689 691
689 700
689 703
689 706
690 691
690 700
690 703
690 706
691 702
695 700
696 701
696 702
697 700
698 700
699 703
699 706
700 704
700 705
700 707
700 708
700 709
700 717
701 703
701 706
702 715
702 718
702 721
703 707
703 708
703 709
703 714
703 716
703 719
703 720
703 722
703 723
703 724
703 732
704 706
704 715
704 718
704 721
705 706
705 715
705 718
705 721
706 717
710 715
711 716
711 717
712 715
713 715
714 718
714 721
715 719
715 720
715 722
715 723
715 724
715 732
716 718
716 721
717 730
717 733
717 736
718 722
718 723
718 724
718 729
718 731
718 734
718 735
718 737
718 738
718 739
718 747
719 721
719 730
719 733
719 736
720 721
720 730
720 733
720 736
721 732
725 730
726 731
726 732
727 730
728 730
729 733
729 736
730 734
730 735
730 737
730 738
730 739
730 747
731 733
731 736
732 745
732 748
732 751
733 737
733 738
733 739
733 744
733 746
733 749
733 750
733 752
733 753
733 754
733 762
734 736
734 745
734 748
734 751
735 736
735 745
735 748
735 751
736 747
740 745
741 746
741 747
742 745
743 745
744 748
744 751
745 749
745 750
745 752
745 753
745 754
745 762
746 748
746 751
747 760
747 763
747 766
748 752
748 753
748 754
748 759
748 761
748 764
748 765
748 767
748 768
748 769
748 777
749 751
749 760
749 763
749 766
750 751
750 760
750 763
750 766
751 762
755 760
756 761
756 762
757 760
758 760
759 763
759 766
760 764
760 765
760 767
760 768
760 769
760 777
761 763
761 766
762 775
762 778
762 781
763 767
763 768
763 769
763 774
763 776
763 779
763 780
763 782
763 783
763 784
763 792
764 766
764 775
764 778
764 781
765 766
765 775
765 778
765 781
766 777
770 775
771 776
771 777
772 775
773 775
774 778
774 781
775 779
775 780
775 782
775 783
775 784
775 792
776 778
776 781
777 790
777 793
777 796
778 782
778 783
778 784
778 789
778 791
778 794
778 795
778 797
778 798
778 799
778 807
779 781
779 790
779 793
779 796
780 781
780 790
780 793
780 796
781 792
785 790
786 791
786 792
787 790
788 790
789 793
789 796
790 794
790 795
790 797
790 798
790 799
790 807
791 793
791 796
792 805
792 808
792 811
793 797
793 798
793 799
793 804
793 806
793 809
793 810
793 812
793 813
793 814
793 822
794 796
794 805
794 808
794 811
795 796
795 805
795 808
795 811
796 807
800 805
801 806
801 807
802 805
803 805
804 808
804 811
805 809
805 810
805 812
805 813
805 814
805 822
806 808
806 811
807 820
807 823
807 826
808 812
808 813
808 814
808 819
808 821
808 824
808 825
808 827
808 828
808 829
808 837
809 811
809 820
809 823
809 826
810 811
810 820
810 823
810 826
811 822
815 820
816 821
816 822
817 820
818 820
819 823
819 826
820 824
820 825
820 827
820 828
820 829
820 837
821 823
821 826
822 835
822 838
822 841
823 827
823 828
823 829
823 834
823 836
823 839
823 840
823 842
823 843
823 844
823 852
824 826
824 835
824 838
824 841
825 826
825 835
825 838
825 841
826 837
830 835
831 836
831 837
832 835
833 835
834 838
834 841
835 839
835 840
835 842
835 843
835 844
835 852
836 838
836 841
837 850
837 853
837 856
838 842
838 843
838 844
838 849
838 851
838 854
838 855
838 857
838 858
838 859
838 867
839 841
839 850
839 853
839 856
840 841
840 850
840 853
840 856
841 852
845 850
846 851
846 852
847 850
848 850
849 853
849 856
850 854
850 855
850 857
850 858
850 859
850 867
851 853
851 856
852 865
852 868
852 871
853 857
853 858
853 859
853 864
853 866
853 869
853 870
853 872
853 873
853 874
853 879
854 856
854 865
854 868
854 871
855 856
855 865
855 868
855 871
856 867
860 865
861 866
861 867
862 865
863 865
864 868
864 871
865 869
865 870
865 872
865 873
865 874
865 879
866 868
866 871
867 876
867 880
867 883
868 872
868 873
868 874
868 875
868 877
868 878
868 881
868 882
868 884
868 885
868 915
869 871
869 876
869 880
869 883
870 871
870 876
870 880
870 883
871 879
875 880
875 883
876 881
876 882
876 884
876 885
876 915
877 880
877 883
878 880
878 883
879 886
879 912
879 916
879 919
880 884
880 885
880 911
880 913
880 914
880 917
880 918
880 920
880 921
880 981
881 883
881 912
881 916
881 919
882 883
882 912
882 916
882 919
883 887
883 888
883 889
883 915
884 886
885 890
885 891
885 898
886 892
886 893
886 894
886 899
886 900
886 901
887 890
887 891
887 898
888 890
888 891
888 898
889 895
889 896
889 897
889 902
889 903
889 904
890 892
890 893
890 894
890 899
890 900
890 901
891 899
891 900
891 901
892 895
892 896
892 897
892 898
893 895
893 896
893 897
893 898
894 898
898 905
898 906
898 907
899 902
899 903
899 904
900 902
900 903
900 904
901 908
901 909
901 910
902 905
902 906
902 907
903 905
903 906
903 907
905 908
905 909
905 910
906 908
906 909
906 910
911 916
911 919
912 917
912 918
912 920
912 921
912 981
913 916
913 919
914 916
914 919
915 922
915 978
915 982
915 985
916 920
916 921
916 977
916 979
916 980
916 983
916 984
916 986
916 987
916 1047
917 919
917 978
917 982
917 985
918 919
918 978
918 982
918 985
919 923
919 924
919 925
919 981
920 922
921 926
921 927
921 928
922 929
922 930
922 931
923 926
923 927
923 928
924 926
924 927
924 928
925 932
925 933
925 934
926 929
926 930
926 931
927 929
927 930
927 931
928 935
928 936
928 937
929 932
929 933
929 934
930 932
930 933
930 934
931 938
931 939
931 940
932 935
932 936
932 937
933 935
933 936
933 937
934 941
934 942
934 943
935 938
935 939
935 940
936 938
936 939
936 940
937 944
937 945
937 946
938 941
938 942
938 943
939 941
939 942
939 943
940 947
940 948
940 949
941 944
941 945
941 946
942 944
942 945
942 946
943 950
943 951
943 952
944 947
944 948
944 949
945 947
945 948
945 949
946 953
946 954
946 955
947 950
947 951
947 952
948 950
948 951
948 952
949 956
949 957
949 958
950 953
950 954
950 955
951 953
951 954
951 955
952 959
952 960
952 961
953 956
953 957
953 958
954 956
954 957
954 958
955 962
955 963
955 964
956 959
956 960
956 961
957 959
957 960
957 961
958 965
958 966
958 967
959 962
959 963
959 964
960 962
960 963
960 964
961 968
961 969
961 970
962 965
962 966
962 967
963 965
963 966
963 967
964 971
964 972
964 973
965 968
965 969
965 970
966 968
966 969
966 970
967 974
967 975
967 976
968 971
968 972
968 973
969 971
969 972
969 973
971 974
971 975
971 976
972 974
972 975
972 976
977 982
977 985
978 983
978 984
978 986
978 987
978 1047
979 982
979 985
980 982
980 985
981 988
981 1044
981 1048
981 1051
982 986
982 987
982 1043
982 1045
982 1046
982 1049
982 1050
982 1052
982 1053
982 1113
983 985
983 1044
983 1048
983 1051
984 985
984 1044
984 1048
984 1051
985 989
985 990
985 991
985 1047
986 988
987 992
987 993
987 994
988 995
988 996
988 997
989 992
989 993
989 994
990 992
990 993
990 994
991 998
991 999
991 1000
992 995
992 996
992 997
993 995
993 996
993 997
994 1001
994 1002
994 1003
995 998
995 999
995 1000
996 998
996 999
996 1000
997 1004
997 1005
997 1006
998 1001
998 1002
998 1003
999 1001
999 1002
999 1003
1000 1007
1000 1008
1000 1009
1001 1004
1001 1005
1001 1006
1002 1004
1002 1005
1002 1006
1003 1010
1003 1011
1003 1012
1004 1007
1004 1008
1004 1009
1005 1007
1005 1008
1005 1009
1006 1013
1006 1014
1006 1015
1007 1010
1007 1011
1007 1012
1008 1010
1008 1011
1008 1012
1009 1016
1009 1017
1009 1018
1010 1013
1010 1014
1010 1015
1011 1013
1011 1014
1011 1015
1012 1019
1012 1020
1012 1021
1013 1016
1013 1017
1013 1018
1014 1016
1014 1017
1014 1018
1015 1022
1015 1023
1015 1024
1016 1019
1016 1020
1016 1021
1017 1019
1017 1020
1017 1021
1018 1025
1018 1026
1018 1027
1019 1022
1019 1023
1019 1024
1020 1022
1020 1023
1020 1024
1021 1028
1021 1029
1021 1030
1022 1025
1022 1026
1022 1027
1023 1025
1023 1026
1023 1027
1024 1031
1024 1032
1024 1033
1025 1028
1025 1029
1025 1030
1026 1028
1026 1029
1026 1030
1027 1034
1027 1035
1027 1036
1028 1031
1028 1032
1028 1033
1029 1031
1029 1032
1029 1033
1030 1037
1030 1038
1030 1039
1031 1034
1031 1035
1031 1036
1032 1034
1032 1035
1032 1036
1033 1040
1033 1041
1033 1042
1034 1037
1034 1038
1034 1039
1035 1037
1035 1038
1035 1039
1037 1040
1037 1041
1037 1042
1038 1040
1038 1041
1038 1042
1043 1048
1043 1051
1044 1049
1044 1050
1044 1052
1044 1053
1044 1113
1045 1048
1045 1051
1046 1048
1046 1051
1047 1054
1047 1110
1047 1114
1047 1117
1048 1052
1048 1053
1048 1109
1048 1111
1048 1112
1048 1115
1048 1116
1048 1118
1048 1119
1048 1179
1049 1051
1049 1110
1049 1114
1049 1117
1050 1051
1050 1110
1050 1114
1050 1117
1051 1055
1051 1056
1051 1057
1051 1113
1052 1054
1053 1058
1053 1059
1053 1060
1054 1061
1054 1062
1054 1063
1055 1058
1055 1059
1055 1060
1056 1058
1056 1059
1056 1060
1057 1064
1057 1065
1057 1066
1058 1061
1058 1062
1058 1063
1059 1061
1059 1062
1059 1063
1060 1067
1060 1068
1060 1069
1061 1064
1061 1065
1061 1066
1062 1064
1062 1065
1062 1066
1063 1070
1063 1071
1063 1072
1064 1067
1064 1068
1064 1069
1065 1067
1065 1068
1065 1069
1066 1073
1066 1074
1066 1075
1067 1070
1067 1071
1067 1072
1068 1070
1068 1071
1068 1072
1069 1076
1069 1077
1069 1078
1070 1073
1070 1074
1070 1075
1071 1073
1071 1074
1071 1075
1072 1079
1072 1080
1072 1081
1073 1076
1073 1077
1073 1078
1074 1076
1074 1077
1074 1078
1075 1082
1075 1083
1075 1084
1076 1079
1076 1080
1076 1081
1077 1079
1077 1080
1077 1081
1078 1085
1078 1086
1078 1087
1079 1082
1079 1083
1079 1084
1080 1082
1080 1083
1080 1084
1081 1088
1081 1089
1081 1090
1082 1085
1082 1086
1082 1087
1083 1085
1083 1086
1083 1087
1084 1091
1084 1092
1084 1093
1085 1088
1085 1089
1085 1090
1086 1088
1086 1089
1086 1090
1087 1094
1087 1095
1087 1096
1088 1091
1088 1092
1088 1093
1089 1091
1089 1092
1089 1093
1090 1097
1090 1098
1090 1099
1091 1094
1091 1095
1091 1096
1092 1094
1092 1095
1092 1096
1093 1100
1093 1101
1093 1102
1094 1097
1094 1098
1094 1099
1095 1097
1095 1098
1095 1099
1096 1103
1096 1104
1096 1105
1097 1100
1097 1101
1097 1102
1098 1100
1098 1101
1098 1102
1099 1106
1099 1107
1099 1108
1100 1103
1100 1104
1100 1105
1101 1103
1101 1104
1101 1105
1103 1106
1103 1107
1103 1108
1104 1106
1104 1107
1104 1108
1109 1114
1109 1117
1110 1115
1110 1116
1110 1118
1110 1119
1110 1179
1111 1114
1111 1117
1112 1114
1112 1117
1113 1120
1113 1176
1113 1180
1113 1183
1114 1118
1114 1119
1114 1175
1114 1177
1114 1178
1114 1181
1114 1182
1114 1184
1114 1185
1114 1227
1115 1117
1115 1176
1115 1180
1115 1183
1116 1117
1116 1176
1116 1180
1116 1183
1117 1121
1117 1122
1117 1123
1117 1179
1118 1120
1119 1124
1119 1125
1119 1126
1120 1127
1120 1128
1120 1129
1121 1124
1121 1125
1121 1126
1122 1124
1122 1125
1122 1126
1123 1130
1123 1131
1123 1132
1124 1127
1124 1128
1124 1129
1125 1127
1125 1128
1125 1129
1126 1133
1126 1134
1126 1135
1127 1130
1127 1131
1127 1132
1128 1130
1128 1131
1128 1132
1129 1136
1129 1137
1129 1138
1130 1133
1130 1134
1130 1135
1131 1133
1131 1134
1131 1135
1132 1139
1132 1140
1132 1141
1133 1136
1133 1137
1133 1138
1134 1136
1134 1137
1134 1138
1135 1142
1135 1143
1135 1144
1136 1139
1136 1140
1136 1141
1137 1139
1137 1140
1137 1141
1138 1145
1138 1146
1138 1147
1139 1142
1139 1143
1139 1144
1140 1142
1140 1143
1140 1144
1141 1148
1141 1149
1141 1150
1142 1145
1142 1146
1142 1147
1143 1145
1143 1146
1143 1147
1144 1151
1144 1152
1144 1153
1145 1148
1145 1149
1145 1150
1146 1148
1146 1149
1146 1150
1147 1154
1147 1155
1147 1156
1148 1151
1148 1152
1148 1153
1149 1151
1149 1152
1149 1153
1150 1157
1150 1158
1150 1159
1151 1154
1151 1155
1151 1156
1152 1154
1152 1155
1152 1156
1153 1160
1153 1161
1153 1162
1154 1157
1154 1158
1154 1159
1155 1157
1155 1158
1155 1159
1156 1163
1156 1164
1156 1165
1157 1160
1157 1161
1157 1162
1158 1160
1158 1161
1158 1162
1159 1166
1159 1167
1159 1168
1160 1163
1160 1164
1160 1165
1161 1163
1161 1164
1161 1165
1162 1169
1162 1170
1162 1171
1163 1166
1163 1167
1163 1168
1164 1166
1164 1167
1164 1168
1165 1172
1165 1173
1165 1174
1166 1169
1166 1170
1166 1171
1167 1169
1167 1170
1167 1171
1169 1172
1169 1173
1169 1174
1170 1172
1170 1173
1170 1174
1175 1180
1175 1183
1176 1181
1176 1182
1176 1184
1176 1185
1176 1227
1177 1180
1177 1183
1178 1180
1178 1183
1179 1186
1179 1224
1179 1228
1179 1231
1180 1184
1180 1185
1180 1223
1180 1225
1180 1226
1180 1229
1180 1230
1180 1232
1180 1233
1180 1263
1181 1183
1181 1224
1181 1228
1181 1231
1182 1183
1182 1224
1182 1228
1182 1231
1183 1187
1183 1188
1183 1189
1183 1227
1184 1186
1185 1190
1185 1191
1185 1192
1186 1193
1186 1194
1186 1195
1187 1190
1187 1191
1187 1192
1188 1190
1188 1191
1188 1192
1189 1196
1189 1197
1189 1198
1190 1193
1190 1194
1190 1195
1191 1193
1191 1194
1191 1195
1192 1199
1192 1200
1192 1201
1193 1196
1193 1197
1193 1198
1194 1196
1194 1197
1194 1198
1195 1202
1195 1203
1195 1204
1196 1199
1196 1200
1196 1201
1197 1199
1197 1200
1197 1201
1198 1205
1198 1206
1198 1207
1199 1202
1199 1203
1199 1204
1200 1202
1200 1203
1200 1204
1201 1208
1201 1209
1201 1210
1202 1205
1202 1206
1202 1207
1203 1205
1203 1206
1203 1207
1204 1211
1204 1212
1204 1213
1205 1208
1205 1209
1205 1210
1206 1208
1206 1209
1206 1210
1207 1214
1207 1215
1207 1216
1208 1211
1208 1212
1208 1213
1209 1211
1209 1212
1209 1213
1210 1217
1210 1218
1210 1219
1211 1214
1211 1215
1211 1216
1212 1214
1212 1215
1212 1216
1213 1220
1213 1221
1213 1222
1214 1217
1214 1218
1214 1219
1215 1217
1215 1218
1215 1219
1217 1220
1217 1221
1217 1222
1218 1220
1218 1221
1218 1222
1223 1228
1223 1231
1224 1229
1224 1230
1224 1232
1224 1233
1224 1263
1225 1228
1225 1231
1226 1228
1226 1231
1227 1234
1227 1260
1227 1264
1227 1267
1228 1232
1228 1233
1228 1259
1228 1261
1228 1262
1228 1265
1228 1266
1228 1268
1228 1269
1228 1311
1229 1231
1229 1260
1229 1264
1229 1267
1230 1231
1230 1260
1230 1264
1230 1267
1231 1235
1231 1236
1231 1237
1231 1263
1232 1234
1233 1238
1233 1239
1233 1246
1234 1240
1234 1241
1234 1242
1234 1247
1234 1248
1234 1249
1235 1238
1235 1239
1235 1246
1236 1238
1236 1239
1236 1246
1237 1243
1237 1244
1237 1245
1237 1250
1237 1251
1237 1252
1238 1240
1238 1241
1238 1242
1238 1247
1238 1248
1238 1249
1239 1247
1239 1248
1239 1249
1240 1243
1240 1244
1240 1245
1240 1246
1241 1243
1241 1244
1241 1245
1241 1246
1242 1246
1246 1253
1246 1254
1246 1255
1247 1250
1247 1251
1247 1252
1248 1250
1248 1251
1248 1252
1249 1256
1249 1257
1249 1258
1250 1253
1250 1254
1250 1255
1251 1253
1251 1254
1251 1255
1253 1256
1253 1257
1253 1258
1254 1256
1254 1257
1254 1258
1259 1264
1259 1267
1260 1265
1260 1266
1260 1268
1260 1269
1260 1311
1261 1264
1261 1267
1262 1264
1262 1267
1263 1270
1263 1308
1263 1312
1263 1315
1264 1268
1264 1269
1264 1307
1264 1309
1264 1310
1264 1313
1264 1314
1264 1316
1264 1317
1264 1377
1265 1267
1265 1308
1265 1312
1265 1315
1266 1267
1266 1308
1266 1312
1266 1315
1267 1271
1267 1272
1267 1273
1267 1311
1268 1270
1269 1274
1269 1275
1269 1276
1270 1277
1270 1278
1270 1279
1271 1274
1271 1275
1271 1276
1272 1274
1272 1275
1272 1276
1273 1280
1273 1281
1273 1282
1274 1277
1274 1278
1274 1279
1275 1277
1275 1278
1275 1279
1276 1283
1276 1284
1276 1285
1277 1280
1277 1281
1277 1282
1278 1280
1278 1281
1278 1282
1279 1286
1279 1287
1279 1288
1280 1283
1280 1284
1280 1285
1281 1283
1281 1284
1281 1285
1282 1289
1282 1290
1282 1291
1283 1286
1283 1287
1283 1288
1284 1286
1284 1287
1284 1288
1285 1292
1285 1293
1285 1294
1286 1289
1286 1290
1286 1291
1287 1289
1287 1290
1287 1291
1288 1295
1288 1296
1288 1297
1289 1292
1289 1293
1289 1294
1290 1292
1290 1293
1290 1294
1291 1298
1291 1299
1291 1300
1292 1295
1292 1296
1292 1297
1293 1295
1293 1296
1293 1297
1294 1301
1294 1302
1294 1303
1295 1298
1295 1299
1295 1300
1296 1298
1296 1299
1296 1300
1297 1304
1297 1305
1297 1306
1298 1301
1298 1302
1298 1303
1299 1301
1299 1302
1299 1303
1301 1304
1301 1305
1301 1306
1302 1304
1302 1305
1302 1306
1307 1312
1307 1315
1308 1313
1308 1314
1308 1316
1308 1317
1308 1377
1309 1312
1309 1315
1310 1312
1310 1315
1311 1318
1311 1374
1311 1378
1311 1381
1312 1316
1312 1317
1312 1373
1312 1375
1312 1376
1312 1379
1312 1380
1312 1382
1312 1383
1312 1413
1313 1315
1313 1374
1313 1378
1313 1381
1314 1315
1314 1374
1314 1378
1314 1381
1315 1319
1315 1320
1315 1321
1315 1377
1316 1318
1317 1322
1317 1323
1317 1324
1318 1325
1318 1326
1318 1327
1319 1322
1319 1323
1319 1324
1320 1322
1320 1323
1320 1324
1321 1328
1321 1329
1321 1330
1322 1325
1322 1326
1322 1327
1323 1325
1323 1326
1323 1327
1324 1331
1324 1332
1324 1333
1325 1328
1325 1329
1325 1330
1326 1328
1326 1329
1326 1330
1327 1334
1327 1335
1327 1336
1328 1331
1328 1332
1328 1333
1329 1331
1329 1332
1329 1333
1330 1337
1330 1338
1330 1339
1331 1334
1331 1335
1331 1336
1332 1334
1332 1335
1332 1336
1333 1340
1333 1341
1333 1342
1334 1337
1334 1338
1334 1339
1335 1337
1335 1338
1335 1339
1336 1343
1336 1344
1336 1345
1337 1340
1337 1341
1337 1342
1338 1340
1338 1341
1338 1342
1339 1346
1339 1347
1339 1348
1340 1343
1340 1344
1340 1345
1341 1343
1341 1344
1341 1345
1342 1349
1342 1350
1342 1351
1343 1346
1343 1347
1343 1348
1344 1346
1344 1347
1344 1348
1345 1352
1345 1353
1345 1354
1346 1349
1346 1350
1346 1351
1347 1349
1347 1350
1347 1351
1348 1355
1348 1356
1348 1357
1349 1352
1349 1353
1349 1354
1350 1352
1350 1353
1350 1354
1351 1358
1351 1359
1351 1360
1352 1355
1352 1356
1352 1357
1353 1355
1353 1356
1353 1357
1354 1361
1354 1362
1354 1363
1355 1358
1355 1359
1355 1360
1356 1358
1356 1359
1356 1360
1357 1364
1357 1365
1357 1366
1358 1361
1358 1362
1358 1363
1359 1361
1359 1362
1359 1363
1360 1367
1360 1368
1360 1369
1361 1364
1361 1365
1361 1366
1362 1364
1362 1365
1362 1366
1363 1370
1363 1371
1363 1372
1364 1367
1364 1368
1364 1369
1365 1367
1365 1368
1365 1369
1367 1370
1367 1371
1367 1372
1368 1370
1368 1371
1368 1372
1373 1378
1373 1381
1374 1379
1374 1380
1374 1382
1374 1383
1374 1413
1375 1378
1375 1381
1376 1378
1376 1381
1377 1384
1377 1410
1377 1414
1377 1417
1378 1382
1378 1383
1378 1409
1378 1411
1378 1412
1378 1415
1378 1416
1378 1418
1378 1419
1378 1461
1379 1381
1379 1410
1379 1414
1379 1417
1380 1381
1380 1410
1380 1414
1380 1417
1381 1385
1381 1386
1381 1387
1381 1413
1382 1384
1383 1388
1383 1389
1383 1396
1384 1390
1384 1391
1384 1392
1384 1397
1384 1398
1384 1399
1385 1388
1385 1389
1385 1396
1386 1388
1386 1389
1386 1396
1387 1393
1387 1394
1387 1395
1387 1400
1387 1401
1387 1402
1388 1390
1388 1391
1388 1392
1388 1397
1388 1398
1388 1399
1389 1397
1389 1398
1389 1399
1390 1393
1390 1394
1390 1395
1390 1396
1391 1393
1391 1394
1391 1395
1391 1396
1392 1396
1396 1403
1396 1404
1396 1405
1397 1400
1397 1401
1397 1402
1398 1400
1398 1401
1398 1402
1399 1406
1399 1407
1399 1408
1400 1403
1400 1404
1400 1405
1401 1403
1401 1404
1401 1405
1403 1406
1403 1407
1403 1408
1404 1406
1404 1407
1404 1408
1409 1414
1409 1417
1410 1415
1410 1416
1410 1418
1410 1419
1410 1461
1411 1414
1411 1417
1412 1414
1412 1417
1413 1420
1413 1458
1413 1462
1413 1465
1414 1418
1414 1419
1414 1457
1414 1459
1414 1460
1414 1463
1414 1464
1414 1466
1414 1467
1414 1509
1415 1417
1415 1458
1415 1462
1415 1465
1416 1417
1416 1458
1416 1462
1416 1465
1417 1421
1417 1422
1417 1423
1417 1461
1418 1420
1419 1424
1419 1425
1419 1426
1420 1427
1420 1428
1420 1429
1421 1424
1421 1425
1421 1426
1422 1424
1422 1425
1422 1426
1423 1430
1423 1431
1423 1432
1424 1427
1424 1428
1424 1429
1425 1427
1425 1428
1425 1429
1426 1433
1426 1434
1426 1435
1427 1430
1427 1431
1427 1432
1428 1430
1428 1431
1428 1432
1429 1436
1429 1437
1429 1438
1430 1433
1430 1434
1430 1435
1431 1433
1431 1434
1431 1435
1432 1439
1432 1440
1432 1441
1433 1436
1433 1437
1433 1438
1434 1436
1434 1437
1434 1438
1435 1442
1435 1443
1435 1444
1436 1439
1436 1440
1436 1441
1437 1439
1437 1440
1437 1441
1438 1445
1438 1446
1438 1447
1439 1442
1439 1443
1439 1444
1440 1442
1440 1443
1440 1444
1441 1448
1441 1449
1441 1450
1442 1445
1442 1446
1442 1447
1443 1445
1443 1446
1443 1447
1444 1451
1444 1452
1444 1453
1445 1448
1445 1449
1445 1450
1446 1448
1446 1449
1446 1450
1447 1454
1447 1455
1447 1456
1448 1451
1448 1452
1448 1453
1449 1451
1449 1452
1449 1453
1451 1454
1451 1455
1451 1456
1452 1454
1452 1455
1452 1456
1457 1462
1457 1465
1458 1463
1458 1464
1458 1466
1458 1467
1458 1509
1459 1462
1459 1465
1460 1462
1460 1465
1461 1468
1461 1506
1461 1510
1461 1513
1462 1466
1462 1467
1462 1505
1462 1507
1462 1508
1462 1511
1462 1512
1462 1514
1462 1515
1462 1545
1463 1465
1463 1506
1463 1510
1463 1513
1464 1465
1464 1506
1464 1510
1464 1513
1465 1469
1465 1470
1465 1471
1465 1509
1466 1468
1467 1472
1467 1473
1467 1474
1468 1475
1468 1476
1468 1477
1469 1472
1469 1473
1469 1474
1470 1472
1470 1473
1470 1474
1471 1478
1471 1479
1471 1480
1472 1475
1472 1476
1472 1477
1473 1475
1473 1476
1473 1477
1474 1481
1474 1482
1474 1483
1475 1478
1475 1479
1475 1480
1476 1478
1476 1479
1476 1480
1477 1484
1477 1485
1477 1486
1478 1481
1478 1482
1478 1483
1479 1481
1479 1482
1479 1483
1480 1487
1480 1488
1480 1489
1481 1484
1481 1485
1481 1486
1482 1484
1482 1485
1482 1486
1483 1490
1483 1491
1483 1492
1484 1487
1484 1488
1484 1489
1485 1487
1485 1488
1485 1489
1486 1493
1486 1494
1486 1495
1487 1490
1487 1491
1487 1492
1488 1490
1488 1491
1488 1492
1489 1496
1489 1497
1489 1498
1490 1493
1490 1494
1490 1495
1491 1493
1491 1494
1491 1495
1492 1499
1492 1500
1492 1501
1493 1496
1493 1497
1493 1498
1494 1496
1494 1497
1494 1498
1495 1502
1495 1503
1495 1504
1496 1499
1496 1500
1496 1501
1497 1499
1497 1500
1497 1501
1499 1502
1499 1503
1499 1504
1500 1502
1500 1503
1500 1504
1505 1510
1505 1513
1506 1511
1506 1512
1506 1514
1506 1515
1506 1545
1507 1510
1507 1513
1508 1510
1508 1513
1509 1516
1509 1542
1509 1546
1509 1549
1510 1514
1510 1515
1510 1541
1510 1543
1510 1544
1510 1547
1510 1548
1510 1550
1510 1551
1510 1581
1511 1513
1511 1542
1511 1546
1511 1549
1512 1513
1512 1542
1512 1546
1512 1549
1513 1517
1513 1518
1513 1519
1513 1545
1514 1516
1515 1520
1515 1521
1515 1528
1516 1522
1516 1523
1516 1524
1516 1529
1516 1530
1516 1531
1517 1520
1517 1521
1517 1528
1518 1520
1518 1521
1518 1528
1519 1525
1519 1526
1519 1527
1519 1532
1519 1533
1519 1534
1520 1522
1520 1523
1520 1524
1520 1529
1520 1530
1520 1531
1521 1529
1521 1530
1521 1531
1522 1525
1522 1526
1522 1527
1522 1528
1523 1525
1523 1526
1523 1527
1523 1528
1524 1528
1528 1535
1528 1536
1528 1537
1529 1532
1529 1533
1529 1534
1530 1532
1530 1533
1530 1534
1531 1538
1531 1539
1531 1540
1532 1535
1532 1536
1532 1537
1533 1535
1533 1536
1533 1537
1535 1538
1535 1539
1535 1540
1536 1538
1536 1539
1536 1540
1541 1546
1541 1549
1542 1547
1542 1548
1542 1550
1542 1551
1542 1581
1543 1546
1543 1549
1544 1546
1544 1549
1545 1552
1545 1578
1545 1582
1545 1585
1546 1550
1546 1551
1546 1577
1546 1579
1546 1580
1546 1583
1546 1584
1546 1586
1546 1587
1546 1629
1547 1549
1547 1578
1547 1582
1547 1585
1548 1549
1548 1578
1548 1582
1548 1585
1549 1553
1549 1554
1549 1555
1549 1581
1550 1552
1551 1556
1551 1557
1551 1564
1552 1558
1552 1559
1552 1560
1552 1565
1552 1566
1552 1567
1553 1556
1553 1557
1553 1564
1554 1556
1554 1557
1554 1564
1555 1561
1555 1562
1555 1563
1555 1568
1555 1569
1555 1570
1556 1558
1556 1559
1556 1560
1556 1565
1556 1566
1556 1567
1557 1565
1557 1566
1557 1567
1558 1561
1558 1562
1558 1563
1558 1564
1559 1561
1559 1562
1559 1563
1559 1564
1560 1564
1564 1571
1564 1572
1564 1573
1565 1568
1565 1569
1565 1570
1566 1568
1566 1569
1566 1570
1567 1574
1567 1575
1567 1576
1568 1571
1568 1572
1568 1573
1569 1571
1569 1572
1569 1573
1571 1574
1571 1575
1571 1576
1572 1574
1572 1575
1572 1576
1577 1582
1577 1585
1578 1583
1578 1584
1578 1586
1578 1587
1578 1629
1579 1582
1579 1585
1580 1582
1580 1585
1581 1588
1581 1626
1581 1630
1581 1633
1582 1586
1582 1587
1582 1625
1582 1627
1582 1628
1582 1631
1582 1632
1582 1634
1582 1635
1582 1665
1583 1585
1583 1626
1583 1630
1583 1633
1584 1585
1584 1626
1584 1630
1584 1633
1585 1589
1585 1590
1585 1591
1585 1629
1586 1588
1587 1592
1587 1593
1587 1594
1588 1595
1588 1596
1588 1597
1589 1592
1589 1593
1589 1594
1590 1592
1590 1593
1590 1594
1591 1598
1591 1599
1591 1600
1592 1595
1592 1596
1592 1597
1593 1595
1593 1596
1593 1597
1594 1601
1594 1602
1594 1603
1595 1598
1595 1599
1595 1600
1596 1598
1596 1599
1596 1600
1597 1604
1597 1605
1597 1606
1598 1601
1598 1602
1598 1603
1599 1601
1599 1602
1599 1603
1600 1607
1600 1608
1600 1609
1601 1604
1601 1605
1601 1606
1602 1604
1602 1605
1602 1606
1603 1610
1603 1611
1603 1612
1604 1607
1604 1608
1604 1609
1605 1607
1605 1608
1605 1609
1606 1613
1606 1614
1606 1615
1607 1610
1607 1611
1607 1612
1608 1610
1608 1611
1608 1612
1609 1616
1609 1617
1609 1618
1610 1613
1610 1614
1610 1615
1611 1613
1611 1614
1611 1615
1612 1619
1612 1620
1612 1621
1613 1616
1613 1617
1613 1618
1614 1616
1614 1617
1614 1618
1615 1622
1615 1623
1615 1624
1616 1619
1616 1620
1616 1621
1617 1619
1617 1620
1617 1621
1619 1622
1619 1623
1619 1624
1620 1622
1620 1623
1620 1624
1625 1630
1625 1633
1626 1631
1626 1632
1626 1634
1626 1635
1626 1665
1627 1630
1627 1633
1628 1630
1628 1633
1629 1636
1629 1662
1629 1666
1629 1669
1630 1634
1630 1635
1630 1661
1630 1663
1630 1664
1630 1667
1630 1668
1630 1670
1630 1671
1630 1701
1631 1633
1631 1662
1631 1666
1631 1669
1632 1633
1632 1662
1632 1666
1632 1669
1633 1637
1633 1638
1633 1639
1633 1665
1634 1636
1635 1640
1635 1641
1635 1648
1636 1642
1636 1643
1636 1644
1636 1649
1636 1650
1636 1651
1637 1640
1637 1641
1637 1648
1638 1640
1638 1641
1638 1648
1639 1645
1639 1646
1639 1647
1639 1652
1639 1653
1639 1654
1640 1642
1640 1643
1640 1644
1640 1649
1640 1650
1640 1651
1641 1649
1641 1650
1641 1651
1642 1645
1642 1646
1642 1647
1642 1648
1643 1645
1643 1646
1643 1647
1643 1648
1644 1648
1648 1655
1648 1656
1648 1657
1649 1652
1649 1653
1649 1654
1650 1652
1650 1653
1650 1654
1651 1658
1651 1659
1651 1660
1652 1655
1652 1656
1652 1657
1653 1655
1653 1656
1653 1657
1655 1658
1655 1659
1655 1660
1656 1658
1656 1659
1656 1660
1661 1666
1661 1669
1662 1667
1662 1668
1662 1670
1662 1671
1662 1701
1663 1666
1663 1669
1664 1666
1664 1669
1665 1672
1665 1698
1665 1702
1665 1705
1666 1670
1666 1671
1666 1697
1666 1699
1666 1700
1666 1703
1666 1704
1666 1706
1666 1707
1666 1737
1667 1669
1667 1698
1667 1702
1667 1705
1668 1669
1668 1698
1668 1702
1668 1705
1669 1673
1669 1674
1669 1675
1669 1701
1670 1672
1671 1676
1671 1677
1671 1684
1672 1678
1672 1679
1672 1680
1672 1685
1672 1686
1672 1687
1673 1676
1673 1677
1673 1684
1674 1676
1674 1677
1674 1684
1675 1681
1675 1682
1675 1683
1675 1688
1675 1689
1675 1690
1676 1678
1676 1679
1676 1680
1676 1685
1676 1686
1676 1687
1677 1685
1677 1686
1677 1687
1678 1681
1678 1682
1678 1683
1678 1684
1679 1681
1679 1682
1679 1683
1679 1684
1680 1684
1684 1691
1684 1692
1684 1693
1685 1688
1685 1689
1685 1690
1686 1688
1686 1689
1686 1690
1687 1694
1687 1695
1687 1696
1688 1691
1688 1692
1688 1693
1689 1691
1689 1692
1689 1693
1691 1694
1691 1695
1691 1696
1692 1694
1692 1695
1692 1696
1697 1702
1697 1705
1698 1703
1698 1704
1698 1706
1698 1707
1698 1737
1699 1702
1699 1705
1700 1702
1700 1705
1701 1708
1701 1734
1701 1738
1701 1741
1702 1706
1702 1707
1702 1733
1702 1735
1702 1736
1702 1739
1702 1740
1702 1742
1702 1743
1702 1785
1703 1705
1703 1734
1703 1738
1703 1741
1704 1705
1704 1734
1704 1738
1704 1741
1705 1709
1705 1710
1705 1711
1705 1737
1706 1708
1707 1712
1707 1713
1707 1720
1708 1714
1708 1715
1708 1716
1708 1721
1708 1722
1708 1723
1709 1712
1709 1713
1709 1720
1710 1712
1710 1713
1710 1720
1711 1717
1711 1718
1711 1719
1711 1724
1711 1725
1711 1726
1712 1714
1712 1715
1712 1716
1712 1721
1712 1722
1712 1723
1713 1721
1713 1722
1713 1723
1714 1717
1714 1718
1714 1719
1714 1720
1715 1717
1715 1718
1715 1719
1715 1720
1716 1720
1720 1727
1720 1728
1720 1729
1721 1724
1721 1725
1721 1726
1722 1724
1722 1725
1722 1726
1723 1730
1723 1731
1723 1732
1724 1727
1724 1728
1724 1729
1725 1727
1725 1728
1725 1729
1727 1730
1727 1731
1727 1732
1728 1730
1728 1731
1728 1732
1733 1738
1733 1741
1734 1739
1734 1740
1734 1742
1734 1743
1734 1785
1735 1738
1735 1741
1736 1738
1736 1741
1737 1744
1737 1782
1737 1786
1737 1789
1738 1742
1738 1743
1738 1781
1738 1783
1738 1784
1738 1787
1738 1788
1738 1790
1738 1791
1738 1833
1739 1741
1739 1782
1739 1786
1739 1789
1740 1741
1740 1782
1740 1786
1740 1789
1741 1745
1741 1746
1741 1747
1741 1785
1742 1744
1743 1748
1743 1749
1743 1750
1744 1751
1744 1752
1744 1753
1745 1748
1745 1749
1745 1750
1746 1748
1746 1749
1746 1750
1747 1754
1747 1755
1747 1756
1748 1751
1748 1752
1748 1753
1749 1751
1749 1752
1749 1753
1750 1757
1750 1758
1750 1759
1751 1754
1751 1755
1751 1756
1752 1754
1752 1755
1752 1756
1753 1760
1753 1761
1753 1762
1754 1757
1754 1758
1754 1759
1755 1757
1755 1758
1755 1759
1756 1763
1756 1764
1756 1765
1757 1760
1757 1761
1757 1762
1758 1760
1758 1761
1758 1762
1759 1766
1759 1767
1759 1768
1760 1763
1760 1764
1760 1765
1761 1763
1761 1764
1761 1765
1762 1769
1762 1770
1762 1771
1763 1766
1763 1767
1763 1768
1764 1766
1764 1767
1764 1768
1765 1772
1765 1773
1765 1774
1766 1769
1766 1770
1766 1771
1767 1769
1767 1770
1767 1771
1768 1775
1768 1776
1768 1777
1769 1772
1769 1773
1769 1774
1770 1772
1770 1773
1770 1774
1771 1778
1771 1779
1771 1780
1772 1775
1772 1776
1772 1777
1773 1775
1773 1776
1773 1777
1775 1778
1775 1779
1775 1780
1776 1778
1776 1779
1776 1780
1781 1786
1781 1789
1782 1787
1782 1788
1782 1790
1782 1791
1782 1833
1783 1786
1783 1789
1784 1786
1784 1789
1785 1792
1785 1830
1785 1834
1785 1837
1786 1790
1786 1791
1786 1829
1786 1831
1786 1832
1786 1835
1786 1836
1786 1838
1786 1839
1786 1869
1787 1789
1787 1830
1787 1834
1787 1837
1788 1789
1788 1830
1788 1834
1788 1837
1789 1793
1789 1794
1789 1795
1789 1833
1790 1792
1791 1796
1791 1797
1791 1798
1792 1799
1792 1800
1792 1801
1793 1796
1793 1797
1793 1798
1794 1796
1794 1797
1794 1798
1795 1802
1795 1803
1795 1804
1796 1799
1796 1800
1796 1801
1797 1799
1797 1800
1797 1801
1798 1805
1798 1806
1798 1807
1799 1802
1799 1803
1799 1804
1800 1802
1800 1803
1800 1804
1801 1808
1801 1809
1801 1810
1802 1805
1802 1806
1802 1807
1803 1805
1803 1806
1803 1807
1804 1811
1804 1812
1804 1813
1805 1808
1805 1809
1805 1810
1806 1808
1806 1809
1806 1810
1807 1814
1807 1815
1807 1816
1808 1811
1808 1812
1808 1813
1809 1811
1809 1812
1809 1813
1810 1817
1810 1818
1810 1819
1811 1814
1811 1815
1811 1816
1812 1814
1812 1815
1812 1816
1813 1820
1813 1821
1813 1822
1814 1817
1814 1818
1814 1819
1815 1817
1815 1818
1815 1819
1816 1823
1816 1824
1816 1825
1817 1820
1817 1821
1817 1822
1818 1820
1818 1821
1818 1822
1819 1826
1819 1827
1819 1828
1820 1823
1820 1824
1820 1825
1821 1823
1821 1824
1821 1825
1823 1826
1823 1827
1823 1828
1824 1826
1824 1827
1824 1828
1829 1834
1829 1837
1830 1835
1830 1836
1830 1838
1830 1839
1830 1869
1831 1834
1831 1837
1832 1834
1832 1837
1833 1840
1833 1866
1833 1870
1833 1873
1834 1838
1834 1839
1834 1865
1834 1867
1834 1868
1834 1871
1834 1872
1834 1874
1834 1875
1834 1935
1835 1837
1835 1866
1835 1870
1835 1873
1836 1837
1836 1866
1836 1870
1836 1873
1837 1841
1837 1842
1837 1843
1837 1869
1838 1840
1839 1844
1839 1845
1839 1852
1840 1846
1840 1847
1840 1848
1840 1853
1840 1854
1840 1855
1841 1844
1841 1845
1841 1852
1842 1844
1842 1845
1842 1852
1843 1849
1843 1850
1843 1851
1843 1856
1843 1857
1843 1858
1844 1846
1844 1847
1844 1848
1844 1853
1844 1854
1844 1855
1845 1853
1845 1854
1845 1855
1846 1849
1846 1850
1846 1851
1846 1852
1847 1849
1847 1850
1847 1851
1847 1852
1848 1852
1852 1859
1852 1860
1852 1861
1853 1856
1853 1857
1853 1858
1854 1856
1854 1857
1854 1858
1855 1862
1855 1863
1855 1864
1856 1859
1856 1860
1856 1861
1857 1859
1857 1860
1857 1861
1859 1862
1859 1863
1859 1864
1860 1862
1860 1863
1860 1864
1865 1870
1865 1873
1866 1871
1866 1872
1866 1874
1866 1875
1866 1935
1867 1870
1867 1873
1868 1870
1868 1873
1869 1876
1869 1932
1869 1936
1869 1939
1870 1874
1870 1875
1870 1931
1870 1933
1870 1934
1870 1937
1870 1938
1870 1940
1870 1941
1870 2001
1871 1873
1871 1932
1871 1936
1871 1939
1872 1873
1872 1932
1872 1936
1872 1939
1873 1877
1873 1878
1873 1879
1873 1935
1874 1876
1875 1880
1875 1881
1875 1882
1876 1883
1876 1884
1876 1885
1877 1880
1877 1881
1877 1882
1878 1880
1878 1881
1878 1882
1879 1886
1879 1887
1879 1888
1880 1883
1880 1884
1880 1885
1881 1883
1881 1884
1881 1885
1882 1889
1882 1890
1882 1891
1883 1886
1883 1887
1883 1888
1884 1886
1884 1887
1884 1888
1885 1892
1885 1893
1885 1894
1886 1889
1886 1890
1886 1891
1887 1889
1887 1890
1887 1891
1888 1895
1888 1896
1888 1897
1889 1892
1889 1893
1889 1894
1890 1892
1890 1893
1890 1894
1891 1898
1891 1899
1891 1900
1892 1895
1892 1896
1892 1897
1893 1895
1893 1896
1893 1897
1894 1901
1894 1902
1894 1903
1895 1898
1895 1899
1895 1900
1896 1898
1896 1899
1896 1900
1897 1904
1897 1905
1897 1906
1898 1901
1898 1902
1898 1903
1899 1901
1899 1902
1899 1903
1900 1907
1900 1908
1900 1909
1901 1904
1901 1905
1901 1906
1902 1904
1902 1905
1902 1906
1903 1910
1903 1911
1903 1912
1904 1907
1904 1908
1904 1909
1905 1907
1905 1908
1905 1909
1906 1913
1906 1914
1906 1915
1907 1910
1907 1911
1907 1912
1908 1910
1908 1911
1908 1912
1909 1916
1909 1917
1909 1918
1910 1913
1910 1914
1910 1915
1911 1913
1911 1914
1911 1915
1912 1919
1912 1920
1912 1921
1913 1916
1913 1917
1913 1918
1914 1916
1914 1917
1914 1918
1915 1922
1915 1923
1915 1924
1916 1919
1916 1920
1916 1921
1917 1919
1917 1920
1917 1921
1918 1925
1918 1926
1918 1927
1919 1922
1919 1923
1919 1924
1920 1922
1920 1923
1920 1924
1921 1928
1921 1929
1921 1930
1922 1925
1922 1926
1922 1927
1923 1925
1923 1926
1923 1927
1925 1928
1925 1929
1925 1930
1926 1928
1926 1929
1926 1930
1931 1936
1931 1939
1932 1937
1932 1938
1932 1940
1932 1941
1932 2001
1933 1936
1933 1939
1934 1936
1934 1939
1935 1942
1935 1998
1935 2002
1935 2005
1936 1940
1936 1941
1936 1997
1936 1999
1936 2000
1936 2003
1936 2004
1936 2006
1936 2007
1936 2049
1937 1939
1937 1998
1937 2002
1937 2005
1938 1939
1938 1998
1938 2002
1938 2005
1939 1943
1939 1944
1939 1945
1939 2001
1940 1942
1941 1946
1941 1947
1941 1948
1942 1949
1942 1950
1942 1951
1943 1946
1943 1947
1943 1948
1944 1946
1944 1947
1944 1948
1945 1952
1945 1953
1945 1954
1946 1949
1946 1950
1946 1951
1947 1949
1947 1950
1947 1951
1948 1955
1948 1956
1948 1957
1949 1952
1949 1953
1949 1954
1950 1952
1950 1953
1950 1954
1951 1958
1951 1959
1951 1960
1952 1955
1952 1956
1952 1957
1953 1955
1953 1956
1953 1957
1954 1961
1954 1962
1954 1963
1955 1958
1955 1959
1955 1960
1956 1958
1956 1959
1956 1960
1957 1964
1957 1965
1957 1966
1958 1961
1958 1962
1958 1963
1959 1961
1959 1962
1959 1963
1960 1967
1960 1968
1960 1969
1961 1964
1961 1965
1961 1966
1962 1964
1962 1965
1962 1966
1963 1970
1963 1971
1963 1972
1964 1967
1964 1968
1964 1969
1965 1967
1965 1968
1965 1969
1966 1973
1966 1974
1966 1975
1967 1970
1967 1971
1967 1972
1968 1970
1968 1971
1968 1972
1969 1976
1969 1977
1969 1978
1970 1973
1970 1974
1970 1975
1971 1973
1971 1974
1971 1975
1972 1979
1972 1980
1972 1981
1973 1976
1973 1977
1973 1978
1974 1976
1974 1977
1974 1978
1975 1982
1975 1983
1975 1984
1976 1979
1976 1980
1976 1981
1977 1979
1977 1980
1977 1981
1978 1985
1978 1986
1978 1987
1979 1982
1979 1983
1979 1984
1980 1982
1980 1983
1980 1984
1981 1988
1981 1989
1981 1990
1982 1985
1982 1986
1982 1987
1983 1985
1983 1986
1983 1987
1984 1991
1984 1992
1984 1993
1985 1988
1985 1989
1985 1990
1986 1988
1986 1989
1986 1990
1987 1994
1987 1995
1987 1996
1988 1991
1988 1992
1988 1993
1989 1991
1989 1992
1989 1993
1991 1994
1991 1995
1991 1996
1992 1994
1992 1995
1992 1996
1997 2002
1997 2005
1998 2003
1998 2004
1998 2006
1998 2007
1998 2049
1999 2002
1999 2005
2000 2002
2000 2005
2001 2008
2001 2046
2001 2050
2001 2053
2002 2006
2002 2007
2002 2045
2002 2047
2002 2048
2002 2051
2002 2052
2002 2054
2002 2055
2002 2115
2003 2005
2003 2046
2003 2050
2003 2053
2004 2005
2004 2046
2004 2050
2004 2053
2005 2009
2005 2010
2005 2011
2005 2049
2006 2008
2007 2012
2007 2013
2007 2014
2008 2015
2008 2016
2008 2017
2009 2012
2009 2013
2009 2014
2010 2012
2010 2013
2010 2014
2011 2018
2011 2019
2011 2020
2012 2015
2012 2016
2012 2017
2013 2015
2013 2016
2013 2017
2014 2021
2014 2022
2014 2023
2015 2018
2015 2019
2015 2020
2016 2018
2016 2019
2016 2020
2017 2024
2017 2025
2017 2026
2018 2021
2018 2022
2018 2023
2019 2021
2019 2022
2019 2023
2020 2027
2020 2028
2020 2029
2021 2024
2021 2025
2021 2026
2022 2024
2022 2025
2022 2026
2023 2030
2023 2031
2023 2032
2024 2027
2024 2028
2024 2029
2025 2027
2025 2028
2025 2029
2026 2033
2026 2034
2026 2035
2027 2030
2027 2031
2027 2032
2028 2030
2028 2031
2028 2032
2029 2036
2029 2037
2029 2038
2030 2033
2030 2034
2030 2035
2031 2033
2031 2034
2031 2035
2032 2039
2032 2040
2032 2041
2033 2036
2033 2037
2033 2038
2034 2036
2034 2037
2034 2038
2035 2042
2035 2043
2035 2044
2036 2039
2036 2040
2036 2041
2037 2039
2037 2040
2037 2041
2039 2042
2039 2043
2039 2044
2040 2042
2040 2043
2040 2044
2045 2050
2045 2053
2046 2051
2046 2052
2046 2054
2046 2055
2046 2115
2047 2050
2047 2053
2048 2050
2048 2053
2049 2056
2049 2112
2049 2116
2049 2119
2050 2054
2050 2055
2050 2111
2050 2113
2050 2114
2050 2117
2050 2118
2050 2120
2050 2121
2050 2181
2051 2053
2051 2112
2051 2116
2051 2119
2052 2053
2052 2112
2052 2116
2052 2119
2053 2057
2053 2058
2053 2059
2053 2115
2054 2056
2055 2060
2055 2061
2055 2062
2056 2063
2056 2064
2056 2065
2057 2060
2057 2061
2057 2062
2058 2060
2058 2061
2058 2062
2059 2066
2059 2067
2059 2068
2060 2063
2060 2064
2060 2065
2061 2063
2061 2064
2061 2065
2062 2069
2062 2070
2062 2071
2063 2066
2063 2067
2063 2068
2064 2066
2064 2067
2064 2068
2065 2072
2065 2073
2065 2074
2066 2069
2066 2070
2066 2071
2067 2069
2067 2070
2067 2071
2068 2075
2068 2076
2068 2077
2069 2072
2069 2073
2069 2074
2070 2072
2070 2073
2070 2074
2071 2078
2071 2079
2071 2080
2072 2075
2072 2076
2072 2077
2073 2075
2073 2076
2073 2077
2074 2081
2074 2082
2074 2083
2075 2078
2075 2079
2075 2080
2076 2078
2076 2079
2076 2080
2077 2084
2077 2085
2077 2086
2078 2081
2078 2082
2078 2083
2079 2081
2079 2082
2079 2083
2080 2087
2080 2088
2080 2089
2081 2084
2081 2085
2081 2086
2082 2084
2082 2085
2082 2086
2083 2090
2083 2091
2083 2092
2084 2087
2084 2088
2084 2089
2085 2087
2085 2088
2085 2089
2086 2093
2086 2094
2086 2095
2087 2090
2087 2091
2087 2092
2088 2090
2088 2091
2088 2092
2089 2096
2089 2097
2089 2098
2090 2093
2090 2094
2090 2095
2091 2093
2091 2094
2091 2095
2092 2099
2092 2100
2092 2101
2093 2096
2093 2097
2093 2098
2094 2096
2094 2097
2094 2098
2095 2102
2095 2103
2095 2104
2096 2099
2096 2100
2096 2101
2097 2099
2097 2100
2097 2101
2098 2105
2098 2106
2098 2107
2099 2102
2099 2103
2099 2104
2100 2102
2100 2103
2100 2104
2101 2108
2101 2109
2101 2110
2102 2105
2102 2106
2102 2107
2103 2105
2103 2106
2103 2107
2105 2108
2105 2109
2105 2110
2106 2108
2106 2109
2106 2110
2111 2116
2111 2119
2112 2117
2112 2118
2112 2120
2112 2121
2112 2181
2113 2116
2113 2119
2114 2116
2114 2119
2115 2122
2115 2178
2115 2182
2115 2185
2116 2120
2116 2121
2116 2177
2116 2179
2116 2180
2116 2183
2116 2184
2116 2186
2116 2187
2116 2217
2117 2119
2117 2178
2117 2182
2117 2185
2118 2119
2118 2178
2118 2182
2118 2185
2119 2123
2119 2124
2119 2125
2119 2181
2120 2122
2121 2126
2121 2127
2121 2128
2122 2129
2122 2130
2122 2131
2123 2126
2123 2127
2123 2128
2124 2126
2124 2127
2124 2128
2125 2132
2125 2133
2125 2134
2126 2129
2126 2130
2126 2131
2127 2129
2127 2130
2127 2131
2128 2135
2128 2136
2128 2137
2129 2132
2129 2133
2129 2134
2130 2132
2130 2133
2130 2134
2131 2138
2131 2139
2131 2140
2132 2135
2132 2136
2132 2137
2133 2135
2133 2136
2133 2137
2134 2141
2134 2142
2134 2143
2135 2138
2135 2139
2135 2140
2136 2138
2136 2139
2136 2140
2137 2144
2137 2145
2137 2146
2138 2141
2138 2142
2138 2143
2139 2141
2139 2142
2139 2143
2140 2147
2140 2148
2140 2149
2141 2144
2141 2145
2141 2146
2142 2144
2142 2145
2142 2146
2143 2150
2143 2151
2143 2152
2144 2147
2144 2148
2144 2149
2145 2147
2145 2148
2145 2149
2146 2153
2146 2154
2146 2155
2147 2150
2147 2151
2147 2152
2148 2150
2148 2151
2148 2152
2149 2156
2149 2157
2149 2158
2150 2153
2150 2154
2150 2155
2151 2153
2151 2154
2151 2155
2152 2159
2152 2160
2152 2161
2153 2156
2153 2157
2153 2158
2154 2156
2154 2157
2154 2158
2155 2162
2155 2163
2155 2164
2156 2159
2156 2160
2156 2161
2157 2159
2157 2160
2157 2161
2158 2165
2158 2166
2158 2167
2159 2162
2159 2163
2159 2164
2160 2162
2160 2163
2160 2164
2161 2168
2161 2169
2161 2170
2162 2165
2162 2166
2162 2167
2163 2165
2163 2166
2163 2167
2164 2171
2164 2172
2164 2173
2165 2168
2165 2169
2165 2170
2166 2168
2166 2169
2166 2170
2167 2174
2167 2175
2167 2176
2168 2171
2168 2172
2168 2173
2169 2171
2169 2172
2169 2173
2171 2174
2171 2175
2171 2176
2172 2174
2172 2175
2172 2176
2177 2182
2177 2185
2178 2183
2178 2184
2178 2186
2178 2187
2178 2217
2179 2182
2179 2185
2180 2182
2180 2185
2181 2188
2181 2214
2181 2218
2181 2221
2182 2186
2182 2187
2182 2213
2182 2215
2182 2216
2182 2219
2182 2220
2182 2222
2182 2223
2182 2253
2183 2185
2183 2214
2183 2218
2183 2221
2184 2185
2184 2214
2184 2218
2184 2221
2185 2189
2185 2190
2185 2191
2185 2217
2186 2188
2187 2192
2187 2193
2187 2200
2188 2194
2188 2195
2188 2196
2188 2201
2188 2202
2188 2203
2189 2192
2189 2193
2189 2200
2190 2192
2190 2193
2190 2200
2191 2197
2191 2198
2191 2199
2191 2204
2191 2205
2191 2206
2192 2194
2192 2195
2192 2196
2192 2201
2192 2202
2192 2203
2193 2201
2193 2202
2193 2203
2194 2197
2194 2198
2194 2199
2194 2200
2195 2197
2195 2198
2195 2199
2195 2200
2196 2200
2200 2207
2200 2208
2200 2209
2201 2204
2201 2205
2201 2206
2202 2204
2202 2205
2202 2206
2203 2210
2203 2211
2203 2212
2204 2207
2204 2208
2204 2209
2205 2207
2205 2208
2205 2209
2207 2210
2207 2211
2207 2212
2208 2210
2208 2211
2208 2212
2213 2218
2213 2221
2214 2219
2214 2220
2214 2222
2214 2223
2214 2253
2215 2218
2215 2221
2216 2218
2216 2221
2217 2224
2217 2250
2217 2254
2217 2257
2218 2222
2218 2223
2218 2249
2218 2251
2218 2252
2218 2255
2218 2256
2218 2258
2218 2259
2218 2289
2219 2221
2219 2250
2219 2254
2219 2257
2220 2221
2220 2250
2220 2254
2220 2257
2221 2225
2221 2226
2221 2227
2221 2253
2222 2224
2223 2228
2223 2229
2223 2236
2224 2230
2224 2231
2224 2232
2224 2237
2224 2238
2224 2239
2225 2228
2225 2229
2225 2236
2226 2228
2226 2229
2226 2236
2227 2233
2227 2234
2227 2235
2227 2240
2227 2241
2227 2242
2228 2230
2228 2231
2228 2232
2228 2237
2228 2238
2228 2239
2229 2237
2229 2238
2229 2239
2230 2233
2230 2234
2230 2235
2230 2236
2231 2233
2231 2234
2231 2235
2231 2236
2232 2236
2236 2243
2236 2244
2236 2245
2237 2240
2237 2241
2237 2242
2238 2240
2238 2241
2238 2242
2239 2246
2239 2247
2239 2248
2240 2243
2240 2244
2240 2245
2241 2243
2241 2244
2241 2245
2243 2246
2243 2247
2243 2248
2244 2246
2244 2247
2244 2248
2249 2254
2249 2257
2250 2255
2250 2256
2250 2258
2250 2259
2250 2289
2251 2254
2251 2257
2252 2254
2252 2257
2253 2260
2253 2286
2253 2290
2253 2293
2254 2258
2254 2259
2254 2285
2254 2287
2254 2288
2254 2291
2254 2292
2254 2294
2254 2295
2254 2337
2255 2257
2255 2286
2255 2290
2255 2293
2256 2257
2256 2286
2256 2290
2256 2293
2257 2261
2257 2262
2257 2263
2257 2289
2258 2260
2259 2264
2259 2265
2259 2272
2260 2266
2260 2267
2260 2268
2260 2273
2260 2274
2260 2275
2261 2264
2261 2265
2261 2272
2262 2264
2262 2265
2262 2272
2263 2269
2263 2270
2263 2271
2263 2276
2263 2277
2263 2278
2264 2266
2264 2267
2264 2268
2264 2273
2264 2274
2264 2275
2265 2273
2265 2274
2265 2275
2266 2269
2266 2270
2266 2271
2266 2272
2267 2269
2267 2270
2267 2271
2267 2272
2268 2272
2272 2279
2272 2280
2272 2281
2273 2276
2273 2277
2273 2278
2274 2276
2274 2277
2274 2278
2275 2282
2275 2283
2275 2284
2276 2279
2276 2280
2276 2281
2277 2279
2277 2280
2277 2281
2279 2282
2279 2283
2279 2284
2280 2282
2280 2283
2280 2284
2285 2290
2285 2293
2286 2291
2286 2292
2286 2294
2286 2295
2286 2337
2287 2290
2287 2293
2288 2290
2288 2293
2289 2296
2289 2334
2289 2338
2289 2341
2290 2294
2290 2295
2290 2333
2290 2335
2290 2336
2290 2339
2290 2340
2290 2342
2290 2343
2290 2373
2291 2293
2291 2334
2291 2338
2291 2341
2292 2293
2292 2334
2292 2338
2292 2341
2293 2297
2293 2298
2293 2299
2293 2337
2294 2296
2295 2300
2295 2301
2295 2302
2296 2303
2296 2304
2296 2305
2297 2300
2297 2301
2297 2302
2298 2300
2298 2301
2298 2302
2299 2306
2299 2307
2299 2308
2300 2303
2300 2304
2300 2305
2301 2303
2301 2304
2301 2305
2302 2309
2302 2310
2302 2311
2303 2306
2303 2307
2303 2308
2304 2306
2304 2307
2304 2308
2305 2312
2305 2313
2305 2314
2306 2309
2306 2310
2306 2311
2307 2309
2307 2310
2307 2311
2308 2315
2308 2316
2308 2317
2309 2312
2309 2313
2309 2314
2310 2312
2310 2313
2310 2314
2311 2318
2311 2319
2311 2320
2312 2315
2312 2316
2312 2317
2313 2315
2313 2316
2313 2317
2314 2321
2314 2322
2314 2323
2315 2318
2315 2319
2315 2320
2316 2318
2316 2319
2316 2320
2317 2324
2317 2325
2317 2326
2318 2321
2318 2322
2318 2323
2319 2321
2319 2322
2319 2323
2320 2327
2320 2328
2320 2329
2321 2324
2321 2325
2321 2326
2322 2324
2322 2325
2322 2326
2323 2330
2323 2331
2323 2332
2324 2327
2324 2328
2324 2329
2325 2327
2325 2328
2325 2329
2327 2330
2327 2331
2327 2332
2328 2330
2328 2331
2328 2332
2333 2338
2333 2341
2334 2339
2334 2340
2334 2342
2334 2343
2334 2373
2335 2338
2335 2341
2336 2338
2336 2341
2337 2344
2337 2370
2337 2374
2337 2377
2338 2342
2338 2343
2338 2369
2338 2371
2338 2372
2338 2375
2338 2376
2338 2378
2338 2379
2338 2409
2339 2341
2339 2370
2339 2374
2339 2377
2340 2341
2340 2370
2340 2374
2340 2377
2341 2345
2341 2346
2341 2347
2341 2373
2342 2344
2343 2348
2343 2349
2343 2356
2344 2350
2344 2351
2344 2352
2344 2357
2344 2358
2344 2359
2345 2348
2345 2349
2345 2356
2346 2348
2346 2349
2346 2356
2347 2353
2347 2354
2347 2355
2347 2360
2347 2361
2347 2362
2348 2350
2348 2351
2348 2352
2348 2357
2348 2358
2348 2359
2349 2357
2349 2358
2349 2359
2350 2353
2350 2354
2350 2355
2350 2356
2351 2353
2351 2354
2351 2355
2351 2356
2352 2356
2356 2363
2356 2364
2356 2365
2357 2360
2357 2361
2357 2362
2358 2360
2358 2361
2358 2362
2359 2366
2359 2367
2359 2368
2360 2363
2360 2364
2360 2365
2361 2363
2361 2364
2361 2365
2363 2366
2363 2367
2363 2368
2364 2366
2364 2367
2364 2368
2369 2374
2369 2377
2370 2375
2370 2376
2370 2378
2370 2379
2370 2409
2371 2374
2371 2377
2372 2374
2372 2377
2373 2380
2373 2406
2373 2410
2373 2413
2374 2378
2374 2379
2374 2405
2374 2407
2374 2408
2374 2411
2374 2412
2374 2414
2374 2415
2374 2475
2375 2377
2375 2406
2375 2410
2375 2413
2376 2377
2376 2406
2376 2410
2376 2413
2377 2381
2377 2382
2377 2383
2377 2409
2378 2380
2379 2384
2379 2385
2379 2392
2380 2386
2380 2387
2380 2388
2380 2393
2380 2394
2380 2395
2381 2384
2381 2385
2381 2392
2382 2384
2382 2385
2382 2392
2383 2389
2383 2390
2383 2391
2383 2396
2383 2397
2383 2398
2384 2386
2384 2387
2384 2388
2384 2393
2384 2394
2384 2395
2385 2393
2385 2394
2385 2395
2386 2389
2386 2390
2386 2391
2386 2392
2387 2389
2387 2390
2387 2391
2387 2392
2388 2392
2392 2399
2392 2400
2392 2401
2393 2396
2393 2397
2393 2398
2394 2396
2394 2397
2394 2398
2395 2402
2395 2403
2395 2404
2396 2399
2396 2400
2396 2401
2397 2399
2397 2400
2397 2401
2399 2402
2399 2403
2399 2404
2400 2402
2400 2403
2400 2404
2405 2410
2405 2413
2406 2411
2406 2412
2406 2414
2406 2415
2406 2475
2407 2410
2407 2413
2408 2410
2408 2413
2409 2416
2409 2472
2409 2476
2409 2479
2410 2414
2410 2415
2410 2471
2410 2473
2410 2474
2410 2477
2410 2478
2410 2480
2410 2481
2410 2511
2411 2413
2411 2472
2411 2476
2411 2479
2412 2413
2412 2472
2412 2476
2412 2479
2413 2417
2413 2418
2413 2419
2413 2475
2414 2416
2415 2420
2415 2421
2415 2422
2416 2423
2416 2424
2416 2425
2417 2420
2417 2421
2417 2422
2418 2420
2418 2421
2418 2422
2419 2426
2419 2427
2419 2428
2420 2423
2420 2424
2420 2425
2421 2423
2421 2424
2421 2425
2422 2429
2422 2430
2422 2431
2423 2426
2423 2427
2423 2428
2424 2426
2424 2427
2424 2428
2425 2432
2425 2433
2425 2434
2426 2429
2426 2430
2426 2431
2427 2429
2427 2430
2427 2431
2428 2435
2428 2436
2428 2437
2429 2432
2429 2433
2429 2434
2430 2432
2430 2433
2430 2434
2431 2438
2431 2439
2431 2440
2432 2435
2432 2436
2432 2437
2433 2435
2433 2436
2433 2437
2434 2441
2434 2442
2434 2443
2435 2438
2435 2439
2435 2440
2436 2438
2436 2439
2436 2440
2437 2444
2437 2445
2437 2446
2438 2441
2438 2442
2438 2443
2439 2441
2439 2442
2439 2443
2440 2447
2440 2448
2440 2449
2441 2444
2441 2445
2441 2446
2442 2444
2442 2445
2442 2446
2443 2450
2443 2451
2443 2452
2444 2447
2444 2448
2444 2449
2445 2447
2445 2448
2445 2449
2446 2453
2446 2454
2446 2455
2447 2450
2447 2451
2447 2452
2448 2450
2448 2451
2448 2452
2449 2456
2449 2457
2449 2458
2450 2453
2450 2454
2450 2455
2451 2453
2451 2454
2451 2455
2452 2459
2452 2460
2452 2461
2453 2456
2453 2457
2453 2458
2454 2456
2454 2457
2454 2458
2455 2462
2455 2463
2455 2464
2456 2459
2456 2460
2456 2461
2457 2459
2457 2460
2457 2461
2458 2465
2458 2466
2458 2467
2459 2462
2459 2463
2459 2464
2460 2462
2460 2463
2460 2464
2461 2468
2461 2469
2461 2470
2462 2465
2462 2466
2462 2467
2463 2465
2463 2466
2463 2467
2465 2468
2465 2469
2465 2470
2466 2468
2466 2469
2466 2470
2471 2476
2471 2479
2472 2477
2472 2478
2472 2480
2472 2481
2472 2511
2473 2476
2473 2479
2474 2476
2474 2479
2475 2482
2475 2508
2475 2512
2475 2515
2476 2480
2476 2481
2476 2507
2476 2509
2476 2510
2476 2513
2476 2514
2476 2516
2476 2517
2476 2577
2477 2479
2477 2508
2477 2512
2477 2515
2478 2479
2478 2508
2478 2512
2478 2515
2479 2483
2479 2484
2479 2485
2479 2511
2480 2482
2481 2486
2481 2487
2481 2494
2482 2488
2482 2489
2482 2490
2482 2495
2482 2496
2482 2497
2483 2486
2483 2487
2483 2494
2484 2486
2484 2487
2484 2494
2485 2491
2485 2492
2485 2493
2485 2498
2485 2499
2485 2500
2486 2488
2486 2489
2486 2490
2486 2495
2486 2496
2486 2497
2487 2495
2487 2496
2487 2497
2488 2491
2488 2492
2488 2493
2488 2494
2489 2491
2489 2492
2489 2493
2489 2494
2490 2494
2494 2501
2494 2502
2494 2503
2495 2498
2495 2499
2495 2500
2496 2498
2496 2499
2496 2500
2497 2504
2497 2505
2497 2506
2498 2501
2498 2502
2498 2503
2499 2501
2499 2502
2499 2503
2501 2504
2501 2505
2501 2506
2502 2504
2502 2505
2502 2506
2507 2512
2507 2515
2508 2513
2508 2514
2508 2516
2508 2517
2508 2577
2509 2512
2509 2515
2510 2512
2510 2515
2511 2518
2511 2574
2511 2578
2511 2581
2512 2516
2512 2517
2512 2573
2512 2575
2512 2576
2512 2579
2512 2580
2512 2582
2512 2583
2512 2613
2513 2515
2513 2574
2513 2578
2513 2581
2514 2515
2514 2574
2514 2578
2514 2581
2515 2519
2515 2520
2515 2521
2515 2577
2516 2518
2517 2522
2517 2523
2517 2524
2518 2525
2518 2526
2518 2527
2519 2522
2519 2523
2519 2524
2520 2522
2520 2523
2520 2524
2521 2528
2521 2529
2521 2530
2522 2525
2522 2526
2522 2527
2523 2525
2523 2526
2523 2527
2524 2531
2524 2532
2524 2533
2525 2528
2525 2529
2525 2530
2526 2528
2526 2529
2526 2530
2527 2534
2527 2535
2527 2536
2528 2531
2528 2532
2528 2533
2529 2531
2529 2532
2529 2533
2530 2537
2530 2538
2530 2539
2531 2534
2531 2535
2531 2536
2532 2534
2532 2535
2532 2536
2533 2540
2533 2541
2533 2542
2534 2537
2534 2538
2534 2539
2535 2537
2535 2538
2535 2539
2536 2543
2536 2544
2536 2545
2537 2540
2537 2541
2537 2542
2538 2540
2538 2541
2538 2542
2539 2546
2539 2547
2539 2548
2540 2543
2540 2544
2540 2545
2541 2543
2541 2544
2541 2545
2542 2549
2542 2550
2542 2551
2543 2546
2543 2547
2543 2548
2544 2546
2544 2547
2544 2548
2545 2552
2545 2553
2545 2554
2546 2549
2546 2550
2546 2551
2547 2549
2547 2550
2547 2551
2548 2555
2548 2556
2548 2557
2549 2552
2549 2553
2549 2554
2550 2552
2550 2553
2550 2554
2551 2558
2551 2559
2551 2560
2552 2555
2552 2556
2552 2557
2553 2555
2553 2556
2553 2557
2554 2561
2554 2562
2554 2563
2555 2558
2555 2559
2555 2560
2556 2558
2556 2559
2556 2560
2557 2564
2557 2565
2557 2566
2558 2561
2558 2562
2558 2563
2559 2561
2559 2562
2559 2563
2560 2567
2560 2568
2560 2569
2561 2564
2561 2565
2561 2566
2562 2564
2562 2565
2562 2566
2563 2570
2563 2571
2563 2572
2564 2567
2564 2568
2564 2569
2565 2567
2565 2568
2565 2569
2567 2570
2567 2571
2567 2572
2568 2570
2568 2571
2568 2572
2573 2578
2573 2581
2574 2579
2574 2580
2574 2582
2574 2583
2574 2613
2575 2578
2575 2581
2576 2578
2576 2581
2577 2584
2577 2610
2577 2614
2577 2617
2578 2582
2578 2583
2578 2609
2578 2611
2578 2612
2578 2615
2578 2616
2578 2618
2578 2619
2578 2679
2579 2581
2579 2610
2579 2614
2579 2617
2580 2581
2580 2610
2580 2614
2580 2617
2581 2585
2581 2586
2581 2587
2581 2613
2582 2584
2583 2588
2583 2589
2583 2596
2584 2590
2584 2591
2584 2592
2584 2597
2584 2598
2584 2599
2585 2588
2585 2589
2585 2596
2586 2588
2586 2589
2586 2596
2587 2593
2587 2594
2587 2595
2587 2600
2587 2601
2587 2602
2588 2590
2588 2591
2588 2592
2588 2597
2588 2598
2588 2599
2589 2597
2589 2598
2589 2599
2590 2593
2590 2594
2590 2595
2590 2596
2591 2593
2591 2594
2591 2595
2591 2596
2592 2596
2596 2603
2596 2604
2596 2605
2597 2600
2597 2601
2597 2602
2598 2600
2598 2601
2598 2602
2599 2606
2599 2607
2599 2608
2600 2603
2600 2604
2600 2605
2601 2603
2601 2604
2601 2605
2603 2606
2603 2607
2603 2608
2604 2606
2604 2607
2604 2608
2609 2614
2609 2617
2610 2615
2610 2616
2610 2618
2610 2619
2610 2679
2611 2614
2611 2617
2612 2614
2612 2617
2613 2620
2613 2676
2613 2680
2613 2683
2614 2618
2614 2619
2614 2675
2614 2677
2614 2678
2614 2681
2614 2682
2614 2684
2614 2685
2614 2715
2615 2617
2615 2676
2615 2680
2615 2683
2616 2617
2616 2676
2616 2680
2616 2683
2617 2621
2617 2622
2617 2623
2617 2679
2618 2620
2619 2624
2619 2625
2619 2626
2620 2627
2620 2628
2620 2629
2621 2624
2621 2625
2621 2626
2622 2624
2622 2625
2622 2626
2623 2630
2623 2631
2623 2632
2624 2627
2624 2628
2624 2629
2625 2627
2625 2628
2625 2629
2626 2633
2626 2634
2626 2635
2627 2630
2627 2631
2627 2632
2628 2630
2628 2631
2628 2632
2629 2636
2629 2637
2629 2638
2630 2633
2630 2634
2630 2635
2631 2633
2631 2634
2631 2635
2632 2639
2632 2640
2632 2641
2633 2636
2633 2637
2633 2638
2634 2636
2634 2637
2634 2638
2635 2642
2635 2643
2635 2644
2636 2639
2636 2640
2636 2641
2637 2639
2637 2640
2637 2641
2638 2645
2638 2646
2638 2647
2639 2642
2639 2643
2639 2644
2640 2642
2640 2643
2640 2644
2641 2648
2641 2649
2641 2650
2642 2645
2642 2646
2642 2647
2643 2645
2643 2646
2643 2647
2644 2651
2644 2652
2644 2653
2645 2648
2645 2649
2645 2650
2646 2648
2646 2649
2646 2650
2647 2654
2647 2655
2647 2656
2648 2651
2648 2652
2648 2653
2649 2651
2649 2652
2649 2653
2650 2657
2650 2658
2650 2659
2651 2654
2651 2655
2651 2656
2652 2654
2652 2655
2652 2656
2653 2660
2653 2661
2653 2662
2654 2657
2654 2658
2654 2659
2655 2657
2655 2658
2655 2659
2656 2663
2656 2664
2656 2665
2657 2660
2657 2661
2657 2662
2658 2660
2658 2661
2658 2662
2659 2666
2659 2667
2659 2668
2660 2663
2660 2664
2660 2665
2661 2663
2661 2664
2661 2665
2662 2669
2662 2670
2662 2671
2663 2666
2663 2667
2663 2668
2664 2666
2664 2667
2664 2668
2665 2672
2665 2673
2665 2674
2666 2669
2666 2670
2666 2671
2667 2669
2667 2670
2667 2671
2669 2672
2669 2673
2669 2674
2670 2672
2670 2673
2670 2674
2675 2680
2675 2683
2676 2681
2676 2682
2676 2684
2676 2685
2676 2715
2677 2680
2677 2683
2678 2680
2678 2683
2679 2686
2679 2712
2679 2716
2679 2719
2680 2684
2680 2685
2680 2711
2680 2713
2680 2714
2680 2717
2680 2718
2680 2720
2680 2721
2680 2763
2681 2683
2681 2712
2681 2716
2681 2719
2682 2683
2682 2712
2682 2716
2682 2719
2683 2687
2683 2688
2683 2689
2683 2715
2684 2686
2685 2690
2685 2691
2685 2698
2686 2692
2686 2693
2686 2694
2686 2699
2686 2700
2686 2701
2687 2690
2687 2691
2687 2698
2688 2690
2688 2691
2688 2698
2689 2695
2689 2696
2689 2697
2689 2702
2689 2703
2689 2704
2690 2692
2690 2693
2690 2694
2690 2699
2690 2700
2690 2701
2691 2699
2691 2700
2691 2701
2692 2695
2692 2696
2692 2697
2692 2698
2693 2695
2693 2696
2693 2697
2693 2698
2694 2698
2698 2705
2698 2706
2698 2707
2699 2702
2699 2703
2699 2704
2700 2702
2700 2703
2700 2704
2701 2708
2701 2709
2701 2710
2702 2705
2702 2706
2702 2707
2703 2705
2703 2706
2703 2707
2705 2708
2705 2709
2705 2710
2706 2708
2706 2709
2706 2710
2711 2716
2711 2719
2712 2717
2712 2718
2712 2720
2712 2721
2712 2763
2713 2716
2713 2719
2714 2716
2714 2719
2715 2722
2715 2760
2715 2764
2715 2767
2716 2720
2716 2721
2716 2759
2716 2761
2716 2762
2716 2765
2716 2766
2716 2768
2716 2769
2716 2799
2717 2719
2717 2760
2717 2764
2717 2767
2718 2719
2718 2760
2718 2764
2718 2767
2719 2723
2719 2724
2719 2725
2719 2763
2720 2722
2721 2726
2721 2727
2721 2728
2722 2729
2722 2730
2722 2731
2723 2726
2723 2727
2723 2728
2724 2726
2724 2727
2724 2728
2725 2732
2725 2733
2725 2734
2726 2729
2726 2730
2726 2731
2727 2729
2727 2730
2727 2731
2728 2735
2728 2736
2728 2737
2729 2732
2729 2733
2729 2734
2730 2732
2730 2733
2730 2734
2731 2738
2731 2739
2731 2740
2732 2735
2732 2736
2732 2737
2733 2735
2733 2736
2733 2737
2734 2741
2734 2742
2734 2743
2735 2738
2735 2739
2735 2740
2736 2738
2736 2739
2736 2740
2737 2744
2737 2745
2737 2746
2738 2741
2738 2742
2738 2743
2739 2741
2739 2742
2739 2743
2740 2747
2740 2748
2740 2749
2741 2744
2741 2745
2741 2746
2742 2744
2742 2745
2742 2746
2743 2750
2743 2751
2743 2752
2744 2747
2744 2748
2744 2749
2745 2747
2745 2748
2745 2749
2746 2753
2746 2754
2746 2755
2747 2750
2747 2751
2747 2752
2748 2750
2748 2751
2748 2752
2749 2756
2749 2757
2749 2758
2750 2753
2750 2754
2750 2755
2751 2753
2751 2754
2751 2755
2753 2756
2753 2757
2753 2758
2754 2756
2754 2757
2754 2758
2759 2764
2759 2767
2760 2765
2760 2766
2760 2768
2760 2769
2760 2799
2761 2764
2761 2767
2762 2764
2762 2767
2763 2770
2763 2796
2763 2800
2763 2803
2764 2768
2764 2769
2764 2795
2764 2797
2764 2798
2764 2801
2764 2802
2764 2804
2764 2805
2764 2835
2765 2767
2765 2796
2765 2800
2765 2803
2766 2767
2766 2796
2766 2800
2766 2803
2767 2771
2767 2772
2767 2773
2767 2799
2768 2770
2769 2774
2769 2775
2769 2782
2770 2776
2770 2777
2770 2778
2770 2783
2770 2784
2770 2785
2771 2774
2771 2775
2771 2782
2772 2774
2772 2775
2772 2782
2773 2779
2773 2780
2773 2781
2773 2786
2773 2787
2773 2788
2774 2776
2774 2777
2774 2778
2774 2783
2774 2784
2774 2785
2775 2783
2775 2784
2775 2785
2776 2779
2776 2780
2776 2781
2776 2782
2777 2779
2777 2780
2777 2781
2777 2782
2778 2782
2782 2789
2782 2790
2782 2791
2783 2786
2783 2787
2783 2788
2784 2786
2784 2787
2784 2788
2785 2792
2785 2793
2785 2794
2786 2789
2786 2790
2786 2791
2787 2789
2787 2790
2787 2791
2789 2792
2789 2793
2789 2794
2790 2792
2790 2793
2790 2794
2795 2800
2795 2803
2796 2801
2796 2802
2796 2804
2796 2805
2796 2835
2797 2800
2797 2803
2798 2800
2798 2803
2799 2806
2799 2832
2799 2836
2799 2839
2800 2804
2800 2805
2800 2831
2800 2833
2800 2834
2800 2837
2800 2838
2800 2840
2800 2841
2800 2901
2801 2803
2801 2832
2801 2836
2801 2839
2802 2803
2802 2832
2802 2836
2802 2839
2803 2807
2803 2808
2803 2809
2803 2835
2804 2806
2805 2810
2805 2811
2805 2818
2806 2812
2806 2813
2806 2814
2806 2819
2806 2820
2806 2821
2807 2810
2807 2811
2807 2818
2808 2810
2808 2811
2808 2818
2809 2815
2809 2816
2809 2817
2809 2822
2809 2823
2809 2824
2810 2812
2810 2813
2810 2814
2810 2819
2810 2820
2810 2821
2811 2819
2811 2820
2811 2821
2812 2815
2812 2816
2812 2817
2812 2818
2813 2815
2813 2816
2813 2817
2813 2818
2814 2818
2818 2825
2818 2826
2818 2827
2819 2822
2819 2823
2819 2824
2820 2822
2820 2823
2820 2824
2821 2828
2821 2829
2821 2830
2822 2825
2822 2826
2822 2827
2823 2825
2823 2826
2823 2827
2825 2828
2825 2829
2825 2830
2826 2828
2826 2829
2826 2830
2831 2836
2831 2839
2832 2837
2832 2838
2832 2840
2832 2841
2832 2901
2833 2836
2833 2839
2834 2836
2834 2839
2835 2842
2835 2898
2835 2902
2835 2905
2836 2840
2836 2841
2836 2897
2836 2899
2836 2900
2836 2903
2836 2904
2836 2906
2836 2907
2836 2937
2837 2839
2837 2898
2837 2902
2837 2905
2838 2839
2838 2898
2838 2902
2838 2905
2839 2843
2839 2844
2839 2845
2839 2901
2840 2842
2841 2846
2841 2847
2841 2848
2842 2849
2842 2850
2842 2851
2843 2846
2843 2847
2843 2848
2844 2846
2844 2847
2844 2848
2845 2852
2845 2853
2845 2854
2846 2849
2846 2850
2846 2851
2847 2849
2847 2850
2847 2851
2848 2855
2848 2856
2848 2857
2849 2852
2849 2853
2849 2854
2850 2852
2850 2853
2850 2854
2851 2858
2851 2859
2851 2860
2852 2855
2852 2856
2852 2857
2853 2855
2853 2856
2853 2857
2854 2861
2854 2862
2854 2863
2855 2858
2855 2859
2855 2860
2856 2858
2856 2859
2856 2860
2857 2864
2857 2865
2857 2866
2858 2861
2858 2862
2858 2863
2859 2861
2859 2862
2859 2863
2860 2867
2860 2868
2860 2869
2861 2864
2861 2865
2861 2866
2862 2864
2862 2865
2862 2866
2863 2870
2863 2871
2863 2872
2864 2867
2864 2868
2864 2869
2865 2867
2865 2868
2865 2869
2866 2873
2866 2874
2866 2875
2867 2870
2867 2871
2867 2872
2868 2870
2868 2871
2868 2872
2869 2876
2869 2877
2869 2878
2870 2873
2870 2874
2870 2875
2871 2873
2871 2874
2871 2875
2872 2879
2872 2880
2872 2881
2873 2876
2873 2877
2873 2878
2874 2876
2874 2877
2874 2878
2875 2882
2875 2883
2875 2884
2876 2879
2876 2880
2876 2881
2877 2879
2877 2880
2877 2881
2878 2885
2878 2886
2878 2887
2879 2882
2879 2883
2879 2884
2880 2882
2880 2883
2880 2884
2881 2888
2881 2889
2881 2890
2882 2885
2882 2886
2882 2887
2883 2885
2883 2886
2883 2887
2884 2891
2884 2892
2884 2893
2885 2888
2885 2889
2885 2890
2886 2888
2886 2889
2886 2890
2887 2894
2887 2895
2887 2896
2888 2891
2888 2892
2888 2893
2889 2891
2889 2892
2889 2893
2891 2894
2891 2895
2891 2896
2892 2894
2892 2895
2892 2896
2897 2902
2897 2905
2898 2903
2898 2904
2898 2906
2898 2907
2898 2937
2899 2902
2899 2905
2900 2902
2900 2905
2901 2908
2901 2934
2901 2938
2901 2941
2902 2906
2902 2907
2902 2933
2902 2935
2902 2936
2902 2939
2902 2940
2902 2942
2902 2943
2902 2985
2903 2905
2903 2934
2903 2938
2903 2941
2904 2905
2904 2934
2904 2938
2904 2941
2905 2909
2905 2910
2905 2911
2905 2937
2906 2908
2907 2912
2907 2913
2907 2920
2908 2914
2908 2915
2908 2916
2908 2921
2908 2922
2908 2923
2909 2912
2909 2913
2909 2920
2910 2912
2910 2913
2910 2920
2911 2917
2911 2918
2911 2919
2911 2924
2911 2925
2911 2926
2912 2914
2912 2915
2912 2916
2912 2921
2912 2922
2912 2923
2913 2921
2913 2922
2913 2923
2914 2917
2914 2918
2914 2919
2914 2920
2915 2917
2915 2918
2915 2919
2915 2920
2916 2920
2920 2927
2920 2928
2920 2929
2921 2924
2921 2925
2921 2926
2922 2924
2922 2925
2922 2926
2923 2930
2923 2931
2923 2932
2924 2927
2924 2928
2924 2929
2925 2927
2925 2928
2925 2929
2927 2930
2927 2931
2927 2932
2928 2930
2928 2931
2928 2932
2933 2938
2933 2941
2934 2939
2934 2940
2934 2942
2934 2943
2934 2985
2935 2938
2935 2941
2936 2938
2936 2941
2937 2944
2937 2982
2937 2986
2937 2989
2938 2942
2938 2943
2938 2981
2938 2983
2938 2984
2938 2987
2938 2988
2938 2990
2938 2991
2938 3021
2939 2941
2939 2982
2939 2986
2939 2989
2940 2941
2940 2982
2940 2986
2940 2989
2941 2945
2941 2946
2941 2947
2941 2985
2942 2944
2943 2948
2943 2949
2943 2950
2944 2951
2944 2952
2944 2953
2945 2948
2945 2949
2945 2950
2946 2948
2946 2949
2946 2950
2947 2954
2947 2955
2947 2956
2948 2951
2948 2952
2948 2953
2949 2951
2949 2952
2949 2953
2950 2957
2950 2958
2950 2959
2951 2954
2951 2955
2951 2956
2952 2954
2952 2955
2952 2956
2953 2960
2953 2961
2953 2962
2954 2957
2954 2958
2954 2959
2955 2957
2955 2958
2955 2959
2956 2963
2956 2964
2956 2965
2957 2960
2957 2961
2957 2962
2958 2960
2958 2961
2958 2962
2959 2966
2959 2967
2959 2968
2960 2963
2960 2964
2960 2965
2961 2963
2961 2964
2961 2965
2962 2969
2962 2970
2962 2971
2963 2966
2963 2967
2963 2968
2964 2966
2964 2967
2964 2968
2965 2972
2965 2973
2965 2974
2966 2969
2966 2970
2966 2971
2967 2969
2967 2970
2967 2971
2968 2975
2968 2976
2968 2977
2969 2972
2969 2973
2969 2974
2970 2972
2970 2973
2970 2974
2971 2978
2971 2979
2971 2980
2972 2975
2972 2976
2972 2977
2973 2975
2973 2976
2973 2977
2975 2978
2975 2979
2975 2980
2976 2978
2976 2979
2976 2980
2981 2986
2981 2989
2982 2987
2982 2988
2982 2990
2982 2991
2982 3021
2983 2986
2983 2989
2984 2986
2984 2989
2985 2992
2985 3018
2985 3022
2985 3025
2986 2990
2986 2991
2986 3017
2986 3019
2986 3020
2986 3023
2986 3024
2986 3026
2986 3027
2986 3069
2987 2989
2987 3018
2987 3022
2987 3025
2988 2989
2988 3018
2988 3022
2988 3025
2989 2993
2989 2994
2989 2995
2989 3021
2990 2992
2991 2996
2991 2997
2991 3004
2992 2998
2992 2999
2992 3000
2992 3005
2992 3006
2992 3007
2993 2996
2993 2997
2993 3004
2994 2996
2994 2997
2994 3004
2995 3001
2995 3002
2995 3003
2995 3008
2995 3009
2995 3010
2996 2998
2996 2999
2996 3000
2996 3005
2996 3006
2996 3007
2997 3005
2997 3006
2997 3007
2998 3001
2998 3002
2998 3003
2998 3004
2999 3001
2999 3002
2999 3003
2999 3004
3000 3004
3004 3011
3004 3012
3004 3013
3005 3008
3005 3009
3005 3010
3006 3008
3006 3009
3006 3010
3007 3014
3007 3015
3007 3016
3008 3011
3008 3012
3008 3013
3009 3011
3009 3012
3009 3013
3011 3014
3011 3015
3011 3016
3012 3014
3012 3015
3012 3016
3017 3022
3017 3025
3018 3023
3018 3024
3018 3026
3018 3027
3018 3069
3019 3022
3019 3025
3020 3022
3020 3025
3021 3028
3021 3066
3021 3070
3021 3073
3022 3026
3022 3027
3022 3065
3022 3067
3022 3068
3022 3071
3022 3072
3022 3074
3022 3075
3022 3135
3023 3025
3023 3066
3023 3070
3023 3073
3024 3025
3024 3066
3024 3070
3024 3073
3025 3029
3025 3030
3025 3031
3025 3069
3026 3028
3027 3032
3027 3033
3027 3034
3028 3035
3028 3036
3028 3037
3029 3032
3029 3033
3029 3034
3030 3032
3030 3033
3030 3034
3031 3038
3031 3039
3031 3040
3032 3035
3032 3036
3032 3037
3033 3035
3033 3036
3033 3037
3034 3041
3034 3042
3034 3043
3035 3038
3035 3039
3035 3040
3036 3038
3036 3039
3036 3040
3037 3044
3037 3045
3037 3046
3038 3041
3038 3042
3038 3043
3039 3041
3039 3042
3039 3043
3040 3047
3040 3048
3040 3049
3041 3044
3041 3045
3041 3046
3042 3044
3042 3045
3042 3046
3043 3050
3043 3051
3043 3052
3044 3047
3044 3048
3044 3049
3045 3047
3045 3048
3045 3049
3046 3053
3046 3054
3046 3055
3047 3050
3047 3051
3047 3052
3048 3050
3048 3051
3048 3052
3049 3056
3049 3057
3049 3058
3050 3053
3050 3054
3050 3055
3051 3053
3051 3054
3051 3055
3052 3059
3052 3060
3052 3061
3053 3056
3053 3057
3053 3058
3054 3056
3054 3057
3054 3058
3055 3062
3055 3063
3055 3064
3056 3059
3056 3060
3056 3061
3057 3059
3057 3060
3057 3061
3059 3062
3059 3063
3059 3064
3060 3062
3060 3063
3060 3064
3065 3070
3065 3073
3066 3071
3066 3072
3066 3074
3066 3075
3066 3135
3067 3070
3067 3073
3068 3070
3068 3073
3069 3076
3069 3132
3069 3136
3069 3139
3070 3074
3070 3075
3070 3131
3070 3133
3070 3134
3070 3137
3070 3138
3070 3140
3070 3141
3070 3201
3071 3073
3071 3132
3071 3136
3071 3139
3072 3073
3072 3132
3072 3136
3072 3139
3073 3077
3073 3078
3073 3079
3073 3135
3074 3076
3075 3080
3075 3081
3075 3082
3076 3083
3076 3084
3076 3085
3077 3080
3077 3081
3077 3082
3078 3080
3078 3081
3078 3082
3079 3086
3079 3087
3079 3088
3080 3083
3080 3084
3080 3085
3081 3083
3081 3084
3081 3085
3082 3089
3082 3090
3082 3091
3083 3086
3083 3087
3083 3088
3084 3086
3084 3087
3084 3088
3085 3092
3085 3093
3085 3094
3086 3089
3086 3090
3086 3091
3087 3089
3087 3090
3087 3091
3088 3095
3088 3096
3088 3097
3089 3092
3089 3093
3089 3094
3090 3092
3090 3093
3090 3094
3091 3098
3091 3099
3091 3100
3092 3095
3092 3096
3092 3097
3093 3095
3093 3096
3093 3097
3094 3101
3094 3102
3094 3103
3095 3098
3095 3099
3095 3100
3096 3098
3096 3099
3096 3100
3097 3104
3097 3105
3097 3106
3098 3101
3098 3102
3098 3103
3099 3101
3099 3102
3099 3103
3100 3107
3100 3108
3100 3109
3101 3104
3101 3105
3101 3106
3102 3104
3102 3105
3102 3106
3103 3110
3103 3111
3103 3112
3104 3107
3104 3108
3104 3109
3105 3107
3105 3108
3105 3109
3106 3113
3106 3114
3106 3115
3107 3110
3107 3111
3107 3112
3108 3110
3108 3111
3108 3112
3109 3116
3109 3117
3109 3118
3110 3113
3110 3114
3110 3115
3111 3113
3111 3114
3111 3115
3112 3119
3112 3120
3112 3121
3113 3116
3113 3117
3113 3118
3114 3116
3114 3117
3114 3118
3115 3122
3115 3123
3115 3124
3116 3119
3116 3120
3116 3121
3117 3119
3117 3120
3117 3121
3118 3125
3118 3126
3118 3127
3119 3122
3119 3123
3119 3124
3120 3122
3120 3123
3120 3124
3121 3128
3121 3129
3121 3130
3122 3125
3122 3126
3122 3127
3123 3125
3123 3126
3123 3127
3125 3128
3125 3129
3125 3130
3126 3128
3126 3129
3126 3130
3131 3136
3131 3139
3132 3137
3132 3138
3132 3140
3132 3141
3132 3201
3133 3136
3133 3139
3134 3136
3134 3139
3135 3142
3135 3198
3135 3202
3135 3205
3136 3140
3136 3141
3136 3197
3136 3199
3136 3200
3136 3203
3136 3204
3136 3206
3136 3207
3136 3267
3137 3139
3137 3198
3137 3202
3137 3205
3138 3139
3138 3198
3138 3202
3138 3205
3139 3143
3139 3144
3139 3145
3139 3201
3140 3142
3141 3146
3141 3147
3141 3148
3142 3149
3142 3150
3142 3151
3143 3146
3143 3147
3143 3148
3144 3146
3144 3147
3144 3148
3145 3152
3145 3153
3145 3154
3146 3149
3146 3150
3146 3151
3147 3149
3147 3150
3147 3151
3148 3155
3148 3156
3148 3157
3149 3152
3149 3153
3149 3154
3150 3152
3150 3153
3150 3154
3151 3158
3151 3159
3151 3160
3152 3155
3152 3156
3152 3157
3153 3155
3153 3156
3153 3157
3154 3161
3154 3162
3154 3163
3155 3158
3155 3159
3155 3160
3156 3158
3156 3159
3156 3160
3157 3164
3157 3165
3157 3166
3158 3161
3158 3162
3158 3163
3159 3161
3159 3162
3159 3163
3160 3167
3160 3168
3160 3169
3161 3164
3161 3165
3161 3166
3162 3164
3162 3165
3162 3166
3163 3170
3163 3171
3163 3172
3164 3167
3164 3168
3164 3169
3165 3167
3165 3168
3165 3169
3166 3173
3166 3174
3166 3175
3167 3170
3167 3171
3167 3172
3168 3170
3168 3171
3168 3172
3169 3176
3169 3177
3169 3178
3170 3173
3170 3174
3170 3175
3171 3173
3171 3174
3171 3175
3172 3179
3172 3180
3172 3181
3173 3176
3173 3177
3173 3178
3174 3176
3174 3177
3174 3178
3175 3182
3175 3183
3175 3184
3176 3179
3176 3180
3176 3181
3177 3179
3177 3180
3177 3181
3178 3185
3178 3186
3178 3187
3179 3182
3179 3183
3179 3184
3180 3182
3180 3183
3180 3184
3181 3188
3181 3189
3181 3190
3182 3185
3182 3186
3182 3187
3183 3185
3183 3186
3183 3187
3184 3191
3184 3192
3184 3193
3185 3188
3185 3189
3185 3190
3186 3188
3186 3189
3186 3190
3187 3194
3187 3195
3187 3196
3188 3191
3188 3192
3188 3193
3189 3191
3189 3192
3189 3193
3191 3194
3191 3195
3191 3196
3192 3194
3192 3195
3192 3196
3197 3202
3197 3205
3198 3203
3198 3204
3198 3206
3198 3207
3198 3267
3199 3202
3199 3205
3200 3202
3200 3205
3201 3208
3201 3264
3201 3268
3201 3271
3202 3206
3202 3207
3202 3263
3202 3265
3202 3266
3202 3269
3202 3270
3202 3272
3202 3273
3202 3303
3203 3205
3203 3264
3203 3268
3203 3271
3204 3205
3204 3264
3204 3268
3204 3271
3205 3209
3205 3210
3205 3211
3205 3267
3206 3208
3207 3212
3207 3213
3207 3214
3208 3215
3208 3216
3208 3217
3209 3212
3209 3213
3209 3214
3210 3212
3210 3213
3210 3214
3211 3218
3211 3219
3211 3220
3212 3215
3212 3216
3212 3217
3213 3215
3213 3216
3213 3217
3214 3221
3214 3222
3214 3223
3215 3218
3215 3219
3215 3220
3216 3218
3216 3219
3216 3220
3217 3224
3217 3225
3217 3226
3218 3221
3218 3222
3218 3223
3219 3221
3219 3222
3219 3223
3220 3227
3220 3228
3220 3229
3221 3224
3221 3225
3221 3226
3222 3224
3222 3225
3222 3226
3223 3230
3223 3231
3223 3232
3224 3227
3224 3228
3224 3229
3225 3227
3225 3228
3225 3229
3226 3233
3226 3234
3226 3235
3227 3230
3227 3231
3227 3232
3228 3230
3228 3231
3228 3232
3229 3236
3229 3237
3229 3238
3230 3233
3230 3234
3230 3235
3231 3233
3231 3234
3231 3235
3232 3239
3232 3240
3232 3241
3233 3236
3233 3237
3233 3238
3234 3236
3234 3237
3234 3238
3235 3242
3235 3243
3235 3244
3236 3239
3236 3240
3236 3241
3237 3239
3237 3240
3237 3241
3238 3245
3238 3246
3238 3247
3239 3242
3239 3243
3239 3244
3240 3242
3240 3243
3240 3244
3241 3248
3241 3249
3241 3250
3242 3245
3242 3246
3242 3247
3243 3245
3243 3246
3243 3247
3244 3251
3244 3252
3244 3253
3245 3248
3245 3249
3245 3250
3246 3248
3246 3249
3246 3250
3247 3254
3247 3255
3247 3256
3248 3251
3248 3252
3248 3253
3249 3251
3249 3252
3249 3253
3250 3257
3250 3258
3250 3259
3251 3254
3251 3255
3251 3256
3252 3254
3252 3255
3252 3256
3253 3260
3253 3261
3253 3262
3254 3257
3254 3258
3254 3259
3255 3257
3255 3258
3255 3259
3257 3260
3257 3261
3257 3262
3258 3260
3258 3261
3258 3262
3263 3268
3263 3271
3264 3269
3264 3270
3264 3272
3264 3273
3264 3303
3265 3268
3265 3271
3266 3268
3266 3271
3267 3274
3267 3300
3267 3304
3267 3307
3268 3272
3268 3273
3268 3299
3268 3301
3268 3302
3268 3305
3268 3306
3268 3308
3268 3309
3268 3351
3269 3271
3269 3300
3269 3304
3269 3307
3270 3271
3270 3300
3270 3304
3270 3307
3271 3275
3271 3276
3271 3277
3271 3303
3272 3274
3273 3278
3273 3279
3273 3286
3274 3280
3274 3281
3274 3282
3274 3287
3274 3288
3274 3289
3275 3278
3275 3279
3275 3286
3276 3278
3276 3279
3276 3286
3277 3283
3277 3284
3277 3285
3277 3290
3277 3291
3277 3292
3278 3280
3278 3281
3278 3282
3278 3287
3278 3288
3278 3289
3279 3287
3279 3288
3279 3289
3280 3283
3280 3284
3280 3285
3280 3286
3281 3283
3281 3284
3281 3285
3281 3286
3282 3286
3286 3293
3286 3294
3286 3295
3287 3290
3287 3291
3287 3292
3288 3290
3288 3291
3288 3292
3289 3296
3289 3297
3289 3298
3290 3293
3290 3294
3290 3295
3291 3293
3291 3294
3291 3295
3293 3296
3293 3297
3293 3298
3294 3296
3294 3297
3294 3298
3299 3304
3299 3307
3300 3305
3300 3306
3300 3308
3300 3309
3300 3351
3301 3304
3301 3307
3302 3304
3302 3307
3303 3310
3303 3348
3303 3352
3303 3355
3304 3308
3304 3309
3304 3347
3304 3349
3304 3350
3304 3353
3304 3354
3304 3356
3304 3357
3304 3417
3305 3307
3305 3348
3305 3352
3305 3355
3306 3307
3306 3348
3306 3352
3306 3355
3307 3311
3307 3312
3307 3313
3307 3351
3308 3310
3309 3314
3309 3315
3309 3316
3310 3317
3310 3318
3310 3319
3311 3314
3311 3315
3311 3316
3312 3314
3312 3315
3312 3316
3313 3320
3313 3321
3313 3322
3314 3317
3314 3318
3314 3319
3315 3317
3315 3318
3315 3319
3316 3323
3316 3324
3316 3325
3317 3320
3317 3321
3317 3322
3318 3320
3318 3321
3318 3322
3319 3326
3319 3327
3319 3328
3320 3323
3320 3324
3320 3325
3321 3323
3321 3324
3321 3325
3322 3329
3322 3330
3322 3331
3323 3326
3323 3327
3323 3328
3324 3326
3324 3327
3324 3328
3325 3332
3325 3333
3325 3334
3326 3329
3326 3330
3326 3331
3327 3329
3327 3330
3327 3331
3328 3335
3328 3336
3328 3337
3329 3332
3329 3333
3329 3334
3330 3332
3330 3333
3330 3334
3331 3338
3331 3339
3331 3340
3332 3335
3332 3336
3332 3337
3333 3335
3333 3336
3333 3337
3334 3341
3334 3342
3334 3343
3335 3338
3335 3339
3335 3340
3336 3338
3336 3339
3336 3340
3337 3344
3337 3345
3337 3346
3338 3341
3338 3342
3338 3343
3339 3341
3339 3342
3339 3343
3341 3344
3341 3345
3341 3346
3342 3344
3342 3345
3342 3346
3347 3352
3347 3355
3348 3353
3348 3354
3348 3356
3348 3357
3348 3417
3349 3352
3349 3355
3350 3352
3350 3355
3351 3358
3351 3414
3351 3418
3351 3421
3352 3356
3352 3357
3352 3413
3352 3415
3352 3416
3352 3419
3352 3420
3352 3422
3352 3423
3352 3453
3353 3355
3353 3414
3353 3418
3353 3421
3354 3355
3354 3414
3354 3418
3354 3421
3355 3359
3355 3360
3355 3361
3355 3417
3356 3358
3357 3362
3357 3363
3357 3364
3358 3365
3358 3366
3358 3367
3359 3362
3359 3363
3359 3364
3360 3362
3360 3363
3360 3364
3361 3368
3361 3369
3361 3370
3362 3365
3362 3366
3362 3367
3363 3365
3363 3366
3363 3367
3364 3371
3364 3372
3364 3373
3365 3368
3365 3369
3365 3370
3366 3368
3366 3369
3366 3370
3367 3374
3367 3375
3367 3376
3368 3371
3368 3372
3368 3373
3369 3371
3369 3372
3369 3373
3370 3377
3370 3378
3370 3379
3371 3374
3371 3375
3371 3376
3372 3374
3372 3375
3372 3376
3373 3380
3373 3381
3373 3382
3374 3377
3374 3378
3374 3379
3375 3377
3375 3378
3375 3379
3376 3383
3376 3384
3376 3385
3377 3380
3377 3381
3377 3382
3378 3380
3378 3381
3378 3382
3379 3386
3379 3387
3379 3388
3380 3383
3380 3384
3380 3385
3381 3383
3381 3384
3381 3385
3382 3389
3382 3390
3382 3391
3383 3386
3383 3387
3383 3388
3384 3386
3384 3387
3384 3388
3385 3392
3385 3393
3385 3394
3386 3389
3386 3390
3386 3391
3387 3389
3387 3390
3387 3391
3388 3395
3388 3396
3388 3397
3389 3392
3389 3393
3389 3394
3390 3392
3390 3393
3390 3394
3391 3398
3391 3399
3391 3400
3392 3395
3392 3396
3392 3397
3393 3395
3393 3396
3393 3397
3394 3401
3394 3402
3394 3403
3395 3398
3395 3399
3395 3400
3396 3398
3396 3399
3396 3400
3397 3404
3397 3405
3397 3406
3398 3401
3398 3402
3398 3403
3399 3401
3399 3402
3399 3403
3400 3407
3400 3408
3400 3409
3401 3404
3401 3405
3401 3406
3402 3404
3402 3405
3402 3406
3403 3410
3403 3411
3403 3412
3404 3407
3404 3408
3404 3409
3405 3407
3405 3408
3405 3409
3407 3410
3407 3411
3407 3412
3408 3410
3408 3411
3408 3412
3413 3418
3413 3421
3414 3419
3414 3420
3414 3422
3414 3423
3414 3453
3415 3418
3415 3421
3416 3418
3416 3421
3417 3424
3417 3450
3417 3454
3417 3457
3418 3422
3418 3423
3418 3449
3418 3451
3418 3452
3418 3455
3418 3456
3418 3458
3418 3459
3418 3501
3419 3421
3419 3450
3419 3454
3419 3457
3420 3421
3420 3450
3420 3454
3420 3457
3421 3425
3421 3426
3421 3427
3421 3453
3422 3424
3423 3428
3423 3429
3423 3436
3424 3430
3424 3431
3424 3432
3424 3437
3424 3438
3424 3439
3425 3428
3425 3429
3425 3436
3426 3428
3426 3429
3426 3436
3427 3433
3427 3434
3427 3435
3427 3440
3427 3441
3427 3442
3428 3430
3428 3431
3428 3432
3428 3437
3428 3438
3428 3439
3429 3437
3429 3438
3429 3439
3430 3433
3430 3434
3430 3435
3430 3436
3431 3433
3431 3434
3431 3435
3431 3436
3432 3436
3436 3443
3436 3444
3436 3445
3437 3440
3437 3441
3437 3442
3438 3440
3438 3441
3438 3442
3439 3446
3439 3447
3439 3448
3440 3443
3440 3444
3440 3445
3441 3443
3441 3444
3441 3445
3443 3446
3443 3447
3443 3448
3444 3446
3444 3447
3444 3448
3449 3454
3449 3457
3450 3455
3450 3456
3450 3458
3450 3459
3450 3501
3451 3454
3451 3457
3452 3454
3452 3457
3453 3460
3453 3498
3453 3502
3453 3505
3454 3458
3454 3459
3454 3497
3454 3499
3454 3500
3454 3503
3454 3504
3454 3506
3454 3507
3454 3537
3455 3457
3455 3498
3455 3502
3455 3505
3456 3457
3456 3498
3456 3502
3456 3505
3457 3461
3457 3462
3457 3463
3457 3501
3458 3460
3459 3464
3459 3465
3459 3466
3460 3467
3460 3468
3460 3469
3461 3464
3461 3465
3461 3466
3462 3464
3462 3465
3462 3466
3463 3470
3463 3471
3463 3472
3464 3467
3464 3468
3464 3469
3465 3467
3465 3468
3465 3469
3466 3473
3466 3474
3466 3475
3467 3470
3467 3471
3467 3472
3468 3470
3468 3471
3468 3472
3469 3476
3469 3477
3469 3478
3470 3473
3470 3474
3470 3475
3471 3473
3471 3474
3471 3475
3472 3479
3472 3480
3472 3481
3473 3476
3473 3477
3473 3478
3474 3476
3474 3477
3474 3478
3475 3482
3475 3483
3475 3484
3476 3479
3476 3480
3476 3481
3477 3479
3477 3480
3477 3481
3478 3485
3478 3486
3478 3487
3479 3482
3479 3483
3479 3484
3480 3482
3480 3483
3480 3484
3481 3488
3481 3489
3481 3490
3482 3485
3482 3486
3482 3487
3483 3485
3483 3486
3483 3487
3484 3491
3484 3492
3484 3493
3485 3488
3485 3489
3485 3490
3486 3488
3486 3489
3486 3490
3487 3494
3487 3495
3487 3496
3488 3491
3488 3492
3488 3493
3489 3491
3489 3492
3489 3493
3491 3494
3491 3495
3491 3496
3492 3494
3492 3495
3492 3496
3497 3502
3497 3505
3498 3503
3498 3504
3498 3506
3498 3507
3498 3537
3499 3502
3499 3505
3500 3502
3500 3505
3501 3508
3501 3534
3501 3538
3501 3541
3502 3506
3502 3507
3502 3533
3502 3535
3502 3536
3502 3539
3502 3540
3502 3542
3502 3543
3502 3573
3503 3505
3503 3534
3503 3538
3503 3541
3504 3505
3504 3534
3504 3538
3504 3541
3505 3509
3505 3510
3505 3511
3505 3537
3506 3508
3507 3512
3507 3513
3507 3520
3508 3514
3508 3515
3508 3516
3508 3521
3508 3522
3508 3523
3509 3512
3509 3513
3509 3520
3510 3512
3510 3513
3510 3520
3511 3517
3511 3518
3511 3519
3511 3524
3511 3525
3511 3526
3512 3514
3512 3515
3512 3516
3512 3521
3512 3522
3512 3523
3513 3521
3513 3522
3513 3523
3514 3517
3514 3518
3514 3519
3514 3520
3515 3517
3515 3518
3515 3519
3515 3520
3516 3520
3520 3527
3520 3528
3520 3529
3521 3524
3521 3525
3521 3526
3522 3524
3522 3525
3522 3526
3523 3530
3523 3531
3523 3532
3524 3527
3524 3528
3524 3529
3525 3527
3525 3528
3525 3529
3527 3530
3527 3531
3527 3532
3528 3530
3528 3531
3528 3532
3533 3538
3533 3541
3534 3539
3534 3540
3534 3542
3534 3543
3534 3573
3535 3538
3535 3541
3536 3538
3536 3541
3537 3544
3537 3570
3537 3574
3537 3577
3538 3542
3538 3543
3538 3569
3538 3571
3538 3572
3538 3575
3538 3576
3538 3578
3538 3579
3538 3609
3539 3541
3539 3570
3539 3574
3539 3577
3540 3541
3540 3570
3540 3574
3540 3577
3541 3545
3541 3546
3541 3547
3541 3573
3542 3544
3543 3548
3543 3549
3543 3556
3544 3550
3544 3551
3544 3552
3544 3557
3544 3558
3544 3559
3545 3548
3545 3549
3545 3556
3546 3548
3546 3549
3546 3556
3547 3553
3547 3554
3547 3555
3547 3560
3547 3561
3547 3562
3548 3550
3548 3551
3548 3552
3548 3557
3548 3558
3548 3559
3549 3557
3549 3558
3549 3559
3550 3553
3550 3554
3550 3555
3550 3556
3551 3553
3551 3554
3551 3555
3551 3556
3552 3556
3556 3563
3556 3564
3556 3565
3557 3560
3557 3561
3557 3562
3558 3560
3558 3561
3558 3562
3559 3566
3559 3567
3559 3568
3560 3563
3560 3564
3560 3565
3561 3563
3561 3564
3561 3565
3563 3566
3563 3567
3563 3568
3564 3566
3564 3567
3564 3568
3569 3574
3569 3577
3570 3575
3570 3576
3570 3578
3570 3579
3570 3609
3571 3574
3571 3577
3572 3574
3572 3577
3573 3580
3573 3606
3573 3610
3573 3613
3574 3578
3574 3579
3574 3605
3574 3607
3574 3608
3574 3611
3574 3612
3574 3614
3574 3615
3574 3657
3575 3577
3575 3606
3575 3610
3575 3613
3576 3577
3576 3606
3576 3610
3576 3613
3577 3581
3577 3582
3577 3583
3577 3609
3578 3580
3579 3584
3579 3585
3579 3592
3580 3586
3580 3587
3580 3588
3580 3593
3580 3594
3580 3595
3581 3584
3581 3585
3581 3592
3582 3584
3582 3585
3582 3592
3583 3589
3583 3590
3583 3591
3583 3596
3583 3597
3583 3598
3584 3586
3584 3587
3584 3588
3584 3593
3584 3594
3584 3595
3585 3593
3585 3594
3585 3595
3586 3589
3586 3590
3586 3591
3586 3592
3587 3589
3587 3590
3587 3591
3587 3592
3588 3592
3592 3599
3592 3600
3592 3601
3593 3596
3593 3597
3593 3598
3594 3596
3594 3597
3594 3598
3595 3602
3595 3603
3595 3604
3596 3599
3596 3600
3596 3601
3597 3599
3597 3600
3597 3601
3599 3602
3599 3603
3599 3604
3600 3602
3600 3603
3600 3604
3605 3610
3605 3613
3606 3611
3606 3612
3606 3614
3606 3615
3606 3657
3607 3610
3607 3613
3608 3610
3608 3613
3609 3616
3609 3654
3609 3658
3609 3661
3610 3614
3610 3615
3610 3653
3610 3655
3610 3656
3610 3659
3610 3660
3610 3662
3610 3663
3610 3723
3611 3613
3611 3654
3611 3658
3611 3661
3612 3613
3612 3654
3612 3658
3612 3661
3613 3617
3613 3618
3613 3619
3613 3657
3614 3616
3615 3620
3615 3621
3615 3622
3616 3623
3616 3624
3616 3625
3617 3620
3617 3621
3617 3622
3618 3620
3618 3621
3618 3622
3619 3626
3619 3627
3619 3628
3620 3623
3620 3624
3620 3625
3621 3623
3621 3624
3621 3625
3622 3629
3622 3630
3622 3631
3623 3626
3623 3627
3623 3628
3624 3626
3624 3627
3624 3628
3625 3632
3625 3633
3625 3634
3626 3629
3626 3630
3626 3631
3627 3629
3627 3630
3627 3631
3628 3635
3628 3636
3628 3637
3629 3632
3629 3633
3629 3634
3630 3632
3630 3633
3630 3634
3631 3638
3631 3639
3631 3640
3632 3635
3632 3636
3632 3637
3633 3635
3633 3636
3633 3637
3634 3641
3634 3642
3634 3643
3635 3638
3635 3639
3635 3640
3636 3638
3636 3639
3636 3640
3637 3644
3637 3645
3637 3646
3638 3641
3638 3642
3638 3643
3639 3641
3639 3642
3639 3643
3640 3647
3640 3648
3640 3649
3641 3644
3641 3645
3641 3646
3642 3644
3642 3645
3642 3646
3643 3650
3643 3651
3643 3652
3644 3647
3644 3648
3644 3649
3645 3647
3645 3648
3645 3649
3647 3650
3647 3651
3647 3652
3648 3650
3648 3651
3648 3652
3653 3658
3653 3661
3654 3659
3654 3660
3654 3662
3654 3663
3654 3723
3655 3658
3655 3661
3656 3658
3656 3661
3657 3664
3657 3720
3657 3724
3657 3727
3658 3662
3658 3663
3658 3719
3658 3721
3658 3722
3658 3725
3658 3726
3658 3728
3658 3729
3658 3759
3659 3661
3659 3720
3659 3724
3659 3727
3660 3661
3660 3720
3660 3724
3660 3727
3661 3665
3661 3666
3661 3667
3661 3723
3662 3664
3663 3668
3663 3669
3663 3670
3664 3671
3664 3672
3664 3673
3665 3668
3665 3669
3665 3670
3666 3668
3666 3669
3666 3670
3667 3674
3667 3675
3667 3676
3668 3671
3668 3672
3668 3673
3669 3671
3669 3672
3669 3673
3670 3677
3670 3678
3670 3679
3671 3674
3671 3675
3671 3676
3672 3674
3672 3675
3672 3676
3673 3680
3673 3681
3673 3682
3674 3677
3674 3678
3674 3679
3675 3677
3675 3678
3675 3679
3676 3683
3676 3684
3676 3685
3677 3680
3677 3681
3677 3682
3678 3680
3678 3681
3678 3682
3679 3686
3679 3687
3679 3688
3680 3683
3680 3684
3680 3685
3681 3683
3681 3684
3681 3685
3682 3689
3682 3690
3682 3691
3683 3686
3683 3687
3683 3688
3684 3686
3684 3687
3684 3688
3685 3692
3685 3693
3685 3694
3686 3689
3686 3690
3686 3691
3687 3689
3687 3690
3687 3691
3688 3695
3688 3696
3688 3697
3689 3692
3689 3693
3689 3694
3690 3692
3690 3693
3690 3694
3691 3698
3691 3699
3691 3700
3692 3695
3692 3696
3692 3697
3693 3695
3693 3696
3693 3697
3694 3701
3694 3702
3694 3703
3695 3698
3695 3699
3695 3700
3696 3698
3696 3699
3696 3700
3697 3704
3697 3705
3697 3706
3698 3701
3698 3702
3698 3703
3699 3701
3699 3702
3699 3703
3700 3707
3700 3708
3700 3709
3701 3704
3701 3705
3701 3706
3702 3704
3702 3705
3702 3706
3703 3710
3703 3711
3703 3712
3704 3707
3704 3708
3704 3709
3705 3707
3705 3708
3705 3709
3706 3713
3706 3714
3706 3715
3707 3710
3707 3711
3707 3712
3708 3710
3708 3711
3708 3712
3709 3716
3709 3717
3709 3718
3710 3713
3710 3714
3710 3715
3711 3713
3711 3714
3711 3715
3713 3716
3713 3717
3713 3718
3714 3716
3714 3717
3714 3718
3719 3724
3719 3727
3720 3725
3720 3726
3720 3728
3720 3729
3720 3759
3721 3724
3721 3727
3722 3724
3722 3727
3723 3730
3723 3756
3723 3760
3723 3763
3724 3728
3724 3729
3724 3755
3724 3757
3724 3758
3724 3761
3724 3762
3724 3764
3724 3765
3724 3795
3725 3727
3725 3756
3725 3760
3725 3763
3726 3727
3726 3756
3726 3760
3726 3763
3727 3731
3727 3732
3727 3733
3727 3759
3728 3730
3729 3734
3729 3735
3729 3742
3730 3736
3730 3737
3730 3738
3730 3743
3730 3744
3730 3745
3731 3734
3731 3735
3731 3742
3732 3734
3732 3735
3732 3742
3733 3739
3733 3740
3733 3741
3733 3746
3733 3747
3733 3748
3734 3736
3734 3737
3734 3738
3734 3743
3734 3744
3734 3745
3735 3743
3735 3744
3735 3745
3736 3739
3736 3740
3736 3741
3736 3742
3737 3739
3737 3740
3737 3741
3737 3742
3738 3742
3742 3749
3742 3750
3742 3751
3743 3746
3743 3747
3743 3748
3744 3746
3744 3747
3744 3748
3745 3752
3745 3753
3745 3754
3746 3749
3746 3750
3746 3751
3747 3749
3747 3750
3747 3751
3749 3752
3749 3753
3749 3754
3750 3752
3750 3753
3750 3754
3755 3760
3755 3763
3756 3761
3756 3762
3756 3764
3756 3765
3756 3795
3757 3760
3757 3763
3758 3760
3758 3763
3759 3766
3759 3792
3759 3796
3759 3799
3760 3764
3760 3765
3760 3791
3760 3793
3760 3794
3760 3797
3760 3798
3760 3800
3760 3801
3760 3843
3761 3763
3761 3792
3761 3796
3761 3799
3762 3763
3762 3792
3762 3796
3762 3799
3763 3767
3763 3768
3763 3769
3763 3795
3764 3766
3765 3770
3765 3771
3765 3778
3766 3772
3766 3773
3766 3774
3766 3779
3766 3780
3766 3781
3767 3770
3767 3771
3767 3778
3768 3770
3768 3771
3768 3778
3769 3775
3769 3776
3769 3777
3769 3782
3769 3783
3769 3784
3770 3772
3770 3773
3770 3774
3770 3779
3770 3780
3770 3781
3771 3779
3771 3780
3771 3781
3772 3775
3772 3776
3772 3777
3772 3778
3773 3775
3773 3776
3773 3777
3773 3778
3774 3778
3778 3785
3778 3786
3778 3787
3779 3782
3779 3783
3779 3784
3780 3782
3780 3783
3780 3784
3781 3788
3781 3789
3781 3790
3782 3785
3782 3786
3782 3787
3783 3785
3783 3786
3783 3787
3785 3788
3785 3789
3785 3790
3786 3788
3786 3789
3786 3790
3791 3796
3791 3799
3792 3797
3792 3798
3792 3800
3792 3801
3792 3843
3793 3796
3793 3799
3794 3796
3794 3799
3795 3802
3795 3840
3795 3844
3795 3847
3796 3800
3796 3801
3796 3839
3796 3841
3796 3842
3796 3845
3796 3846
3796 3848
3796 3849
3796 3879
3797 3799
3797 3840
3797 3844
3797 3847
3798 3799
3798 3840
3798 3844
3798 3847
3799 3803
3799 3804
3799 3805
3799 3843
3800 3802
3801 3806
3801 3807
3801 3808
3802 3809
3802 3810
3802 3811
3803 3806
3803 3807
3803 3808
3804 3806
3804 3807
3804 3808
3805 3812
3805 3813
3805 3814
3806 3809
3806 3810
3806 3811
3807 3809
3807 3810
3807 3811
3808 3815
3808 3816
3808 3817
3809 3812
3809 3813
3809 3814
3810 3812
3810 3813
3810 3814
3811 3818
3811 3819
3811 3820
3812 3815
3812 3816
3812 3817
3813 3815
3813 3816
3813 3817
3814 3821
3814 3822
3814 3823
3815 3818
3815 3819
3815 3820
3816 3818
3816 3819
3816 3820
3817 3824
3817 3825
3817 3826
3818 3821
3818 3822
3818 3823
3819 3821
3819 3822
3819 3823
3820 3827
3820 3828
3820 3829
3821 3824
3821 3825
3821 3826
3822 3824
3822 3825
3822 3826
3823 3830
3823 3831
3823 3832
3824 3827
3824 3828
3824 3829
3825 3827
3825 3828
3825 3829
3826 3833
3826 3834
3826 3835
3827 3830
3827 3831
3827 3832
3828 3830
3828 3831
3828 3832
3829 3836
3829 3837
3829 3838
3830 3833
3830 3834
3830 3835
3831 3833
3831 3834
3831 3835
3833 3836
3833 3837
3833 3838
3834 3836
3834 3837
3834 3838
3839 3844
3839 3847
3840 3845
3840 3846
3840 3848
3840 3849
3840 3879
3841 3844
3841 3847
3842 3844
3842 3847
3843 3850
3843 3876
3843 3880
3843 3883
3844 3848
3844 3849
3844 3875
3844 3877
3844 3878
3844 3881
3844 3882
3844 3884
3844 3885
3844 3927
3845 3847
3845 3876
3845 3880
3845 3883
3846 3847
3846 3876
3846 3880
3846 3883
3847 3851
3847 3852
3847 3853
3847 3879
3848 3850
3849 3854
3849 3855
3849 3862
3850 3856
3850 3857
3850 3858
3850 3863
3850 3864
3850 3865
3851 3854
3851 3855
3851 3862
3852 3854
3852 3855
3852 3862
3853 3859
3853 3860
3853 3861
3853 3866
3853 3867
3853 3868
3854 3856
3854 3857
3854 3858
3854 3863
3854 3864
3854 3865
3855 3863
3855 3864
3855 3865
3856 3859
3856 3860
3856 3861
3856 3862
3857 3859
3857 3860
3857 3861
3857 3862
3858 3862
3862 3869
3862 3870
3862 3871
3863 3866
3863 3867
3863 3868
3864 3866
3864 3867
3864 3868
3865 3872
3865 3873
3865 3874
3866 3869
3866 3870
3866 3871
3867 3869
3867 3870
3867 3871
3869 3872
3869 3873
3869 3874
3870 3872
3870 3873
3870 3874
3875 3880
3875 3883
3876 3881
3876 3882
3876 3884
3876 3885
3876 3927
3877 3880
3877 3883
3878 3880
3878 3883
3879 3886
3879 3924
3879 3928
3879 3931
3880 3884
3880 3885
3880 3923
3880 3925
3880 3926
3880 3929
3880 3930
3880 3932
3880 3933
3880 3975
3881 3883
3881 3924
3881 3928
3881 3931
3882 3883
3882 3924
3882 3928
3882 3931
3883 3887
3883 3888
3883 3889
3883 3927
3884 3886
3885 3890
3885 3891
3885 3892
3886 3893
3886 3894
3886 3895
3887 3890
3887 3891
3887 3892
3888 3890
3888 3891
3888 3892
3889 3896
3889 3897
3889 3898
3890 3893
3890 3894
3890 3895
3891 3893
3891 3894
3891 3895
3892 3899
3892 3900
3892 3901
3893 3896
3893 3897
3893 3898
3894 3896
3894 3897
3894 3898
3895 3902
3895 3903
3895 3904
3896 3899
3896 3900
3896 3901
3897 3899
3897 3900
3897 3901
3898 3905
3898 3906
3898 3907
3899 3902
3899 3903
3899 3904
3900 3902
3900 3903
3900 3904
3901 3908
3901 3909
3901 3910
3902 3905
3902 3906
3902 3907
3903 3905
3903 3906
3903 3907
3904 3911
3904 3912
3904 3913
3905 3908
3905 3909
3905 3910
3906 3908
3906 3909
3906 3910
3907 3914
3907 3915
3907 3916
3908 3911
3908 3912
3908 3913
3909 3911
3909 3912
3909 3913
3910 3917
3910 3918
3910 3919
3911 3914
3911 3915
3911 3916
3912 3914
3912 3915
3912 3916
3913 3920
3913 3921
3913 3922
3914 3917
3914 3918
3914 3919
3915 3917
3915 3918
3915 3919
3917 3920
3917 3921
3917 3922
3918 3920
3918 3921
3918 3922
3923 3928
3923 3931
3924 3929
3924 3930
3924 3932
3924 3933
3924 3975
3925 3928
3925 3931
3926 3928
3926 3931
3927 3934
3927 3972
3927 3976
3927 3979
3928 3932
3928 3933
3928 3971
3928 3973
3928 3974
3928 3977
3928 3978
3928 3980
3928 3981
3928 4011
3929 3931
3929 3972
3929 3976
3929 3979
3930 3931
3930 3972
3930 3976
3930 3979
3931 3935
3931 3936
3931 3937
3931 3975
3932 3934
3933 3938
3933 3939
3933 3940
3934 3941
3934 3942
3934 3943
3935 3938
3935 3939
3935 3940
3936 3938
3936 3939
3936 3940
3937 3944
3937 3945
3937 3946
3938 3941
3938 3942
3938 3943
3939 3941
3939 3942
3939 3943
3940 3947
3940 3948
3940 3949
3941 3944
3941 3945
3941 3946
3942 3944
3942 3945
3942 3946
3943 3950
3943 3951
3943 3952
3944 3947
3944 3948
3944 3949
3945 3947
3945 3948
3945 3949
3946 3953
3946 3954
3946 3955
3947 3950
3947 3951
3947 3952
3948 3950
3948 3951
3948 3952
3949 3956
3949 3957
3949 3958
3950 3953
3950 3954
3950 3955
3951 3953
3951 3954
3951 3955
3952 3959
3952 3960
3952 3961
3953 3956
3953 3957
3953 3958
3954 3956
3954 3957
3954 3958
3955 3962
3955 3963
3955 3964
3956 3959
3956 3960
3956 3961
3957 3959
3957 3960
3957 3961
3958 3965
3958 3966
3958 3967
3959 3962
3959 3963
3959 3964
3960 3962
3960 3963
3960 3964
3961 3968
3961 3969
3961 3970
3962 3965
3962 3966
3962 3967
3963 3965
3963 3966
3963 3967
3965 3968
3965 3969
3965 3970
3966 3968
3966 3969
3966 3970
3971 3976
3971 3979
3972 3977
3972 3978
3972 3980
3972 3981
3972 4011
3973 3976
3973 3979
3974 3976
3974 3979
3975 3982
3975 4008
3975 4012
3975 4015
3976 3980
3976 3981
3976 4007
3976 4009
3976 4010
3976 4013
3976 4014
3976 4016
3976 4017
3976 4077
3977 3979
3977 4008
3977 4012
3977 4015
3978 3979
3978 4008
3978 4012
3978 4015
3979 3983
3979 3984
3979 3985
3979 4011
3980 3982
3981 3986
3981 3987
3981 3994
3982 3988
3982 3989
3982 3990
3982 3995
3982 3996
3982 3997
3983 3986
3983 3987
3983 3994
3984 3986
3984 3987
3984 3994
3985 3991
3985 3992
3985 3993
3985 3998
3985 3999
3985 4000
3986 3988
3986 3989
3986 3990
3986 3995
3986 3996
3986 3997
3987 3995
3987 3996
3987 3997
3988 3991
3988 3992
3988 3993
3988 3994
3989 3991
3989 3992
3989 3993
3989 3994
3990 3994
3994 4001
3994 4002
3994 4003
3995 3998
3995 3999
3995 4000
3996 3998
3996 3999
3996 4000
3997 4004
3997 4005
3997 4006
3998 4001
3998 4002
3998 4003
3999 4001
3999 4002
3999 4003
4001 4004
4001 4005
4001 4006
4002 4004
4002 4005
4002 4006
4007 4012
4007 4015
4008 4013
4008 4014
4008 4016
4008 4017
4008 4077
4009 4012
4009 4015
4010 4012
4010 4015
4011 4018
4011 4074
4011 4078
4011 4081
4012 4016
4012 4017
4012 4073
4012 4075
4012 4076
4012 4079
4012 4080
4012 4082
4012 4083
4012 4125
4013 4015
4013 4074
4013 4078
4013 4081
4014 4015
4014 4074
4014 4078
4014 4081
4015 4019
4015 4020
4015 4021
4015 4077
4016 4018
4017 4022
4017 4023
4017 4024
4018 4025
4018 4026
4018 4027
4019 4022
4019 4023
4019 4024
4020 4022
4020 4023
4020 4024
4021 4028
4021 4029
4021 4030
4022 4025
4022 4026
4022 4027
4023 4025
4023 4026
4023 4027
4024 4031
4024 4032
4024 4033
4025 4028
4025 4029
4025 4030
4026 4028
4026 4029
4026 4030
4027 4034
4027 4035
4027 4036
4028 4031
4028 4032
4028 4033
4029 4031
4029 4032
4029 4033
4030 4037
4030 4038
4030 4039
4031 4034
4031 4035
4031 4036
4032 4034
4032 4035
4032 4036
4033 4040
4033 4041
4033 4042
4034 4037
4034 4038
4034 4039
4035 4037
4035 4038
4035 4039
4036 4043
4036 4044
4036 4045
4037 4040
4037 4041
4037 4042
4038 4040
4038 4041
4038 4042
4039 4046
4039 4047
4039 4048
4040 4043
4040 4044
4040 4045
4041 4043
4041 4044
4041 4045
4042 4049
4042 4050
4042 4051
4043 4046
4043 4047
4043 4048
4044 4046
4044 4047
4044 4048
4045 4052
4045 4053
4045 4054
4046 4049
4046 4050
4046 4051
4047 4049
4047 4050
4047 4051
4048 4055
4048 4056
4048 4057
4049 4052
4049 4053
4049 4054
4050 4052
4050 4053
4050 4054
4051 4058
4051 4059
4051 4060
4052 4055
4052 4056
4052 4057
4053 4055
4053 4056
4053 4057
4054 4061
4054 4062
4054 4063
4055 4058
4055 4059
4055 4060
4056 4058
4056 4059
4056 4060
4057 4064
4057 4065
4057 4066
4058 4061
4058 4062
4058 4063
4059 4061
4059 4062
4059 4063
4060 4067
4060 4068
4060 4069
4061 4064
4061 4065
4061 4066
4062 4064
4062 4065
4062 4066
4063 4070
4063 4071
4063 4072
4064 4067
4064 4068
4064 4069
4065 4067
4065 4068
4065 4069
4067 4070
4067 4071
4067 4072
4068 4070
4068 4071
4068 4072
4073 4078
4073 4081
4074 4079
4074 4080
4074 4082
4074 4083
4074 4125
4075 4078
4075 4081
4076 4078
4076 4081
4077 4084
4077 4122
4077 4126
4077 4129
4078 4082
4078 4083
4078 4121
4078 4123
4078 4124
4078 4127
4078 4128
4078 4130
4078 4131
4078 4187
4079 4081
4079 4122
4079 4126
4079 4129
4080 4081
4080 4122
4080 4126
4080 4129
4081 4085
4081 4086
4081 4087
4081 4125
4082 4084
4083 4088
4083 4089
4083 4090
4084 4091
4084 4092
4084 4093
4085 4088
4085 4089
4085 4090
4086 4088
4086 4089
4086 4090
4087 4094
4087 4095
4087 4096
4088 4091
4088 4092
4088 4093
4089 4091
4089 4092
4089 4093
4090 4097
4090 4098
4090 4099
4091 4094
4091 4095
4091 4096
4092 4094
4092 4095
4092 4096
4093 4100
4093 4101
4093 4102
4094 4097
4094 4098
4094 4099
4095 4097
4095 4098
4095 4099
4096 4103
4096 4104
4096 4105
4097 4100
4097 4101
4097 4102
4098 4100
4098 4101
4098 4102
4099 4106
4099 4107
4099 4108
4100 4103
4100 4104
4100 4105
4101 4103
4101 4104
4101 4105
4102 4109
4102 4110
4102 4111
4103 4106
4103 4107
4103 4108
4104 4106
4104 4107
4104 4108
4105 4112
4105 4113
4105 4114
4106 4109
4106 4110
4106 4111
4107 4109
4107 4110
4107 4111
4108 4115
4108 4116
4108 4117
4109 4112
4109 4113
4109 4114
4110 4112
4110 4113
4110 4114
4111 4118
4111 4119
4111 4120
4112 4115
4112 4116
4112 4117
4113 4115
4113 4116
4113 4117
4115 4118
4115 4119
4115 4120
4116 4118
4116 4119
4116 4120
4121 4126
4121 4129
4122 4127
4122 4128
4122 4130
4122 4131
4122 4187
4123 4126
4123 4129
4124 4126
4124 4129
4125 4132
4125 4188
4125 4189
4125 4190
4126 4130
4126 4131
4127 4129
4127 4188
4127 4189
4127 4190
4128 4129
4128 4188
4128 4189
4128 4190
4129 4133
4129 4134
4129 4135
4129 4187
4130 4132
4131 4136
4131 4137
4131 4138
4132 4139
4132 4140
4132 4141
4133 4136
4133 4137
4133 4138
4134 4136
4134 4137
4134 4138
4135 4142
4135 4143
4135 4144
4136 4139
4136 4140
4136 4141
4137 4139
4137 4140
4137 4141
4138 4145
4138 4146
4138 4147
4139 4142
4139 4143
4139 4144
4140 4142
4140 4143
4140 4144
4141 4148
4141 4149
4141 4150
4142 4145
4142 4146
4142 4147
4143 4145
4143 4146
4143 4147
4144 4151
4144 4152
4144 4153
4145 4148
4145 4149
4145 4150
4146 4148
4146 4149
4146 4150
4147 4154
4147 4155
4147 4156
4148 4151
4148 4152
4148 4153
4149 4151
4149 4152
4149 4153
4150 4157
4150 4158
4150 4159
4151 4154
4151 4155
4151 4156
4152 4154
4152 4155
4152 4156
4153 4160
4153 4161
4153 4162
4154 4157
4154 4158
4154 4159
4155 4157
4155 4158
4155 4159
4156 4163
4156 4164
4156 4165
4157 4160
4157 4161
4157 4162
4158 4160
4158 4161
4158 4162
4159 4166
4159 4167
4159 4168
4160 4163
4160 4164
4160 4165
4161 4163
4161 4164
4161 4165
4162 4169
4162 4170
4162 4171
4163 4166
4163 4167
4163 4168
4164 4166
4164 4167
4164 4168
4165 4172
4165 4173
4165 4174
4166 4169
4166 4170
4166 4171
4167 4169
4167 4170
4167 4171
4168 4175
4168 4176
4168 4177
4169 4172
4169 4173
4169 4174
4170 4172
4170 4173
4170 4174
4171 4178
4171 4179
4171 4180
4172 4175
4172 4176
4172 4177
4173 4175
4173 4176
4173 4177
4174 4181
4174 4182
4174 4183
4175 4178
4175 4179
4175 4180
4176 4178
4176 4179
4176 4180
4177 4184
4177 4185
4177 4186
4178 4181
4178 4182
4178 4183
4179 4181
4179 4182
4179 4183
4181 4184
4181 4185
4181 4186
4182 4184
4182 4185
4182 4186
