1 -425.47096000 -127.44296640 695.34732800
2 145.52328560 188.49798640 -176.14430800
3 840.61162400 -285.85464560 -322.10607680
4 216.90567280 67.13897440 -447.11479200
5 74.35637440 332.00374720 46.13445760
6 187.79381920 -627.26528000 -54.95307440
7 -223.93353760 286.77638080 -225.10673120
8 -118.45489760 -17.94019704 -102.23101920
9 -804.66269600 -490.80412000 314.60709360
10 604.39972000 688.62782400 -593.86022400
11 780.13190400 -240.02143600 159.05476000
12 -2204.52449600 2904.18971200 1136.14009600
13 871.51464800 -3180.91528800 1417.12498400
14 -17.35234504 -458.46598400 -311.62097280
15 168.77084480 -385.74973760 800.18581600
16 810.93869600 327.60008720 -621.90557600
17 -158.39619840 112.51738320 153.00009360
18 226.68953840 409.71150560 -179.40573600
19 -55.82711200 -56.87980640 181.85630480
20 -76.95547520 -74.50281440 -177.88276000
21 484.95488800 -915.07008800 807.81743200
22 -228.56146000 488.11799200 -325.10223920
23 117.82562400 273.35912960 -20.86267920
24 -390.52451840 -27.18679520 10.61384568
25 2153.58429600 1300.14871200 -1765.80699200
26 -1500.21085600 -276.55988960 -1643.75552800
27 -132.01063920 -1527.68718400 -428.62988000
28 -2095.39740800 1664.33662400 343.99258080
29 11.42139952 505.24310400 1410.21720000
30 385.10498320 1293.88944800 886.11680800
31 -782.02725600 519.11724800 1073.43448800
32 -20.54984152 274.30387680 -314.19957200
33 134.34572960 213.23630480 121.70795760
34 577.77692800 -474.18108800 -338.03540160
35 -257.44486720 -103.56404160 -122.87529360
36 412.84239280 -371.86387840 719.27144000
37 39.85059168 38.02699528 -271.67214080
38 -93.65130880 179.27101120 -58.09735040
39 -628.71294400 -117.12438560 -327.77288640
40 -2377.37808800 484.79589600 -1595.68555200
41 2505.88964800 -876.53544800 -82.50053040
42 1875.13491200 -1013.35224800 2716.42434400
43 -596.05264000 -139.55271760 -930.81029600
44 919.46747200 1055.48094400 1520.84634400
45 2370.08119200 655.14327200 2719.04352800
46 431.38295200 -399.05736800 -2003.38706400
47 242.22849600 -277.82554960 -198.19733520
48 349.74934640 16.69775824 12.39978608
49 -21.65851784 152.14655760 263.56815120
50 241.35487680 171.13898880 405.39152560
51 818.98871200 -246.05225360 -1472.50859200
52 -320.27892400 302.29441840 248.53629440
53 362.50343360 49.84775760 -71.42380880
54 -680.10501600 -1264.86085600 910.13296800
55 -3935.89716800 -866.73652000 -2720.22760000
56 -179.68648240 1158.93034400 -529.83247200
57 1075.17921600 -1189.56559200 568.55120800
58 121.15608800 736.09112000 -933.25793600
59 -1140.67973600 604.43737600 3511.94500000
60 -516.72818400 -739.65588800 873.30121600
61 -555.62264800 -967.29477600 -443.02702400
62 -279.61253600 811.66252800 200.47384960
63 34.99418104 374.74707280 -265.92750880
64 106.94471360 447.25286400 -334.11332000
65 -59.88098960 -290.59637280 -200.78346560
66 -222.29257280 232.50571680 252.53075920
67 -233.55339040 165.15042960 -201.67172880
68 623.77164000 436.16944800 -488.79580000
69 182.18516720 -877.01660800 240.09089040
70 -1034.62370400 561.42585600 -2515.37059200
71 32.05174120 -1407.99131200 550.27549600
72 2569.34837600 -717.89490400 -961.98946400
73 -309.04028160 50.37410480 -1430.27529600
74 2052.56161600 432.63396800 1498.13559200
75 593.64684000 80.82023600 759.97757600
76 -901.45953600 939.98580800 -255.85620240
77 -118.14318960 -493.14297600 66.00260000
78 152.94151760 -39.37219312 380.89713440
79 49.43939920 28.83926600 -178.68608800
80 -474.15598400 949.72616000 -67.18667200
81 -1581.19636000 19.30978760 710.80302400
82 155.32305040 395.00934800 32.75038552
83 212.79154560 269.10190960 -183.67843680
84 1799.93588000 -1205.30998400 -639.56205600
85 -2445.34716800 -642.48248800 -1416.41788800
86 -596.80576000 -632.66682400 536.17123200
87 -793.49141600 447.04366400 2198.87609600
88 659.99252800 933.05292000 -2347.74700000
89 -205.45197280 -420.12380800 539.43056800
90 -288.84076640 301.13126640 1847.96820000
91 566.51360000 -1004.28970400 -515.07132000
92 122.63304000 24.23523424 1.95266443
93 -6.33428312 -1.23961042 -421.74720000
94 -229.40328080 608.16532000 495.18058400
95 -256.81643040 -55.95890800 -295.29500480
96 1262.63078400 1367.64918400 90.91497280
97 -253.99808800 -290.94950240 189.84230560
98 -79.89557200 106.16774480 -222.03693040
99 -250.53373600 -1176.75836800 815.30679200
100 285.56427600 537.58124000 -2631.04145600
101 614.50826400 -403.37985840 38.01703736
102 1376.38537600 -1907.19272000 877.93290400
103 -2449.93701600 547.40945600 341.38929600
104 1350.36926400 127.30866000 332.65770640
105 794.41608000 -322.49518880 542.03301600
106 -1106.43369600 1227.97471200 1418.71072000
107 165.34205680 -201.39014560 -565.44668000
108 202.94366480 89.81081520 28.82253000
109 408.94332320 -281.76227520 -711.41388800
110 -227.74767200 -36.45573592 118.30971280
111 -451.95568000 565.07012000 -1074.91562400
112 -9.47106976 -42.54667760 679.22219200
113 -34.29298448 478.51989600 299.83004240
114 828.12656800 -2002.21972800 292.45448720
115 -1324.92217600 1569.28032800 -1230.91606400
116 -269.70900800 175.71879520 19.48020192
117 1793.34189600 -963.42876000 544.79445600
118 -1014.15557600 2289.79023200 1179.94657600
119 6586.20176000 -536.25909600 3478.61944000
120 586.02359200 250.08604800 261.90375600
121 -437.03553600 887.35108800 -1361.80832000
122 17.84484368 29.12193704 305.67592720
123 304.13621520 128.21909840 -427.55040800
124 -301.23586640 -18.97418896 -62.85455840
125 -176.65601120 26.47681224 226.03516080
126 127.01034080 1401.75715200 787.84301600
127 -45.94659600 23.60223688 48.87455920
128 73.46936640 -8.92999488 161.42583280
129 -253.03869680 -1693.40287200 -133.44031200
130 -979.31959200 917.88173600 -1039.82860000
131 122.82926960 -1403.16716000 -605.37459200
132 2793.88273600 193.11879600 -2432.00857600
133 -7407.26992000 1792.50091200 -576.82716000
134 425.39564800 -656.07212000 124.05434480
135 1137.07312800 -936.85199200 -130.68431120
136 -712.64398400 -579.65136000 -929.67224800
137 -17.12117904 -301.01704320 444.22364800
138 -151.79342800 -297.56105920 -354.68102720
139 308.00055760 119.42349360 -98.41730320
140 164.09731680 -64.87794080 -188.13648880
141 1319.71309600 295.25316480 -756.73497600
142 -214.50280160 450.20676800 152.29634480
143 -661.69960000 47.91851520 402.78824080
144 27.29444952 -1671.62096800 -501.10094400
145 -1048.45600800 2178.57951200 -801.00169600
146 83.68167360 -50.79794400 -601.21988000
147 -669.72869600 -1110.37502400 2694.48763200
148 -2009.79276800 -1248.34242400 -1441.17461600
149 2174.05242400 863.22614400 2267.19663200
150 108.00075520 22.58627800 269.76172640
151 -618.98096000 1143.77589600 -335.39822640
152 -317.72375520 -359.63446480 54.74429280
153 195.86684720 -188.08586240 -456.57063200
154 84.04819200 17.08536400 130.27051360
155 -126.37730160 -39.44750512 80.64534480
156 152.62437040 -413.59007360 446.71312800
157 151.03528720 73.89780800 -196.13587840
158 -30.79603912 8.33017664 -35.93679440
159 -464.13948800 -889.13765600 -492.27688800
160 -3701.97809600 1573.60240000 -943.80580000
161 1139.25717600 -1237.43473600 -1341.45316000
162 35.10145880 3106.31456800 578.08236000
163 1364.53628800 -1312.12750400 -28.73320160
164 1520.34008000 141.87149040 -574.51340800
165 -295.67449360 176.21334400 -304.61068080
166 -100.31223680 -809.92198400 -420.88529600
167 99.26205280 -573.87325600 490.98821600
168 295.41383040 -485.33563200 187.89590880
169 -257.10512640 280.47653200 233.59774080
170 -564.27097600 -25.99096616 -96.37425600
171 971.38254400 -46.45537040 -177.44553200
172 -165.32113680 -10.82237624 -253.50312080
173 -287.31988240 -305.83533760 391.92197440
174 -353.48900560 1109.00267200 879.79478400
175 262.99536160 -2.77428906 -1158.99728800
176 -185.12610080 -829.85037600 -305.49852560
177 750.77277600 988.67083200 1411.24228000
178 -521.35150400 -1773.38421600 -1202.46486400
179 692.85366400 -707.18804800 370.91996800
180 1536.31877600 -447.71310400 -483.46956800
181 -1420.32574400 -16.69424368 169.32020400
182 196.55846240 150.58216000 -106.45225680
183 302.98770720 363.22642880 -176.92211360
184 103.11258800 -149.18344880 181.06343680
185 -79.82193360 317.13339280 -335.13003200
186 612.70077600 -486.72472000 916.70184800
187 -688.34331200 -235.29267920 -336.45468640
188 -345.96240800 -77.23120080 250.05132080
189 -52.23975040 644.74603200 -757.22032000
190 -674.79133600 446.35330400 904.31302400
191 -792.65043200 751.04473600 -202.18385040
192 -450.80508000 652.59940000 -208.43642000
193 -1268.03651200 -218.21149920 973.30718400
194 260.94101760 160.72375760 472.36523200
195 1098.37531200 784.00210400 599.11532800
196 -213.88691680 -833.77078400 406.96387280
197 409.63954080 105.28366560 -373.13414080
198 -375.94871760 -163.05466400 -213.37563200
199 -51.56236080 61.86211360 -431.32856000
200 -242.24983440 -148.76881440 261.52719600
201 417.92888160 365.33642000 -652.57848000
202 -248.04885840 142.12127520 -89.82378560
203 -107.63381840 158.39034080 445.86796000
204 -493.08440000 91.74173120 653.53243200
205 -713.47241600 334.86225600 -859.75342400
206 -596.66768800 -1028.60292800 554.11222400
207 -184.76251120 1315.55420000 -517.16332000
208 538.34691200 -1797.64304800 -805.42836800
209 131.50437520 341.72276080 70.74349040
210 1421.82361600 -171.39463120 566.86924000
211 -60.78557040 -999.11828000 -8.30524000
212 -120.46070720 168.90933520 152.75742160
213 242.05569680 102.01596160 84.50382960
214 287.24582560 3.57017373 -205.16411360
215 -275.25280800 -413.85324720 -372.31282160
216 -119.15404400 1335.44912000 162.17225840
217 -62.68134080 -141.70873280 706.02489600
218 492.16392000 189.06115280 195.26351440
219 -51.29584000 -966.63788800 -1003.54495200
220 -272.06920240 466.47416000 -219.71522880
221 -264.57900560 -128.46177040 -300.68734400
222 1104.07810400 465.12272800 410.63449600
223 -541.40541600 400.47365200 910.22501600
224 658.62436000 -151.42816480 -190.33643600
225 1569.16736000 1026.46908800 1975.68480000
226 -409.23327440 -392.42405440 384.12425360
227 -93.07182480 -361.68880880 -407.00278400
228 -530.74458400 282.05097120 -3.90342514
229 326.54571920 12.65400592 -64.23527840
230 -109.42498880 -141.39660640 94.74709840
231 606.52100800 641.65405600 502.66157600
232 -70.85645840 -320.65548400 203.70306080
233 -78.43577440 -206.31764240 -502.40635200
234 -605.32438400 -1305.57117600 498.81229600
235 -1813.87278400 -20.69862456 -2645.54320000
236 650.44464000 -790.88478400 -964.65048800
237 -1322.31136000 -104.02009760 -127.36305200
238 183.29099840 520.90381600 -904.30465600
239 -436.62132000 159.35684480 309.61348960
240 691.99594400 38.95529936 316.45432960
241 897.07470400 1529.87541600 -154.28709200
242 -321.27262400 38.71965648 269.93201520
243 -76.29524000 -493.77894400 -99.11770480
244 -79.49600000 81.64573920 -3.86587374
245 273.05620800 -60.43620640 354.63667680
246 -101.85696960 -288.42906080 924.04476800
247 -84.18668240 751.60539200 -67.43269120
248 -95.79393520 -439.81789600 -70.37404320
249 -41.71916608 116.26499200 -1464.19916800
250 -323.93532160 1234.49756800 235.06506960
251 522.86192800 -921.15362400 171.32894240
252 119.66365520 -140.36943440 -228.66689680
253 -1134.66732800 1294.17814400 -1005.56582400
254 115.85244960 957.22807200 137.22934240
255 -126.73796240 -416.96195920 -285.84251200
256 175.66314800 -68.00422560 518.10472000
257 -118.00972000 34.86154824 -61.56546800
258 -164.17388400 -86.05693040 310.31347280
259 -155.09669600 5.28803208 -97.09557760
260 56.34718320 119.87201840 -82.14991120
261 -409.36214160 155.58580560 1400.48521600
262 -351.79908800 -337.09065440 -279.57320640
263 -75.08857440 -198.29231200 -72.25140400
264 250.12412240 977.20248800 -2673.18270400
265 -2497.05304000 -1076.19174400 -376.90727200
266 1959.25423200 95.07428720 1538.15973600
267 1395.16316800 -365.83640800 -1901.05479200
268 -1680.25256000 163.80862080 3130.92904000
269 -1601.14567200 6341.64696000 2880.50408800
270 265.32794160 1024.24738400 544.39697600
271 -140.11379200 -27.41486504 218.66337120
272 144.80154560 -11.43608536 -59.90149120
273 778.19052800 -60.10148640 -175.31252880
274 -6.88991832 -124.47902080 802.64600800
275 266.96514080 -328.51512800 -15.26846200
276 -1052.38060000 72.21584000 1550.92930400
277 3.59499740 -233.98434240 -140.44683840
278 477.92576800 237.18803120 -293.68751200
279 649.93000800 201.02822960 -997.79613600
280 2219.76680800 -6865.90216000 -3791.20189600
281 -387.38568160 296.43849200 -465.74196000
282 592.82677600 -1358.94228000 -454.48700000
283 -1144.15245600 -1219.61089600 -432.01473600
284 -2398.54912800 3882.57208800 -3895.83955200
285 -43.21277040 1112.87287200 -94.20276000
286 1287.43353600 662.50292800 566.99894400
287 -53.45269200 -210.59745600 385.30414160
288 -211.99449360 305.45710400 -404.40033600
289 -855.50248000 -871.08788000 -37.73131200
290 -342.63780160 58.86469600 -476.07225600
291 162.20656720 1228.86172000 977.06860000
292 309.03693440 -671.71191200 -364.64857040
293 54.03803360 -50.39628000 -22.35055144
294 301.40615520 -165.32239200 -678.75776800
295 1004.57003200 -4006.54819200 7248.48712000
296 836.08872000 286.62952240 -267.26513360
297 2752.18499200 101.51848400 -694.69462400
298 -991.43645600 -1642.42083200 904.68540000
299 -759.95247200 1302.93944000 -705.83243200
300 122.66693040 425.09858400 -397.41431120
301 -816.18961600 434.63392000 -2204.91779200
302 -154.97326800 -1173.02205600 319.45091040
303 328.12559760 130.05880320 102.83435200
304 -13.31616576 21.60282880 407.54293840
305 -76.99438640 40.63157712 101.40551600
306 535.15870400 1018.49856800 -553.35492000
307 266.99652080 -73.91830960 258.07330400
308 -175.62549200 -447.56666400 151.53276480
309 -1065.74848000 -1080.47616000 -256.93316400
310 2481.18312800 -875.56057600 -2275.98721600
311 475.17269600 494.19316000 963.39947200
312 -1321.33230400 8.11587216 1146.24864000
313 -61.10564640 -638.52024000 -308.98003200
314 -147.15169840 3261.10164800 -1109.57588000
315 -466.41140000 4879.84104000 547.07055200
316 -766.48788000 -343.02524000 870.48956800
317 2.84888142 437.69660800 0.98508514
318 -210.01588000 -113.97801760 -457.36977600
319 97.82024640 93.41574960 -80.34033120
320 25.87297736 398.74189440 -72.74804480
321 -164.44500720 -518.09635200 -789.50406400
322 203.68925360 -107.84301840 -105.30082000
323 136.35614160 300.08652160 218.83784400
324 931.91487200 621.76750400 966.13162400
325 155.97868320 -4194.66920000 1240.66478400
326 -269.48683760 -84.11011520 -1238.91168800
327 530.49772800 721.42201600 -106.11042400
328 -944.12796800 1128.45408800 571.32101600
329 -5.80228752 -500.17209600 -197.15468240
330 -1134.21545600 1327.63340800 -616.83038400
331 -733.89033600 -6729.67112000 -405.99402160
332 229.06730560 646.36524000 204.98085440
333 252.20775440 271.94577440 316.27023360
334 -123.86857520 234.06383840 -157.50249600
335 -16.36487920 107.34219360 -32.09563136
336 -198.15549520 -235.17301680 -637.28177600
337 365.81506960 328.84942960 350.53468320
338 -138.83976400 -130.06215040 235.79936160
339 -145.62035440 -904.31720800 -1132.43725600
340 2985.13337600 249.95383360 3981.78309600
341 -557.85272000 -70.27864800 -726.57252000
342 -2012.57094400 -460.90944000 549.92404000
343 1250.81516800 727.31308800 -1907.96257600
344 -372.46260880 419.55060000 -193.49661120
345 -578.78527200 3601.93028800 -5752.74896000
346 -569.32106400 -950.51275200 1176.95920000
347 -59.95672000 516.10895200 -305.68931600
348 87.10167520 152.45198960 146.35548320
349 526.62334400 -643.60798400 -514.53576800
350 116.06750720 -251.69186720 -92.66472160
351 585.49640800 887.46405600 -54.07527120
352 208.56905280 -60.09228160 235.76965520
353 -269.26675920 25.70816960 -30.22651304
354 -647.52002400 -449.40344000 444.01444800
355 447.93067200 -3860.33831200 5482.62992000
356 -786.88488000 -529.84502400 413.51894560
357 -427.92696800 495.02996000 -508.31416000
358 -413.97542000 1196.01313600 -656.18927200
359 -1070.48895200 1088.27095200 -1174.34001600
360 -569.40056000 -26.92600648 -741.97800800
361 -11.41767576 -366.50710320 -945.53379200
362 -122.69914720 131.82905360 117.75742480
363 128.55967600 181.31573200 529.87431200
364 90.75388880 608.06072000 -132.55748800
365 -6.91389264 92.28899840 128.82033920
366 -306.73238720 -212.58904000 -101.02142480
367 -59.25046080 -144.47226480 -116.72146640
368 -117.33233040 197.53040560 -80.84575840
369 632.79652800 447.19847200 1427.53896000
370 4107.38677600 237.99135920 100.79381520
371 -515.33909600 -58.39608800 -177.08947360
372 -1132.80126400 -1284.22022400 884.89926400
373 -920.81053600 -1373.05072800 328.58583760
374 -181.88140880 468.03479200 -204.13694160
375 -1181.58252000 2162.01505600 887.75275200
376 483.64111200 -61.21777760 1133.90584000
377 -23.67156576 -174.57865520 207.62723440
378 416.35946320 -440.19864000 -496.15545600
379 29.55916504 -269.04040480 -113.73116160
380 67.04483440 -147.05211920 -427.53367200
381 690.02946400 753.79362400 203.69050880
382 -181.40819840 -925.41293600 145.69231920
383 -21.81658936 225.55860320 574.44228000
384 -472.18950400 -141.43593600 -1121.98980800
385 2035.35700800 -2546.10207200 1065.34263200
386 -56.86976480 -134.76956880 -297.97945920
387 -1989.30372000 359.54701920 -1151.42424800
388 575.34184000 -194.85557440 538.41804000
389 -2663.88585600 910.68107200 926.29157600
390 -345.05448000 859.63627200 -405.26851600
391 257.82226400 712.43478400 -447.29052000
392 -226.61213440 -302.59357440 360.56373120
393 -31.42129608 -93.69482240 -145.08145520
394 166.18429600 173.29876960 -167.94617840
395 87.34058160 58.24169840 236.27006160
396 -134.78044720 -208.18579840 -752.07400000
397 -100.94904160 331.09707440 46.04659360
398 469.36948800 266.27645440 505.04645600
399 -183.93073200 -438.84302400 -451.50380800
400 4554.66056000 -239.96160480 -314.51671920
401 -456.87606400 -147.05504800 558.08702400
402 -874.58988800 -286.53287200 -2306.22916800
403 1214.00015200 -942.95226400 1990.27440800
404 -1445.53016000 1847.50377600 -753.80199200
405 -657.59091200 493.43167200 575.66400800
406 769.11961600 -409.69686160 381.44189120
407 -164.16049520 -174.06318640 493.82078400
408 302.14337600 -204.23819440 -77.56592080
409 -321.46801680 161.34382640 -136.32559840
410 384.81837920 -44.64453520 -176.25225520
411 -736.93210400 758.73492800 -299.10160800
412 60.31026800 60.75209840 -200.82321360
413 -104.29456800 -155.47660320 67.18625360
414 242.19084000 -1738.81182400 2256.53998400
415 948.56719200 -812.79639200 486.27703200
416 118.82601840 -508.30997600 -663.81670400
417 -301.47100720 823.43212000 1467.24093600
418 1029.27655200 -969.67128800 568.63488800
419 -998.16851200 -118.78208640 1982.34991200
420 -356.54667280 -816.06409600 511.62788800
421 -173.50504080 -750.24977600 287.27385840
422 -272.77755360 345.73312480 -210.41001280
423 734.21668800 -310.47874080 -163.17558160
424 -207.18791440 428.98552000 84.35906320
425 -178.61370480 231.99903440 248.32793120
426 130.04834320 -378.61601760 -528.15887200
427 1.38154843 96.42028000 185.01355120
428 -285.41867280 157.65353840 -132.72108240
429 -159.27149120 1107.10313600 588.02772800
430 316.67566320 1076.92394400 -3039.98143200
431 -411.39389200 -530.15464000 -280.45854080
432 -767.14476800 -273.46205600 1290.09874400
433 1468.07773600 -1872.14335200 -3901.42519200
434 -1887.85008800 2808.20875200 4604.11544000
435 60.42574640 1487.93918400 5446.31280000
436 -147.55838320 595.39156800 -470.77531200
437 350.84178880 141.95517040 -166.58596000
438 69.16026480 -136.00761440 -226.87321600
439 -105.54098160 356.67512160 440.29905600
440 -341.37297840 -98.51311680 -96.85541600
441 1279.00277600 -1022.69093600 938.72224000
442 -103.14229440 -133.81854560 114.55248080
443 -672.96711200 406.34338560 -432.59631200
444 105.20333280 1298.05252800 -827.67469600
445 2059.15141600 -1823.25331200 -4103.07725600
446 -123.43385760 -1023.85827200 49.34233040
447 -1192.34795200 -335.09028400 1114.45860800
448 1464.55062400 -122.54643120 -3369.12416000
449 639.71686400 -21.83186096 2275.13786400
450 975.75900800 495.93788800 979.77564800
451 -386.73339600 1414.97440800 -2153.54245600
452 132.87170640 -311.63561680 -105.52466400
453 477.77932800 -458.94296000 254.13323120
454 -205.70384960 -139.14352240 414.46745840
455 -633.70864000 234.86716640 25.31650536
456 1209.52327200 193.78781760 -713.84479200
457 -240.52811840 -166.44537760 -230.70366800
458 326.97792640 328.15153840 382.09124800
459 -647.56604800 960.78865600 145.17015600
460 -401.46526000 -3414.61260800 -1298.08181600
461 28.80968512 -357.04205840 -149.49766720
462 -2869.04829600 1178.92568000 -2113.75261600
463 1631.52151200 343.44489520 -1506.95546400
464 298.23008080 -1369.97967200 1717.37719200
465 -134.73484160 -291.01937520 2357.98106400
466 456.43674400 661.13894400 1099.51754400
467 -612.63383200 -125.49405920 -105.44558640
468 354.20656160 -343.58715120 90.11373680
469 585.96920000 -85.86446640 -445.11902400
470 475.25637600 -74.00826560 526.19657600
471 -1137.57939200 472.87568000 -610.76358400
472 251.49354560 -306.53573920 283.49403280
473 434.70086400 -446.83446400 -50.98664240
474 591.90211200 1325.20250400 -500.72856800
475 -539.19626400 -200.35586080 -2340.76808800
476 -849.51517600 206.14191440 -123.70539920
477 1189.08861600 92.89777040 612.82629600
478 -8.26114064 -1225.94128800 -767.88533600
479 -393.29558160 433.13186400 343.59635600
480 -234.35546320 1438.85249600 5886.46960000
481 84.95444640 152.68169120 -740.12868000
482 -67.16031280 228.82798080 -447.42440800
483 -105.23094720 -179.37435600 -43.94622560
484 256.61727200 299.10579200 -341.16503360
485 -395.57335120 -196.18273920 252.91819760
486 58.48269680 -41.21507776 -267.47391520
487 69.60627920 142.32963840 1.04717570
488 -99.26623680 113.84664000 440.73837600
489 29.04453304 -351.95389600 -324.78551040
490 -949.75963200 -414.97916160 -5476.60496000
491 302.14463120 -268.12745600 -136.55613680
492 1953.13304000 1066.95765600 1376.55692000
493 -661.82093600 -1015.87101600 -1745.20079200
494 729.82348800 488.28953600 571.07834400
495 2354.42466400 -1112.27456000 3361.53438400
496 -893.77352800 -2493.44224800 -972.93062400
497 -157.39998800 145.66010240 62.38929760
498 97.83447200 386.57063840 324.97630080
499 -9.87871688 182.38558080 -19.01874856
500 -479.66631200 -96.81692320 7.78420648
501 606.30762400 933.65960000 -728.68125600
502 29.60104688 1.31950390 148.95123680
503 -237.05121440 -597.23671200 393.26001760
504 -339.29604080 -635.41571200 906.17908800
505 -2057.23932800 4414.53840000 -2177.43728000
506 142.01165440 -1694.54092000 -2065.54038400
507 -1691.16024800 2361.53746400 2928.45272800
508 1470.59232000 -1426.46785600 -2548.75891200
509 14766.34016000 5440.12048000 5684.25688000
510 -914.92783200 218.74412240 269.44374240
511 526.69028800 -3006.39228000 -1789.96540800
512 133.00726800 253.82152320 193.11712240
513 214.64171040 402.57192800 212.04804880
514 240.65949600 381.33896480 204.52898240
515 -362.70426560 -67.50507440 57.90614160
516 1227.87429600 345.11933200 -538.11260800
517 -284.74714080 -79.58846640 137.44523680
518 149.19139840 -67.71385600 -209.70417200
519 -853.84143200 -579.96934400 799.14400000
520 -13980.41760000 -5484.42904000 -5836.80552000
521 -694.38500800 403.38027680 -79.48093760
522 727.77332800 3194.05304800 1489.53328800
523 -81.44197840 -2204.71696000 -776.27007200
524 7.83190408 -67.94606800 -91.87687440
525 -907.33387200 610.22803200 336.51242560
526 -1200.64482400 -607.78876000 7.32819232
527 -172.63351360 41.39875536 236.66921520
528 130.19269120 470.02219200 -419.40834400
529 99.20766080 -5.95768128 226.17155920
530 388.28775200 118.60175600 -71.57652480
531 -746.01138400 -549.71902400 -140.31085840
532 -101.77077920 23.95595224 164.09857200
533 -57.97350400 -141.41417920 105.70834160
534 -26.31614664 821.08489600 548.35922400
535 -869.23855200 1335.97212000 292.41808640
536 -13.39884160 -419.83929600 152.37458560
537 537.75696800 -905.81089600 -622.19427200
538 1804.22448000 -871.75732000 -114.48930240
539 -898.61441600 755.64295200 -435.30754400
540 -273.15704240 187.95281120 -414.08796960
541 108.09531360 -536.61055200 429.90600000
542 -316.58696240 140.15521360 -529.10027200
543 146.76928080 -194.51206800 -174.59246240
544 290.71268800 243.87950240 256.00766320
545 -163.04294880 51.54771680 736.24592800
546 -877.15886400 -501.73691200 -1832.76354400
547 232.65550400 -335.60449760 463.69598400
548 140.76440400 421.17817600 451.05612000
549 670.56549600 596.59237600 1309.63802400
550 568.35037600 -258.29045360 -1200.69921600
551 -642.69168800 -803.33636800 -570.24991200
552 -1361.12632800 -439.35765600 1370.09682400
553 -584.48388000 -2296.97416000 536.34696000
554 -428.49180800 2048.42782400 682.75348800
555 -2232.39412000 2150.73080800 163.40277280
556 972.15658400 -575.52593600 -789.01872000
557 299.89489440 466.90511200 8.19043104
558 85.76070320 -79.70101600 -34.33879928
559 147.40524880 444.72991200 -286.32241680
560 -634.78811200 -156.50879600 264.89740800
561 1802.56761600 152.66704720 -509.04636000
562 258.68667840 69.18620560 -232.62537920
563 -208.49332240 77.76256880 176.26522560
564 -1526.37759200 -414.22185760 721.39691200
565 4768.71400000 -1587.07069600 -2658.74790400
566 -272.66709600 29.20992656 17.33088112
567 -1207.48984800 -284.89650960 1304.13606400
568 134.12983520 2082.99184800 1062.05819200
569 280.09453280 214.74463680 -1263.91945600
570 -2284.75688000 717.62712800 -1126.89764000
571 756.58435200 -592.96484800 203.39470000
572 -321.82114640 -34.45812696 -1.01558650
573 99.56330080 67.80213840 -340.97675360
574 -435.21131200 -84.86825600 -312.66404400
575 -295.44688400 505.05482400 -282.42000000
576 446.69220800 1000.35674400 1609.69358400
577 -491.39824800 -97.19432000 -121.88368560
578 225.97700320 -649.60784000 -283.44466160
579 931.66383200 -2.31733350 -948.24502400
580 -795.87629600 -2637.99944800 2689.63419200
581 1132.16111200 871.27616000 -1118.36228000
582 658.77916800 -113.71609920 -1420.51402400
583 677.20550400 -305.58680800 -116.77209280
584 -322.13787520 785.82214400 252.70941600
585 407.52076320 1394.38912800 -687.91236000
586 -72.91247600 626.96403200 -29.88756720
587 203.03571280 -342.93570240 48.33900720
588 -122.67864560 208.59122800 -29.34992320
589 120.35778080 205.90426320 -283.20993920
590 1.91947694 -352.99989600 -388.92874080
591 106.62380080 582.06552800 821.14765600
592 -113.29518880 -206.34776720 58.48102320
593 -26.60534472 385.49953440 -182.47470000
594 -433.38708800 -780.06496000 212.32335600
595 2587.67011200 -1201.20548000 -357.05586560
596 -1074.46375200 -444.84706400 579.07396800
597 -1577.00817600 -1219.00421600 -1333.61652800
598 618.82196800 -342.90725120 2415.58219200
599 169.62061520 734.76479200 126.12375120
600 -247.67648240 57.09737440 -359.97964480
601 395.31268800 -381.72765840 -958.80962400
602 -392.24916320 429.54617600 165.76505920
603 -74.55678800 -435.74686400 286.43329280
604 63.88173040 103.87240240 323.72235600
605 12.79161768 279.61504640 -59.68936240
606 -104.37322720 -530.26760800 279.24601760
607 -77.37262000 -88.91125520 -52.42593840
608 -49.24902720 158.56857920 -86.78285440
609 888.43056000 -311.38164800 -114.43407360
610 -670.49855200 -809.82575200 -237.37338240
611 -359.47547280 829.45289600 432.98542400
612 1621.30836800 -1650.37461600 -1540.41491200
613 28.22664472 1114.41676800 2884.67135200
614 -401.20919920 -79.23031600 -815.26495200
615 -110.14589200 255.69804720 -400.41633120
616 -483.36915200 535.54363200 -595.72628800
617 -47.29635440 104.96610000 219.37548800
618 -166.41023200 -2.05854474 -315.52882880
619 -90.05097680 -353.47436160 -123.78112960
620 212.62293040 140.13513040 -14.78838984
621 -1363.32292800 -399.10088160 67.97870320
622 147.68808720 -74.98230080 46.16667440
623 25.66072304 187.44780240 -121.70628400
624 591.64270400 545.74840800 25.58260776
625 99.44112800 -1712.21413600 219.68426720
626 -69.57280720 592.48787200 -145.46219920
627 516.76165600 -418.15439920 -1577.13369600
628 -1864.16864800 -1342.57447200 1395.21756000
629 463.80895200 -98.12023920 -1376.40211200
630 -182.75712000 90.70326240 114.30227760
631 -540.97446400 1620.01969600 188.42351120
632 184.20603920 -136.00552240 -310.83940160
633 117.36956800 -336.68480640 634.68351200
634 1.85174217 -316.43675680 711.17540000
635 38.16724296 -108.92081680 168.11855920
636 -1746.17566400 -425.37472800 503.58624000
637 340.73742880 -64.12105520 -200.90438320
638 316.11584400 90.47063200 -83.15365280
639 839.97147200 1639.95645600 -424.18228800
640 433.61720800 -1786.66841600 1252.15823200
641 -327.69966640 421.78485600 252.02993440
642 2419.24737600 865.52316000 -500.29343200
643 -1218.50632000 -378.85743440 1166.38204800
644 1070.96174400 153.51974640 -134.21477040
645 3155.14184800 779.59216800 -1208.18439200
646 -859.66556000 23.12831520 481.72902400
647 295.99791680 -45.15038080 -54.68195120
648 506.54014400 -106.10624000 -165.57928960
649 99.16205520 -62.24285760 -151.23528240
650 163.77389360 371.99190880 242.34146400
651 110.78604400 -1263.38390400 -317.36016560
652 83.69129680 248.89109760 -209.66233200
653 -176.10916240 -73.75555200 26.70073992
654 -1037.64455200 1465.20751200 -656.82524000
655 -2149.41284800 -1679.37392000 1366.02160800
656 -500.93358400 -361.96788160 349.73010000
657 1479.87243200 3973.19334400 2.02898059
658 -244.08075280 -2084.70728800 -160.58066480
659 1201.44815200 2137.85664000 572.81470400
660 2119.56000800 1645.97723200 65.45282240
661 -1114.16572800 -1862.14359200 -13.05098384
662 -87.37363520 273.90012080 -208.70545120
663 387.60366800 762.98168800 -144.67016800
664 326.72646800 663.28952000 -168.70682960
665 -107.67900560 -40.12681936 -52.18452160
666 -1049.24678400 1368.67426400 -394.90014560
667 7.31693736 -163.46176720 -40.11255192
668 86.12429280 -374.00692320 -164.91570720
669 910.37564000 -975.96402400 -234.70315360
670 -1881.58245600 -3126.04212800 1781.94886400
671 -369.38904240 -229.67063840 130.41276960
672 2508.32473600 835.89625600 -1091.10770400
673 -2166.96891200 -976.57907200 230.09364080
674 2086.80347200 -417.98745760 -1620.98620000
675 606.40385600 288.10480080 -137.56699120
676 -1325.57069600 -478.43621600 237.63781120
677 -36.12264768 -21.36785536 311.66825200
678 264.71289360 117.24446640 -467.63312800
679 -392.58137280 168.67001040 -718.02879200
680 194.70829760 459.79231200 -261.51171520
681 -683.39364000 -208.94268400 1124.20732800
682 -29.75660800 120.80714240 -237.30309120
683 176.06188320 7.04702752 -118.15783360
684 160.51455760 -1258.56393600 -456.95556000
685 -2453.12522400 681.52339200 1396.51041600
686 -388.90489200 420.26188000 791.47472800
687 643.49083200 1005.10558400 1065.52254400
688 1562.38928000 -273.41979760 285.62536240
689 -201.97590560 -65.59424160 226.06486720
690 287.87342560 341.60853760 -190.63852080
691 -1675.85936000 -73.24845120 -1968.12012800
692 3.11503821 -38.20841352 53.32047760
693 405.72833760 -73.92165680 642.24400000
694 199.64499920 65.49089680 202.50267120
695 159.73800720 208.17366480 -11.09969176
696 -208.03642960 1145.06875200 944.02336800
697 488.59496800 -457.45345600 127.70195600
698 -243.02512960 -489.97150400 -207.33602800
699 -339.64582320 -253.80562400 -432.18628000
700 -1602.38413600 1181.19759200 336.99149360
701 928.02375200 -1888.65341600 -719.56850400
702 -561.19155200 1241.73588800 -1107.97340800
703 -18.49625064 856.24304800 -957.93935200
704 832.99674400 448.64613600 477.64962400
705 1562.21355200 2137.12025600 -836.51130400
706 98.93193520 -278.34854960 149.62778960
707 -79.10856160 197.80027360 -118.29967120
708 123.34850400 -373.26468160 -51.76905040
709 -371.48564480 -8.59694848 -204.48505040
710 222.35324080 19.07255480 344.98879120
711 -140.41211120 -338.67178800 -1578.23408800
712 -101.43564080 -49.87620880 172.42975280
713 152.92980240 36.46079856 179.87936480
714 214.17519440 -567.71440800 1762.27988000
715 -3547.63452000 -2391.20202400 577.07401600
716 1088.84834400 -819.12260000 -1487.29484800
717 -540.77363200 -1175.11824000 312.98160960
718 -633.94712800 1730.32667200 974.31552800
719 368.43718240 225.16907280 20.97799024
720 826.02201600 110.00154400 -237.35120720
721 -534.00392000 190.49668320 1402.77386400
722 177.06311440 412.19512800 -279.27656080
723 -188.27707120 177.85598240 41.80585856
724 205.55950160 -211.98654400 -421.24093600
725 249.13962720 -690.82442400 102.13395040
726 1013.20162400 613.26980000 -2668.29579200
727 -350.73258640 108.73964960 327.60050560
728 312.35861200 -279.51839600 632.18148000
729 -1672.54981600 492.20157600 1053.15045600
730 1042.73229600 -996.58696000 -1586.30502400
731 -967.11904800 613.58360000 593.06944800
732 1225.89108000 -3023.25798400 4352.90808000
733 266.98062160 1547.25575200 -2859.63011200
734 858.81202400 1969.92343200 -609.96444000
735 -169.85701120 2074.07992800 -877.86596000
736 -1155.65008800 985.00564800 -1006.56161600
737 -19.94809864 177.84468560 -56.24258320
738 88.79996080 19.16974912 -7.75855856
739 213.84758720 48.55783040 -79.92318640
740 119.93436000 29.58995928 -291.65659840
741 236.05500400 495.74124000 511.18856800
742 -21.68320344 -412.99929280 -489.41084800
743 -53.63093040 -57.20448480 -230.63002960
744 28.93767368 -305.89140320 815.11014400
745 -1593.66468000 -1838.71737600 3885.78958400
746 742.68092000 -1005.60348000 786.44974400
747 1236.09585600 -1015.93377600 -955.92266400
748 -1206.80367200 1261.40487200 -435.24060000
749 -383.86651920 310.02812400 94.38560080
750 1540.80402400 1992.10700000 -32.35160848
751 -418.47531200 -224.23102000 -779.94780800
752 -41.11549856 -52.23891360 -138.88913520
753 -267.86679280 -7.15677384 60.07680080
754 -76.27808560 105.30500400 -60.16884880
755 383.12595120 215.90234960 -327.10009920
756 -509.26811200 -1124.84329600 -21.43500856
757 -8.88146048 27.12700584 119.59461920
758 -68.56948400 596.89362400 99.87124320
759 1040.05453600 665.84176000 61.38471920
760 -4263.57968000 -2386.69585600 -370.44759440
761 856.96688000 199.53203120 -1017.83749600
762 1341.59541600 -2421.25151200 2460.26312800
763 -3001.51373600 349.36065280 -335.16266720
764 -211.00832480 311.57034640 -408.64374880
765 -426.45838400 -342.32525680 -117.59048320
766 1008.10132800 489.49871200 -193.25142880
767 -449.02269600 -167.63865440 129.75420800
768 415.90633600 -100.75323040 -223.28041520
769 63.58508480 -289.54869920 -106.19494080
770 -20.95581504 -35.64270104 -436.07321600
771 55.12127120 524.80748800 2146.96102400
772 120.00423280 17.70488888 -86.03266320
773 -301.26138880 141.52463680 17.66355096
774 682.72838400 -135.73774640 -2354.40792800
775 -938.91888800 -2371.35312800 3052.01880000
776 1091.75204000 970.17336800 -1524.26467200
777 2352.83892800 -487.38997600 602.55876000
778 665.56980000 -311.23353440 -340.37300240
779 -707.84493600 -240.71890880 -330.13475440
780 -1289.52553600 430.41644800 -510.40616000
781 324.83404480 595.48361600 -1043.96239200
782 -58.22370720 395.17085040 -169.82981520
783 -89.36438240 -58.40947680 -109.23796400
784 -598.98980800 -70.10501200 420.79743200
785 172.63309520 272.10183760 46.25160960
786 -333.63759920 -1096.30841600 -570.60136800
787 -111.86593440 118.85865360 -169.96412160
788 -96.31484320 -181.99981600 216.93119520
789 299.30495040 1417.89065600 809.00150400
790 1299.66336800 570.99884800 -788.95177600
791 -275.34527440 -318.39654240 219.19850480
792 -2148.10325600 827.94665600 4642.02248000
793 3199.26631200 -1062.68579200 -2093.73217600
794 -1188.49448800 370.88942480 169.57124400
795 -3218.21983200 401.14727600 -1625.24969600
796 -443.44960800 586.84365600 -1219.15902400
797 245.24264960 -487.33558400 31.59187776
798 14.97031016 -211.14221280 151.67836800
799 158.66020880 -15.84447328 711.26744800
800 -253.52027520 -292.95656720 564.45925600
801 -306.82694560 827.18098400 416.13520080
802 -298.99575280 -941.94810400 -212.26017760
803 237.02067120 296.01507120 -53.11462480
804 451.22348000 684.20533600 -979.96811200
805 2518.38307200 -259.51385520 1601.62683200
806 678.41049600 -1383.26387200 1081.94474400
807 -421.32043200 648.09741600 1354.32732800
808 -372.66971680 -2148.60952000 -410.75122960
809 -949.28265600 -390.03164320 -285.09022880
810 -1075.48883200 -401.93219440 -1326.93886400
811 750.40040000 1007.63272000 -363.64984960
812 577.96939200 -415.83102400 -510.60280800
813 -162.34003680 -169.67166000 -446.95998400
814 172.06783680 -177.59322720 -500.99216000
815 169.74780880 -140.58030800 -75.26011840
816 -485.72892800 473.99280800 771.93963200
817 522.12554400 -167.48970400 -33.16008280
818 -172.53853680 -139.98115920 -572.97369600
819 217.16800960 500.49844800 -22.70723744
820 673.33530400 395.47377200 -1205.51081600
821 -755.62203200 114.13868320 3253.16041600
822 -526.69865600 4222.99488000 -1722.37707200
823 1441.19972000 -3188.19126400 -422.74299200
824 -2715.94736800 1432.50118400 -1216.28043200
825 -2283.07072800 142.34846640 -386.44386320
826 1025.84567200 -811.81733600 583.14500000
827 -146.06427680 -254.49472880 258.37455200
828 -2.17225330 280.92714880 120.53183520
829 -319.90947680 210.18575040 -216.66592960
830 292.04110800 107.41457680 -139.37113200
831 -147.93829040 -982.72955200 1598.91978400
832 71.29996240 -318.39779760 -318.46557840
833 111.30653360 58.81490640 -618.85125600
834 89.82964320 959.71755200 -388.96974400
835 2215.90916000 -841.20156800 1290.44183200
836 1168.54936000 1.96894856 82.29384080
837 1349.41112800 1547.40219200 -2188.44956800
838 -589.35824000 -1737.34324000 1641.42085600
839 -468.75444000 -622.32816000 -156.40043040
840 -1382.12582400 -630.98485600 414.22980720
841 308.43318320 -864.68636000 1734.82865600
842 161.51411520 3.01535441 234.03287680
843 -87.32384560 546.32161600 -110.19275280
844 391.13956640 171.39797840 -52.27029360
845 123.25394560 -162.67308320 -29.34875168
846 -385.39702640 805.29029600 874.38487200
847 289.07883600 221.31393520 -538.90338400
848 -147.91318640 -414.03106720 -522.18830400
849 33.62036464 -478.69980800 1123.55462400
850 830.56584000 2298.48458400 -2610.69048000
851 469.83809600 -627.00587200 -143.69487760
852 -788.23631200 516.02527200 828.28556000
853 2351.54607200 -1036.24291200 231.05847120
854 -2604.90819200 267.16304400 -10.07590880
855 -1867.33593600 -743.25831200 -723.88639200
856 1252.18333600 -642.64148000 49.35906640
857 -42.37806240 78.61275760 243.92092400
858 -182.64582560 239.68462400 -9.43973160
859 -324.41857360 386.26771680 76.73497840
860 16.18128528 220.83277520 229.16019040
861 -872.53972800 -387.20284080 293.84734080
862 276.12391680 3.77477970 110.47098880
863 179.61744640 281.95850480 -144.51954400
864 584.04037600 -641.30260000 -90.04804800
865 1278.34588800 -21.94269512 -2006.90580800
866 236.87799680 715.99536800 1860.41141600
867 -3159.13756800 373.41948960 1850.97231200
868 1804.29560800 1076.23776800 -1582.33859200
869 -1074.53906400 -1435.53876800 323.23240960
870 -2222.02616800 -3302.15924000 3719.11576000
871 1602.15401600 -895.93665600 9.17718560
872 24.68392640 -23.72240136 529.29692000
873 691.17169600 299.19491120 -312.61467280
874 -34.04608664 -249.69107840 -112.18726560
875 -182.47637360 -168.76164000 -291.04866320
876 861.40192000 218.57132320 1155.65427200
877 357.06883600 171.41011200 391.04793680
878 -366.07908000 149.36252400 -182.92155120
879 -894.74421600 -43.32615680 -448.68379200
880 1396.42673600 1228.15462400 -121.06822400
881 -849.90847200 -249.33878560 -576.24140000
882 44.80269040 -252.01236160 11.02567680
883 2207.63739200 3187.19128800 -4155.30612800
884 169.41476240 1427.90296800 -61.41819120
885 542.03720000 -67.11930960 647.88403200
886 611.01044000 571.01140000 353.73000400
887 -335.23588720 -46.16249040 -342.48090160
888 -75.33082800 -32.80348048 55.09742240
889 -546.35927200 589.23272000 -46.51603840
890 85.20841520 -470.05984800 -113.39978880
891 792.42449600 -547.73162400 -1321.16494400
892 -506.36860000 64.89635040 703.14630400
893 -236.78302000 -14.91432824 471.95101600
894 183.76295360 492.26852000 183.97340880
895 -131.29601200 -111.68100160 -352.58568000
896 231.74506560 171.96030800 -232.54211760
897 -336.76764960 82.60178320 367.67318400
898 -60.98640240 -464.50349600 -158.64263600
899 -25.36165072 -168.98590240 -73.07063120
900 63.67922480 135.40511840 4.74566016
901 705.80732800 713.85316000 -26.49689544
902 -404.11875280 -302.87850480 -100.62227120
903 -167.87672400 -417.32220160 437.63803200
904 440.58775200 534.66499200 -904.65611200
905 -542.60204000 -205.71933040 -150.11606240
906 36.09022168 5.58103760 -152.31182560
907 86.60587120 -309.19132400 716.27151200
908 -375.59684320 -42.77596080 348.34184880
909 -89.60328880 -650.45719200 -391.55001680
910 222.66829600 440.95176000 187.38964480
911 178.87353120 -394.30308880 -201.73783600
912 147.13830960 738.78143200 263.24305440
913 -380.88751120 -347.76236480 -70.43345600
914 -132.47129760 -43.69978800 199.42784960
915 373.99018720 -436.93093600 -910.38819200
916 -83.49130160 -1366.79564800 1085.13713600
917 -811.03911200 1148.40340000 971.40346400
918 -859.56096000 -297.31671360 302.88561760
919 -980.73378400 1612.94455200 -968.32822400
920 1373.41473600 -862.37679200 767.81839200
921 446.81772800 -199.51906080 36.01047464
922 470.93848800 961.24471200 896.76090400
923 -124.96310960 -384.72549440 -205.12771280
924 137.46448320 127.35175520 -110.48228560
925 13.23679528 -887.84480000 15.09662512
926 -506.00877600 154.86406560 -103.21007520
927 -96.66713600 336.11996640 328.85570560
928 1777.71465600 -1274.58447200 -824.00532800
929 128.83623840 238.21478480 231.14717200
930 -316.27567280 378.62062000 -39.89912608
931 -1255.05774400 -817.71259200 -1304.26158400
932 152.21726720 -20.53176664 617.93077600
933 160.00662000 218.88554160 -134.89801760
934 1188.73716000 1329.72959200 -473.13927200
935 -644.05148800 -524.96648000 248.14467200
936 -115.85077600 64.50598320 943.00665600
937 -1053.33873600 368.57358080 263.11502400
938 29.51862208 -96.16882160 193.93886000
939 -165.50063040 -371.34506240 246.83549840
940 -25.90276744 -91.06601520 -371.14674080
941 412.41688000 429.50015200 265.71872720
942 -19.77446264 -46.72189120 -126.90448560
943 515.11734400 867.82017600 -601.45000000
944 179.24841760 -84.43897760 540.35104800
945 -34.09708960 -480.32738400 -222.33232080
946 -823.64550400 377.15203600 108.85763840
947 -117.74278080 -1.62089834 31.34874552
948 558.19999200 -365.31884720 105.99954800
949 135.56536560 765.52556000 -883.09177600
950 214.69903120 -242.51802880 200.33954320
951 -311.77536240 345.18041840 138.49667600
952 -231.30700080 -1428.09543200 -484.39841600
953 -202.08092400 225.72052400 482.39009600
954 29.45845616 -145.22329280 200.51485280
955 1124.81400800 -601.73869600 -254.65121040
956 -68.62973360 -18.26090064 -101.49589040
957 -358.57005520 306.16336320 500.78296000
958 395.63987680 166.46504240 -500.75367200
959 -663.69955200 -69.34059520 155.19292800
960 213.84340320 165.70648320 -246.94972160
961 1470.50027200 142.61122160 190.24857200
962 -331.01883360 303.47054080 278.80586080
963 -854.80793600 -148.63408960 382.48663600
964 -738.91532000 -402.49368720 198.78602400
965 -267.15844160 -151.36247600 -38.53401240
966 -54.95725840 211.91457920 -170.50720480
967 -63.49052640 1110.37084000 -1092.73528000
968 224.12809360 -139.61087520 198.73748960
969 307.48216000 -350.85559600 194.89532240
970 -2037.52432000 -729.02434400 595.08613600
971 482.70389600 204.06037440 -114.64201840
972 387.78106960 -67.48164400 -9.18291768
973 1433.40074400 853.62804800 1160.34035200
974 203.59344000 201.69097520 -650.01368800
975 98.97754080 -726.36332000 -357.10440000
976 -127.83375200 -172.22431840 -157.87236160
977 19.34434744 -38.80639080 281.72712960
978 1005.31060000 375.63742800 -1555.89989600
979 -716.85308800 -501.54863200 -30.74432488
980 -565.92784000 -309.59382480 914.60148000
981 -58.70528560 986.93447200 42.74625440
982 426.46675200 -912.38814400 2032.38636800
983 -1088.03246400 -263.36313520 574.07827200
984 -860.71574400 1285.06120800 -232.73207120
985 912.87348800 -1211.38933600 -2098.14629600
986 271.10646400 -49.80842800 485.34400000
987 369.25055200 803.70874400 -387.37982400
988 82.29718800 302.88310720 197.49149440
989 -442.94752800 -627.84267200 459.40320000
990 331.24142240 -554.35908000 -39.23232200
991 -1617.59297600 194.17525600 -426.56716800
992 337.63415600 110.01869840 177.05265440
993 411.00603520 -401.05522800 19.48032744
994 1087.80234400 561.91120000 363.53771840
995 -282.74091280 -132.49138080 -419.09872800
996 -157.48910720 475.51996800 -298.29995360
997 1213.01691200 283.85553040 -708.12108000
998 -129.03832560 -87.70500800 -42.00568640
999 -140.85645200 36.65389016 562.25847200
1000 -838.97986400 -78.08766560 -702.69024800
1001 174.57740000 18.36006144 107.65222800
1002 -93.38144080 -148.00900000 -0.99642378
1003 528.92872800 -407.70653280 750.42132000
1004 180.03542800 99.42481040 0.03850995
1005 283.46223440 -142.23717200 -75.52538400
1006 -167.08887680 1459.95659200 979.92627200
1007 -380.09338800 166.16588640 -280.10624800
1008 13.38871632 -581.47140000 -268.08310560
1009 -1310.81372800 -417.39374800 -432.99797600
1010 -156.26905280 -147.99226400 -33.36141688
1011 308.41895760 -94.85922960 -237.34702320
1012 67.37620720 1187.51543200 569.08676000
1013 529.99983200 -503.49837600 -223.88709520
1014 -140.29746960 31.22594512 36.71049968
1015 729.71888800 -930.24964000 208.09877120
1016 -83.25783440 195.50953360 164.54877040
1017 -47.80596560 34.65967024 268.73915680
1018 701.06267200 -1018.63245600 -1604.79412000
1019 311.72557280 -125.96685120 618.84707200
1020 5.17862048 -644.72511200 -178.37479840
1021 -1437.04500800 2536.64623200 1275.99866400
1022 110.90110400 39.08768112 36.65397384
1023 -114.77339600 -757.26216000 -84.39671920
1024 760.93152800 -1171.57439200 -1137.53755200
1025 -8.54912536 8.71564856 135.23399280
1026 -205.16160320 176.68948320 99.30849520
1027 -301.80154320 1046.65688800 -447.42859200
1028 41.40691416 -235.45292640 203.52649600
1029 74.61452720 192.16902800 193.22967200
1030 -217.19520560 -962.20703200 102.06742480
1031 -283.12458560 381.18206480 70.15312800
1032 168.84113600 -39.39620928 302.89565920
1033 227.56232080 723.09561600 254.02026320
1034 224.38038880 116.57293440 62.24997040
1035 -253.56086000 498.62401600 -140.59369680
1036 35.39174472 -163.22997360 -251.94667280
1037 167.81187200 197.66387520 288.41734560
1038 -36.06474112 -115.30476400 106.89492400
1039 -348.55565120 -414.92184080 -168.20433120
1040 317.01624080 -625.95568800 -109.22666720
1041 5.33506024 266.32666240 -71.54556320
1042 -180.34546240 -189.27286320 -31.34284608
1043 166.22237040 113.22908160 -74.26348960
1044 586.51730400 -834.93812000 -582.81864800
1045 -27.81410232 309.37960400 195.83086480
1046 -86.97280800 200.96546960 -94.99018880
1047 729.72307200 -140.94138720 977.59996800
1048 219.75497680 -699.48948800 -284.80864560
1049 -649.91745600 176.24012160 -353.40490720
1050 -445.47048000 1303.64235200 -634.38644800
1051 1280.24124000 262.67570400 -1358.87115200
1052 -136.01556400 -185.51563120 654.81692000
1053 -275.02561680 -1044.33476800 120.01176400
1054 398.42934960 1748.29276800 -1349.18937600
1055 -70.69035360 -450.51220000 313.03809360
1056 249.58103920 222.86536240 151.89426240
1057 563.82328800 -1203.95018400 1324.54143200
1058 -458.21494400 202.18719760 -252.64791120
1059 -81.82481440 71.95266640 -369.04846480
1060 998.89234400 1529.46956800 -984.05588000
1061 402.67652800 -558.83596000 -172.05528480
1062 -287.00524560 -623.67959200 -206.34274640
1063 -2267.30960000 170.95321920 -245.45017600
1064 63.30559360 741.45919200 219.33322960
1065 479.66631200 -404.07356560 132.98383760
1066 175.55018000 -592.40000800 442.96426400
1067 -347.94478720 116.89259200 179.28942080
1068 -13.87623600 435.70084000 -5.61003272
1069 1572.38067200 724.57256800 137.39921280
1070 291.29635600 73.41664800 273.61309840
1071 314.70960160 137.62054640 107.27441280
1072 -1196.56960800 -1622.24558400 -427.47091200
1073 -268.43749040 208.64394640 -1.06360209
1074 66.81764320 193.98195520 142.97230080
1075 501.32269600 278.63682720 -382.20756320
1076 80.05791120 124.73633680 321.25128560
1077 107.83255840 -256.50346720 -113.54706560
1078 -2117.81528000 -1518.01377600 1223.07106400
1079 -10.40928992 385.15017040 -472.79618400
1080 -1.68669174 332.32424160 -0.30436885
1081 508.29742400 1327.19408800 -802.88449600
1082 -280.13428080 -167.84367040 -179.30824880
1083 462.77132000 130.45042560 -97.99011680
1084 867.50219200 282.62836320 -534.00392000
1085 -494.77055200 -90.11122640 207.62095840
1086 320.39231040 -123.96731760 -111.09817040
1087 773.64252000 307.15204240 -200.17134640
1088 -509.49404800 -271.26252720 -18.27579568
1089 -664.03845600 -171.11221120 55.12503680
1090 1223.07524800 87.89914560 966.08141600
1091 -89.17693920 84.85737760 -50.12055440
1092 -508.56101600 -167.29682160 167.25456320
1093 666.72876800 219.86083200 -670.62407200
1094 -187.72269120 -177.27942720 -86.46947280
1095 -655.70811200 178.71663120 -167.15414720
1096 -169.97583680 -659.54065600 -321.32576080
1097 326.09761280 71.77777520 191.94100000
1098 70.82968080 24.45271856 120.66488640
1099 223.70383600 1442.93189600 1498.67114400
1100 352.29070800 -422.12376000 -127.68814880
1101 -56.72960080 -94.17389040 23.41420792
1102 -296.17657360 455.10204800 -2395.59522400
1103 178.91327920 556.72304000 164.43161840
1104 59.59647760 -76.28938240 -58.61156400
1105 -808.28604000 -1973.09908800 2051.65787200
1106 -67.43185440 151.52021280 63.68675600
1107 -76.18938480 12.47066304 -375.15292080
1108 111.65087680 136.82935200 -242.65861120
1109 -344.80009280 -487.30211200 3.94613542
1110 -980.90951200 976.61254400 -1350.41110400
1111 29.48046400 -427.00230400 68.85148560
1112 431.82227200 374.75251200 312.60588640
1113 823.41956800 3189.83557600 -740.58473600
1114 -1719.56124000 -1311.46643200 2012.90566400
1115 451.21929600 -428.18637600 -407.06303360
1116 -1799.56768800 1224.94131200 -2676.17008000
1117 -553.90720800 -2876.65899200 54.47233280
1118 572.79378400 -55.34344160 -264.03801440
1119 575.19958400 743.55537600 999.91742400
1120 642.74608000 -1076.30889600 -407.59900400
1121 151.23570080 179.90572400 321.33580240
1122 172.86028640 380.59337600 -488.05104800
1123 -1663.88893600 193.45560800 -150.35664240
1124 174.24853760 8.48523568 463.80058400
1125 -84.37496240 -61.67969120 -85.09293680
1126 1775.18752000 880.66924000 358.60227200
1127 -405.17814160 57.25218240 -135.70343760
1128 -369.28737120 -487.59917600 -55.67606960
1129 401.36191520 297.66649600 -478.18517600
1130 -584.19518400 12.15046152 426.85168000
1131 -78.53409840 -161.22583760 -51.33182240
1132 21.85311568 508.02964800 -527.50198400
1133 -4.35479088 1.25348038 588.09467200
1134 142.37189680 256.54237840 -207.58288400
1135 164.99311120 -1521.59946400 -789.52498400
1136 -189.53603680 94.01615360 -156.66444080
1137 -597.44172800 -317.27690400 362.78794560
1138 188.36493520 1517.23973600 395.96078960
1139 -584.48388000 -353.23336320 483.31894400
1140 587.40431200 -306.47590800 -23.94528304
1141 703.77808800 72.50202560 201.33240640
1142 -354.57768240 -352.87814160 -126.96933760
1143 -243.32428560 195.87939920 -292.83606800
1144 -1505.47851200 1097.42972800 -269.23454240
1145 7.47161984 117.69466480 185.77713120
1146 311.15362000 -288.58345040 56.58734480
1147 510.39779200 139.96902560 -1772.28800800
1148 -118.36243120 -208.43349120 274.94863120
1149 339.83284800 -318.54507440 683.07984000
1150 1317.77590400 514.56087200 1687.24402400
1151 36.21189240 65.88335600 -520.96657600
1152 -71.99994560 -312.61509120 -172.45736720
1153 -644.74603200 -1756.72352800 -135.13943440
1154 -315.45309840 807.16891200 -420.70956800
1155 -53.94933280 73.17564960 -511.00865600
1156 185.29471600 -810.77970400 1601.28374400
1157 233.85254640 388.68941600 -491.17231200
1158 -195.46727520 151.66790800 291.29761120
1159 -378.64781600 1246.60606400 -1009.53644000
1160 206.59964400 -61.95123280 -80.12360000
1161 29.28310472 -151.17921680 -99.00682880
1162 955.12770400 -1469.76807200 1035.83288000
1163 -218.17468000 205.48126080 -96.38806320
1164 -531.18390400 229.74092960 -170.64904240
1165 425.57974400 258.23940880 -376.09934160
1166 -406.16431040 -96.80353440 52.32635920
1167 -449.14821600 162.53501120 176.01083840
1168 1110.92731200 240.00972080 -877.53124000
1169 136.64776640 4.43813616 451.13143200
1170 -303.93914880 -828.37342400 240.96660160
1171 -735.33800000 785.14433600 543.17943200
1172 68.98244480 -280.07026560 -113.29979120
1173 -45.99889600 18.41767512 176.67609440
1174 -211.23342400 22.46494200 -180.62411680
1175 496.26005600 246.32839760 -723.99517600
1176 -1695.84632800 -159.62713120 675.19300000
1177 319.16430640 281.34554880 195.00745360
1178 84.13563760 103.61090240 243.53474080
1179 -231.33336000 -1586.04561600 -2325.29984000
1180 -206.66533280 -779.31184000 2184.41619200
1181 -2205.70020000 -990.69170400 -3877.53873600
1182 221.98672240 -383.22134640 -1961.96546400
1183 3380.05695200 -1116.32467200 2143.99038400
1184 650.95927200 307.34534320 92.43711200
1185 101.35028720 332.52381840 48.88711120
1186 -369.82585200 -398.89000800 -636.13117600
1187 -261.85061920 140.45771680 423.16976000
1188 -198.51364560 -296.39456000 -5.75873208
1189 -580.95258400 -420.65936000 -307.73738400
1190 194.78277280 -29.00863432 -478.36927200
1191 48.20428240 488.64517600 14.51253872
1192 940.75566400 1511.04741600 1201.98788800
1193 60.07429040 186.67376240 152.06999040
1194 -57.90237600 -354.30655920 -172.86447040
1195 -767.06527200 -1533.78745600 -749.30000800
1196 470.61213600 327.52561200 -178.75303200
1197 227.87946800 152.15869120 -76.75966400
1198 -297.74138960 105.91168400 744.59719200
1199 370.83586960 -218.28220880 -153.11557200
1200 -69.26109920 76.55255600 -287.97300480
1201 -1069.79022400 665.73297600 240.26996560
1202 17.47711192 -78.89183040 -86.51382320
1203 -34.08621120 -252.97133440 448.51224800
1204 522.20922400 -482.16416000 -1736.11314400
1205 -167.49430640 -120.34983120 87.64099280
1206 138.07534720 -282.19239040 74.37771280
1207 -338.40443040 838.13051200 2337.48783200
1208 -45.45162880 -217.82406080 -183.52655760
1209 216.62994720 -0.29934302 -184.20603920
1210 -228.40163120 -526.85346400 -933.39600800
1211 235.22029600 146.04712240 238.07671280
1212 -295.88996960 9.20128544 194.00873280
1213 2212.62890400 1257.86939200 -442.90568800
1214 -378.18464720 -5.38999616 -279.26944800
1215 68.56613680 -340.38471760 -62.82987280
1216 -1078.93644800 -952.48341600 381.70924880
1217 -20.24930480 177.06311440 -130.41486160
1218 -414.61850080 70.48031680 -212.30327280
1219 -307.10350800 -45.36502000 -243.51967840
1220 350.08825040 -768.15311200 397.85781520
1221 574.31257600 453.85521600 -35.66993888
1222 -245.05478800 522.65272800 258.41346320
1223 -168.45286080 -73.75555200 55.75723920
1224 -1150.53724000 260.23015600 223.34526720
1225 -89.14263040 -384.10500720 124.75600160
1226 70.37488000 -627.94308800 779.75116000
1227 -205.98124880 641.44067200 -992.33183200
1228 -961.84302400 932.31235200 1472.06090400
1229 -100.16119440 -67.83770240 -810.13536800
1230 -444.04792000 405.07563360 -1154.95136000
1231 2608.29723200 1767.03708800 2711.29476000
1232 87.36066480 926.64303200 1158.66256800
1233 -322.89768960 -848.07169600 931.13246400
1234 912.62244800 484.43607200 -686.12160800
1235 16.88239816 -30.44667512 37.38098568
1236 -162.17393200 -238.72732480 -79.75666320
1237 -447.20265600 -1587.49328000 199.10819200
1238 385.13008720 -48.36411120 131.10982400
1239 -628.24015200 862.15504000 -233.17808560
1240 165.53828640 -85.67325760 246.67525120
1241 192.14643440 -453.74643200 -96.32614000
1242 185.74282240 -331.96274400 25.50076872
1243 -92.05218400 198.49230720 11.19592376
1244 -142.05684160 43.68514400 161.30658880
1245 59.94291280 64.41519040 -11.19943832
1246 -509.30995200 341.07131200 -973.19421600
1247 -144.06014080 -187.90678720 178.09154160
1248 269.70607920 35.94235912 -118.64819840
1249 984.00567200 348.44477520 115.98591920
1250 -392.30188160 -60.87427120 61.76127920
1251 -29.69330408 510.38105600 327.83690160
1252 -587.79760800 878.91196000 612.96436800
1253 157.36400560 61.79893520 162.50614160
1254 -75.19945040 -131.53491840 194.82837840
1255 -355.84627120 -93.75716400 -1280.28308000
1256 196.55846240 -162.28773680 -83.06955440
1257 275.61556080 -176.82462640 484.20176800
1258 -323.70101760 -218.55124000 313.48243440
1259 62.64033760 -114.14077520 6.03282592
1260 79.20939600 -241.42307600 1869.59529600
1261 81.37545280 -226.84560160 -142.07148560
1262 134.77668160 501.23064800 -570.40053600
1263 -808.57055200 -1954.41752800 -2557.63317600
1264 -736.80658400 1793.95276000 1199.43146400
1265 986.15206400 -687.63203200 -1143.00604000
1266 -481.80433600 -1325.29455200 -459.21492000
1267 3418.85518400 -234.86465600 74.91912240
1268 -981.32791200 -1150.42427200 376.69639840
1269 -115.99512400 1079.75232800 1366.58226400
1270 -240.30301920 387.58065600 -148.15669520
1271 -270.15836960 46.40056000 268.89396480
1272 256.34573040 -159.21877280 -329.31887440
1273 1371.78297600 377.05873280 188.65279440
1274 122.56191200 -101.24192160 -139.64434720
1275 -31.86082528 18.15023384 -311.52097520
1276 -485.21848000 -754.17018400 -787.85556800
1277 191.41716320 256.29133840 249.45259040
1278 -389.75215200 -386.87272320 41.52427536
1279 611.38700000 -527.44759200 -470.34436000
1280 -630.31123200 199.59228080 92.48690160
1281 196.52080640 244.44643440 336.62079120
1282 -1125.50855200 -54.30999360 385.25393360
1283 -354.76345200 325.26164960 -207.97576160
1284 -304.80398160 212.02127120 238.88548000
1285 832.60344800 -172.52389280 -807.65007200
1286 2.49865970 40.12263536 -38.83827288
1287 466.32353600 -5.00941952 657.26456000
1288 -1372.95868000 -1523.97597600 266.35427680
1289 327.54778720 299.77983440 -54.26271440
1290 492.46098400 141.96563040 -188.24192560
1291 788.06895200 247.49531520 633.97641600
1292 462.66672000 482.28131200 -174.96023600
1293 115.64450480 96.61107040 7.81470784
1294 90.43004720 -219.61774160 -1528.70389600
1295 2.53337434 -229.99866400 667.75803200
1296 -600.65504000 131.04539040 172.53518960
1297 767.02343200 -340.07593840 -1118.75139200
1298 -319.73333040 311.14692560 445.67968000
1299 -197.51199600 79.19433360 -23.55211256
1300 141.03134320 576.32089600 2609.45201600
1301 -192.27739360 -123.47193200 -154.49545520
1302 240.94400800 376.90015920 472.56606400
1303 -7.60877136 -1030.22213600 -1793.12014400
1304 -136.97662880 167.58426240 -105.55855440
1305 -407.84837040 140.60122800 -222.01015280
1306 -106.03260160 59.42535200 381.76698800
1307 303.09063360 -95.07888960 103.24229200
1308 383.97362960 748.70169600 275.07205920
1309 92.77894480 215.29525120 35.73650632
1310 30.42943704 -61.05962240 -145.66470480
1311 -141.40120880 -283.37353360 -366.98617120
1312 -2766.30599200 -291.99424720 -507.92923200
1313 -1029.85394400 -80.30853280 -1937.71500000
1314 -1634.95239200 -111.74250640 -281.65600160
1315 92.01578320 624.73396000 3578.75929600
1316 -261.59414000 261.30335200 -297.83845840
1317 580.32498400 41.58665880 -772.92705600
1318 116.80974880 27.86305512 -1386.84119200
1319 -82.35618240 357.72865280 778.53361600
1320 -381.42222640 -96.04162800 -26.41150000
1321 -924.45061600 -73.38192080 1323.14816000
1322 175.78406560 41.17047632 -38.66032736
1323 370.57353280 -30.53817920 92.15469200
1324 1639.78072800 63.83528800 -1696.23544000
1325 -419.13638400 265.91621200 -21.56446152
1326 -246.11585040 -161.58691680 -244.45480240
1327 316.75725120 39.99435392 752.94008800
1328 -394.33279520 13.21888776 352.96265840
1329 130.12198160 80.64450800 -239.72730080
1330 -637.12696800 -1150.27783200 178.08652080
1331 436.03556000 714.85313600 60.66800000
1332 -317.51622880 261.95354560 107.11583920
1333 643.86739200 -1649.81396000 -1746.67774400
1334 -35.31743688 273.86455680 308.43569360
1335 26.65228920 169.75868720 56.15346400
1336 99.69551520 1373.84150400 2310.72696800
1337 -147.56549600 -297.81879360 -39.24893248
1338 -255.12191040 329.81467840 -374.64623840
1339 -14.03824048 -613.14428000 967.48724000
1340 -2.72029454 -483.69550400 -229.25558560
1341 433.70507200 -160.77773120 -742.70602400
1342 686.96677600 762.19091200 -335.69278000
1343 -119.08542640 477.31490400 -103.28329520
1344 -475.44465600 176.53383840 492.04676800
1345 -1133.28242400 -261.31674080 -1262.08268000
1346 -180.29567280 -397.87622480 279.55688880
1347 535.38464000 60.23621120 273.40682720
1348 723.06214400 941.99412800 643.08916800
1349 -23.36533880 -320.23499200 194.01291680
1350 -115.02736480 223.19087760 -187.19132320
1351 32.33399384 -373.83328720 -708.78215200
1352 92.48062560 -108.85387280 193.26147040
1353 451.02264800 11.03889824 286.24375760
1354 -655.10143200 491.91706400 1678.44507200
1355 -185.20601520 430.56707200 -701.25932000
1356 -331.94098720 -751.26230400 -526.09197600
1357 717.31751200 1420.78598400 -553.38002400
1358 -354.82997760 -78.54246640 -88.76523360
1359 84.02476160 -254.63070880 -97.72526960
1360 474.50744000 -1145.57920000 906.38410400
1361 1.94572736 -72.55850960 -310.67036800
1362 -260.11969840 -143.23756640 5.60794072
1363 -1832.94764000 920.40887200 -1213.67380000
1364 229.75682880 37.39052520 246.32672400
1365 427.98136000 -208.44855360 -74.25805040
1366 -647.31500800 -1141.56256000 -318.97184240
1367 212.66226000 379.13106800 166.93490560
1368 197.94378480 219.08679200 235.34748960
1369 772.86848000 -60.17763520 409.99685440
1370 94.32325920 -170.27624800 -215.25048240
1371 -101.36953360 -199.19145360 37.14249768
1372 270.33618960 256.10222160 169.95240640
1373 444.55000000 216.44292240 422.42919200
1374 1814.30792000 -258.36116320 863.86211200
1375 -371.43962080 -546.53918400 -194.35767840
1376 376.39724240 722.07472000 497.75792800
1377 1469.14884000 -150.49973520 -218.78679920
1378 -60.69226720 1403.05419200 1605.13720800
1379 -2015.54158400 -786.53760800 -2220.42788000
1380 267.03250320 -476.05133600 -1071.66884000
1381 -659.94650400 -1744.37654400 4236.21632000
1382 1828.39126400 1014.92124800 -2209.59132000
1383 820.47403200 -178.15388320 -201.81900560
1384 -621.29471200 451.32808000 260.42262000
1385 204.16120880 -157.60584080 -498.20561600
1386 -236.19767840 528.08774400 91.90281520
1387 410.59976880 -790.57516800 -84.64566720
1388 178.94675120 -227.42090160 -121.59875520
1389 510.50239200 1879.15992000 -258.83437360
1390 243.87824720 -121.20713280 80.11355840
1391 221.85660000 63.52399840 356.33956480
1392 -296.94182720 -949.62992800 -601.53368000
1393 -469.16865600 118.44025360 -35.10037096
1394 -334.21080720 -164.37513440 344.02145040
1395 66.82684800 -487.08036000 -58.53541520
1396 -462.93449600 1049.40159200 877.10865600
1397 -500.03402400 -315.59242560 -78.66840480
1398 257.18294880 -35.47718200 -200.68932560
1399 360.65410560 -825.86720800 -1138.93500800
1400 284.73040480 293.41931760 667.68690400
1401 672.47340000 95.26591440 70.72842800
1402 -1393.60253600 1041.96244000 535.76120000
1403 -97.30603280 -261.31883280 98.16458960
1404 -134.74906720 78.91233200 -291.70596960
1405 386.75180560 -632.54967200 -48.40051200
1406 -17.90605560 -205.36661920 -7.38869296
1407 251.94039680 32.68996856 37.35491936
1408 114.62109840 36.81191984 -116.53151280
1409 -515.50645600 225.64395680 -219.45247360
1410 302.81658160 -862.64875200 1117.26188800
1411 326.25032880 15.48025608 906.24184800
1412 190.76236720 524.87861600 -879.46843200
1413 -162.78772480 -2060.69949600 909.83590400
1414 1159.35292800 -147.66256480 -1340.47410400
1415 -3655.11729600 -5440.66440000 -2253.48148000
1416 -3696.25438400 -2146.68906400 -882.01230400
1417 -1394.76987200 3459.95043200 1277.70992000
1418 683.93756000 -1526.67047200 304.72448560
1419 1483.96438400 -356.91528320 -965.52494400
1420 -971.29886400 -140.50290400 173.71131200
1421 0.54591158 -222.50679360 371.31159040
1422 96.49684720 -47.77625920 -352.96767920
1423 1236.37200000 1080.30461600 812.79639200
1424 38.84919312 325.21562560 772.16556800
1425 -40.24058232 -402.38406640 -663.00082400
1426 -876.46013600 -562.39654400 -648.31498400
1427 179.18733120 -95.12407680 136.11221440
1428 -362.45740960 84.78583120 -77.35755760
1429 -72.59449200 856.33509600 -140.52047680
1430 -40.61735152 -9.05216768 495.03414400
1431 209.18117200 -227.10417280 -34.01027160
1432 -363.32810000 -1777.31299200 -187.84486400
1433 -311.92096560 308.51560800 -333.60705600
1434 312.54228960 394.15581200 164.14459600
1435 -593.81420000 1513.28585600 1470.22831200
1436 151.52314160 -165.53493920 -192.37446240
1437 -120.20841200 142.12671440 -18.53884376
1438 15.56242984 -540.76526400 -1207.89988000
1439 -367.30499200 13.65703624 219.01189840
1440 295.62428560 -397.16452640 -72.78360880
1441 1950.36323200 210.38867440 831.32732800
1442 -1153.34052000 -352.76433680 -82.74654960
1443 180.68771360 -226.62803360 -408.84290720
1444 -127.54421920 1537.83756800 -834.12642400
1445 113.50313360 -371.97852000 -213.99988480
1446 -125.95890160 -758.91065600 152.18881600
1447 163.64167920 88.79159280 924.08242400
1448 336.79610080 199.97846400 -484.35239200
1449 -146.65045520 29.08131040 -207.17034160
1450 -122.29455440 612.96436800 506.53177600
1451 -33.87629992 175.59076480 -295.38119520
1452 39.14073424 -662.05942400 218.45040560
1453 -132.58928640 215.10738960 -871.84100000
1454 -172.61719600 -392.75668240 593.61336800
1455 297.44432560 -248.30408240 100.42102080
1456 -302.76218960 -193.01252240 69.83472560
1457 38.90659760 -230.87437520 105.42717680
1458 -445.47884800 -877.17141600 -374.95334400
1459 208.87030080 424.45843200 -58.07099120
1460 255.53110560 245.88196480 -226.51464720
1461 345.73605360 -1687.77957600 1962.88176000
1462 3422.60404800 6526.20320000 1208.86220000
1463 -196.89485600 -1565.48962400 -378.23862080
1464 -41.28976216 -368.60872640 -254.30519360
1465 4110.59172000 2341.60070400 1862.12685600
1466 -854.41882400 287.54665520 -1030.73258400
1467 -809.37388000 -71.69367680 541.82800000
1468 830.00100000 394.96667120 36.51146680
1469 -278.79791120 52.04059200 -283.63126800
1470 -103.57743040 219.74368000 133.65327760
1471 -262.82967520 -812.67505600 -581.07810400
1472 350.43175680 174.72384000 -339.95920480
1473 -148.68220560 141.86437760 -5.25573160
1474 -401.76692640 -482.48214400 679.02972800
1475 267.95967760 187.75239760 47.60429680
1476 102.69711680 65.71641440 59.34669280
1477 509.91244800 371.99734800 227.71545520
1478 -33.77797592 -178.20450960 -122.92675680
1479 24.74216768 -12.41250544 -245.72339120
1480 -852.33519200 -913.53037600 195.92416800
1481 -283.36391040 317.85764320 -524.71962400
1482 355.39272560 -341.06587280 -661.93808800
1483 116.81895360 2249.25982400 91.02082800
1484 543.41373600 29.07055752 -138.63432960
1485 -213.22961040 -92.17686720 390.72367680
1486 1031.74092800 -391.33412240 -294.16239600
1487 -941.68451200 -561.37983200 126.39236400
1488 -182.41068480 -346.66029920 140.78406880
1489 210.01880880 -26.75998536 797.29048800
1490 -581.42537600 -102.12139840 282.23841440
1491 -73.28987280 125.45347440 -381.91133600
1492 1414.61458400 -301.13168480 78.57970400
1493 -634.42828800 -104.17908960 -177.39281360
1494 -398.05948400 331.28451760 71.31125920
1495 -1037.68220800 -1248.63948800 -686.60276800
1496 473.86310400 226.48284880 -151.95660400
1497 63.86373920 498.61564800 175.13554560
1498 -13.80301600 -257.67122160 1046.19664800
1499 12.82960840 522.64436000 -675.49843200
1500 310.59129040 387.45095200 -38.37953912
1501 177.37189360 -512.76175200 -291.00766000
1502 85.39502160 14.53027888 -37.12998752
1503 371.15720080 98.41939520 207.73518160
1504 -491.88359200 119.91260320 -37.51633808
1505 104.23473680 -286.95336400 -170.53900320
1506 336.42205120 908.76898400 883.75703200
1507 172.17369200 -71.84597440 446.17757600
1508 -803.77568800 944.78485600 70.50709440
1509 -1371.93360000 -311.01010880 -96.00355360
1510 1205.68236000 -179.36347760 696.56905600
1511 -955.43313600 -13.40068256 -371.89191120
1512 -4052.01990400 -795.03112800 156.99623200
1513 1353.48634400 656.98423200 573.93601600
1514 -1118.32044000 620.53740800 142.90535680
1515 -619.87633600 735.08696000 -2437.20092000
1516 -304.25545920 -760.60936000 2076.57359200
1517 363.63144000 -62.64033760 -425.91446400
1518 -120.47618800 135.57247840 -326.97165040
1519 2055.47786400 79.25709360 -609.17366400
1520 -259.85736160 -2.63677354 -237.37882160
1521 973.55404000 1293.77229600 -449.44109600
1522 -124.63508400 -234.99268640 62.71648640
1523 -219.94660400 -152.82520240 271.40310960
1524 -1703.45284000 -955.30343200 291.98295040
1525 317.93337360 -8.30854536 430.55033600
1526 672.80812000 143.05932800 125.39740880
1527 -168.77963120 -142.99949680 -89.99658480
1528 -332.71293520 -764.29964800 617.93914400
1529 -115.04870320 191.21758640 -692.13401600
1530 14.17355104 265.58316560 206.41261920
1531 -2221.11405600 -145.78562240 312.07912080
1532 532.36797600 -134.93107120 -647.56186400
1533 591.42932000 -123.61335120 386.15433040
1534 1539.08021600 157.27028400 1254.11216000
1535 -33.63559440 -71.91584720 -238.61142800
1536 -196.00324560 -19.25472616 -83.54611200
1537 80.55329680 -210.47612000 -865.44366400
1538 -375.73114960 214.02791760 -35.53617640
1539 -213.91453120 469.54521600 178.76767600
1540 -69.02805040 278.53473760 -331.79580240
1541 133.79093120 -114.57758480 146.79271120
1542 1013.03008000 846.17634400 -150.49806160
1543 -53.71963120 1.99729098 -91.28776720
1544 90.09030640 339.75711760 102.65234800
1545 -1125.04412800 -316.39240640 780.75532000
1546 432.67580800 2451.26752800 -823.34007200
1547 -791.24460800 -841.74548800 98.00225040
1548 -2587.36468000 -4852.60320000 2291.25881600
1549 4477.54944000 -1804.37092000 -760.24535200
1550 504.19292000 600.86424000 414.46452960
1551 215.22747040 -694.51471200 569.84824800
1552 -752.88988000 1589.71080000 -1698.77931200
1553 447.75912800 267.41952320 257.68168160
1554 -535.55618400 -175.64766720 470.27323200
1555 515.46461600 979.56226400 311.25863840
1556 328.00091440 -264.90452080 -123.86480960
1557 -596.28694400 887.27159200 298.45769040
1558 418.56317600 166.40604800 -125.02210400
1559 -630.21918400 -46.81937840 356.91988560
1560 -357.32531520 -1317.33240000 607.62140000
1561 198.73581600 170.35909120 -199.99227120
1562 -223.74860480 -4.43734120 -50.37870720
1563 -169.52396480 59.47974400 -263.22087920
1564 192.94055760 -467.21054400 -702.33879200
1565 49.94398960 -142.15851280 45.07841600
1566 105.54307360 -205.44360480 327.09591520
1567 959.03556000 -814.56204000 -141.73383680
1568 37.81026408 -174.47280000 331.41631360
1569 -266.97267200 -218.71399760 -98.32190800
1570 -266.32331520 2315.54693600 -59.36593920
1571 -11.52767312 -749.56360000 256.21184240
1572 172.76823840 -89.50370960 51.71214800
1573 -106.42004000 -617.71739200 540.58535200
1574 -26.38581024 357.82237440 -158.60205120
1575 40.74492168 -161.13378960 -13.14675560
1576 -59.12912480 39.58499136 -467.63731200
1577 218.88721520 -94.29480800 1.16315618
1578 1218.81593600 747.19964000 -1652.73439200
1579 -104.31967200 191.29373520 440.37855200
1580 79.51566480 21.23861160 159.27190960
1581 -239.98629040 -844.90022400 -702.36389600
1582 1424.04113600 1291.57988000 1418.04964800
1583 -1119.95220000 -806.08107200 -206.31555040
1584 -464.13530400 -933.56755200 -518.00012000
1585 3726.97749600 4372.48920000 -922.50505600
1586 110.47893840 484.05951200 -910.64760000
1587 -712.42223200 635.11864800 733.33386400
1588 522.97908000 -707.57716000 -585.52569600
1589 -95.89100400 253.64286640 166.40730320
1590 -510.43963200 295.97197600 343.68129120
1591 777.87254400 -769.92712800 -253.45374960
1592 -5.69911008 -197.75885200 -76.06595680
1593 -251.64584320 508.41039200 49.01556000
1594 -566.09520000 -151.85660640 -668.26011200
1595 -68.12263280 -22.87166864 -18.93490120
1596 -401.36944640 614.96850400 280.07528640
1597 277.08874720 302.71532880 -423.30783200
1598 -128.62076240 -0.18822561 125.44594320
1599 28.29626648 228.44054240 386.40286000
1600 1020.27258400 -696.62344800 1547.04236800
1601 -69.38996640 -35.25697808 -431.26580000
1602 -210.16190160 182.66967440 -120.11552720
1603 -1004.30225600 198.46845840 -1612.95292000
1604 -67.46951040 -399.88998400 -74.04173760
1605 133.97251680 -69.72719680 -8.55142656
1606 -757.61361600 56.14718800 1282.33324000
1607 61.72446000 267.90821440 -46.12106880
1608 129.83328560 129.80734480 -60.11069120
1609 603.25330400 213.89821360 654.50730400
1610 175.47444960 -214.72413520 -40.69350032
1611 11.56332080 -307.36040560 -709.82396800
1612 -92.37351520 181.02368880 221.30138320
1613 231.40197760 26.57676800 130.09143840
1614 -81.44741760 -8.80384728 -119.35696800
1615 221.21059040 671.61986400 -1382.79944800
1616 102.55695280 20.77280688 -95.85669520
1617 201.41441280 126.64173040 263.18238640
1618 -55.05851120 -686.87054400 999.07644000
1619 312.26530880 -58.41324240 -77.42533840
1620 80.42526640 -227.81754480 46.76080240
1621 -412.27629760 679.49415200 771.06936000
1622 -154.51595680 -616.88477600 -554.00762400
1623 -104.69330320 -191.45732960 57.76095680
1624 -263.84680560 56.03965920 -465.90095200
1625 325.14533440 388.80238400 -28.52630280
1626 -319.70864480 887.14607200 -17.69530752
1627 53.25646240 -71.88823280 38.57141736
1628 -197.92537520 -176.27359360 132.23113600
1629 -906.73974400 -2641.40104000 456.31122400
1630 -685.28062400 -275.89463360 -88.73259840
1631 4.01576136 -1127.03152800 1220.76568000
1632 -235.54079040 -45.73279360 -0.46526917
1633 68.63893840 1139.11492000 2120.66458400
1634 184.66125840 87.71797840 66.75572000
1635 615.26138400 -264.11416320 -857.21373600
1636 -1074.61856000 692.86203200 -2394.85047200
1637 -154.71176800 -390.76802720 -286.95754800
1638 431.34948000 -359.37505680 -296.19540160
1639 -1217.73228000 119.08082400 1086.07853600
1640 406.88897920 -340.96671200 256.15954240
1641 2262.48544800 22.80832288 554.81513600
1642 113.64790000 243.32261200 -316.50872160
1643 -246.97691760 260.96654000 460.29020800
1644 -388.38105520 -395.07796560 -412.18173920
1645 20.98066800 106.01042640 93.72243680
1646 -335.99904880 34.81180048 -166.85708320
1647 -246.37818720 -569.55118400 473.81289600
1648 -344.30261520 -119.43395360 1528.66205600
1649 400.49457200 164.48726560 -186.86497120
1650 67.28834320 28.66169704 50.48288880
1651 85.00800160 -840.72877600 -1281.46715200
1652 285.11282240 463.26084800 65.03274880
1653 -300.03882400 89.68320320 -310.07372960
1654 -114.42026640 796.40766400 1629.09897600
1655 221.76831760 -7.73621600 -197.23752560
1656 -110.41157600 -412.76038640 -291.58044960
1657 -169.77416800 642.67076800 -809.06426400
1658 42.97051680 -464.03907200 -149.57381600
1659 257.22897280 -1.87045302 243.71423440
1660 -253.23869200 -94.18100320 92.31577600
1661 93.02580080 180.37224000 397.28795440
1662 -215.45508000 1102.67228000 -1261.62662400
1663 -406.28648320 440.67980000 -223.26200560
1664 -183.74203360 -140.58951280 35.28731208
1665 35.62742944 -42.95880160 262.02467360
1666 1827.24484800 -770.72627200 579.74759200
1667 -4198.01640000 -1819.79314400 -1413.56440000
1668 354.42036400 261.38745040 467.73354400
1669 282.39322240 1326.40749600 -2385.09338400
1670 280.53510800 -171.39504960 91.12249920
1671 -14.21187648 378.85157680 -1796.93176800
1672 -399.96655120 -60.91862160 2413.86256800
1673 -306.64745200 36.24436024 -501.44821600
1674 182.53327600 137.49377120 147.09563280
1675 293.34024000 -144.98103920 -515.89975200
1676 -77.49688480 -226.47824640 84.74943040
1677 1206.28067200 485.32308000 -430.43318400
1678 -21.84035448 -168.77168160 44.81691600
1679 -608.24063200 -237.83529600 148.34455680
1680 -158.15729200 -1044.56070400 284.20824160
1681 -35.10237928 774.88516800 179.03503360
1682 -154.64147680 197.74922880 -355.86384400
1683 78.27552720 -72.82712240 454.22759200
1684 -1700.51567200 1124.33703200 -499.10517600
1685 857.02964000 -496.10524800 668.49023200
1686 -27.28620704 -144.43377200 131.60269920
1687 499.46081600 -2011.82200800 -143.08108480
1688 -7.66910464 264.61080400 173.44311760
1689 267.61031360 204.31141440 4.12459557
1690 536.05826400 401.14434720 -831.35661600
1691 -53.04517040 278.83807760 101.22769600
1692 -181.73747920 302.08396320 -238.16750560
1693 -490.08447200 30.85193736 604.30767200
1694 249.50907440 235.12531920 -94.93496000
1695 -166.93992640 127.76053200 -105.28701280
1696 108.69655440 -15.69497896 87.14769920
1697 44.77256560 -280.42506880 -334.83715200
1698 173.04940320 653.21863200 2124.81511200
1699 41.47147328 214.96848080 30.63248656
1700 184.17214880 -107.52085040 -161.62499120
1701 -467.64986400 -866.03360800 -2489.90258400
1702 -33.68032136 2148.15346400 -556.38413600
1703 62.80895280 -3747.83055200 399.12933280
1704 -148.68429760 -1282.54244000 -130.91317600
1705 4257.47104000 1373.64485600 2344.27009600
1706 543.58946400 181.29062800 -32.60716720
1707 -389.62119280 1235.66072000 -487.68704000
1708 -575.35439200 -193.02130880 -41.49812536
1709 63.84323760 -443.57512800 333.52421280
1710 274.34864560 -49.96700160 55.99823760
1711 1996.55877600 954.68420000 -397.86534640
1712 -16.94666440 -320.63958480 596.70534400
1713 -1000.90066400 -273.85242320 721.77347200
1714 -127.53375920 294.68958000 -5.14761704
1715 -57.30657440 -63.92482560 109.49276960
1716 -73.13757520 -1393.89960000 -9.74403392
1717 23.50320160 407.37013920 -230.87814080
1718 24.02837728 402.78405680 249.36765520
1719 44.21232800 188.50928320 -152.89130960
1720 251.83579680 -366.99746800 -779.06080000
1721 177.25223120 15.29076272 -290.23403840
1722 -169.79466960 46.65494720 85.01009360
1723 -1159.74204000 -741.77299200 -521.85358400
1724 409.75501920 9.49755448 -132.23490160
1725 -101.63228880 579.13672800 502.48166400
1726 -459.32370400 293.02183760 335.56684160
1727 235.66672880 -11.65085008 -89.64429200
1728 -160.41539680 87.50584960 -371.81827280
1729 329.49920480 505.43975200 -285.30654160
1730 28.91185840 -115.38342320 337.47390880
1731 -179.11536640 -156.25022480 203.43695840
1732 309.46579440 -250.76678480 -165.11361040
1733 -65.00638960 133.32483360 -84.69043600
1734 1624.99447200 625.07286400 -260.86779760
1735 -660.23938400 -315.61125360 60.92573440
1736 -3.64961534 -100.77205840 29.80279936
1737 -1761.02886400 -373.43706240 1036.27220000
1738 955.91011200 507.48154400 -945.36224800
1739 37.86386112 -163.34921760 816.91344800
1740 1177.84202400 -3457.09276000 -1584.07495200
1741 40.38522320 2666.04898400 -97.67464320
1742 -359.27798800 223.72057200 -796.10641600
1743 98.08007280 31.84915192 -405.11872880
1744 191.28745920 619.93909600 674.21812800
1745 -72.07776800 -222.70344160 -278.94016720
1746 -279.61044400 24.08101200 -302.56888880
1747 -1150.33222400 -1205.09241600 -105.40123600
1748 308.33318560 -189.59712320 -97.61397520
1749 419.68448800 235.16255680 228.63300640
1750 408.57052880 1358.42346400 -262.66315200
1751 -188.55028640 -335.60784480 51.07492480
1752 137.10256720 -181.39062560 20.54892104
1753 806.59988800 -470.73347200 -1087.23750400
1754 -299.81790880 1.66173418 228.02841840
1755 417.16697520 537.36367200 -120.49208720
1756 -857.79112800 -332.31963920 475.46557600
1757 -514.23033600 -22.16457264 535.04992000
1758 271.27633440 170.83104640 148.06339200
1759 -517.47712000 -371.71367280 42.99645760
1760 -75.58605200 -4.86620120 276.97117680
1761 -153.21473280 142.02462480 38.67882064
1762 952.01480800 259.78748880 -771.60491200
1763 127.47894880 -132.75580960 190.63893920
1764 276.39713200 204.06414000 -17.49322032
1765 -684.38106400 -60.72197360 -297.62130880
1766 360.60724480 -172.04105920 325.23445360
1767 87.35104160 238.61770400 -115.04117200
1768 134.93860240 203.98589920 -65.75909120
1769 87.19874400 -63.81018400 -139.46652720
1770 179.50489680 107.11918640 105.15563520
1771 899.16670400 -172.50004400 24.85844104
1772 -313.08537280 -83.68292880 -318.56599440
1773 -126.52792560 55.42628480 -6.35792272
1774 -916.84828800 327.01181680 233.15423680
1775 -376.93656000 -516.01690400 -31.51213072
1776 197.16974480 328.49086080 94.13497920
1777 404.59238160 -1199.06327200 650.86304000
1778 194.81833680 388.07060240 139.94015600
1779 -143.76767920 411.52861680 -270.18138160
1780 -140.21964720 143.42249920 -204.00472720
1781 208.86946400 -397.85195760 607.68416000
1782 683.56100000 1300.76376000 -645.25229600
1783 -148.69015520 -589.80592800 -44.16044640
1784 88.97485200 216.53580720 60.17470640
1785 -1707.74562400 -1678.36557600 -1325.76316000
1786 1523.75422400 283.79151520 1030.66145600
1787 199.60943520 -836.73305600 266.66849520
1788 2502.80604000 -2886.16504000 -142.00747040
1789 -2927.65358400 3988.77037600 2150.11157600
1790 955.09423200 -56.50450160 607.18626400
1791 480.77507200 63.63278240 -300.66349520
1792 989.40303200 3.85251423 670.23496000
1793 -350.08950560 -119.09128400 -69.89790400
1794 -45.38091920 -152.87499200 203.88422800
1795 -182.79477600 53.31127280 220.95285600
1796 -211.67316240 32.76795832 -6.52415304
1797 -240.67121120 165.85292320 110.53751440
1798 -473.55348800 122.31505600 -337.38227920
1799 131.76503840 142.40411360 5.17749080
1800 88.08533360 -314.64516800 -83.05951280
1801 1581.52689600 839.90452800 -539.89080800
1802 -264.14135920 341.74619120 188.40844880
1803 -844.46508800 -301.97894480 -47.23610480
1804 -92.09235040 -1212.28052800 513.38935200
1805 205.96744160 321.13120480 -21.98231760
1806 -328.25069920 -36.14277272 -69.98367600
1807 1495.29465600 697.40167200 -231.53377360
1808 51.06948560 -107.69448640 22.91196056
1809 -553.60177600 -66.96366480 44.25960720
1810 -1105.72241600 -1114.81006400 -406.00866560
1811 55.36017760 106.98697200 117.28798000
1812 178.48818480 140.91712000 527.10868800
1813 950.30355200 1751.59812800 2791.25100000
1814 493.33544000 200.28473280 -141.74053120
1815 -496.37720800 320.13122880 -383.92467680
1816 -1466.14891200 -1187.52380000 -2226.78337600
1817 -108.09782400 -67.68080240 -425.08603200
1818 429.93947200 66.82350080 280.02717040
1819 -264.16939200 458.17728800 1549.17620800
1820 -346.01596320 373.81948000 -316.41960240
1821 -67.23269600 -129.45254160 -16.22371104
1822 -20.62260128 -1121.57559200 -741.66420800
1823 485.61177600 13.71218136 21.55877128
1824 -310.79170400 47.30430400 -221.14824880
1825 -441.01033600 -10.43096304 -329.94731120
1826 481.93822400 185.52441760 -4.02169846
1827 92.31201040 -51.07325120 52.91755840
1828 224.73435520 222.59507600 125.25264240
1829 -216.87805840 258.51346080 242.55777680
1830 -928.16600800 -53.71126320 -1171.30661600
1831 280.84179520 -32.87414824 601.48347200
1832 462.73784800 -107.90703360 233.78936800
1833 -131.84913680 -187.54110560 1766.30488800
1834 1654.50840800 197.72705360 -1271.83976800
1835 689.07969600 -1320.26538400 -1100.35016000
1836 1134.72590400 -702.63585600 -796.75493600
1837 -2238.47765600 3546.38768800 -4103.27808800
1838 -570.38380000 42.84959920 1309.86814400
1839 -899.90308800 -1212.35165600 537.68584000
1840 236.27550080 1021.64912000 1218.06281600
1841 292.30721040 17.15188960 -106.91960960
1842 135.62143120 -223.77454560 -506.89578400
1843 722.52240800 -1438.19142400 634.72953600
1844 -558.12049600 200.65920080 -240.55615120
1845 147.46215120 488.26443200 344.16496160
1846 -171.55864400 91.95386000 355.77639840
1847 -50.46866320 218.45375280 92.29276400
1848 -201.28345360 -548.52240000 -49.67746880
1849 275.20301840 -238.46122240 254.16754000
1850 148.32280000 201.63281760 -231.52749760
1851 -171.19630960 305.53199760 -343.25577840
1852 -1051.68605600 -566.26674400 -437.36188800
1853 -12.87412616 100.67122400 108.76726400
1854 -21.26446872 -20.32662512 68.20882320
1855 234.65964000 1386.17175200 864.11733600
1856 98.98339840 -325.55411120 -594.61334400
1857 368.40412880 -14.77746960 -102.83686240
1858 -189.64774960 -751.63049600 -716.92003200
1859 166.58763360 81.94698720 -61.86211360
1860 -167.61438720 32.33725736 -129.78182240
1861 -1032.94173600 565.96131200 -87.52174880
1862 169.70847920 10.08419312 288.08346240
1863 701.72374400 -251.29145840 5.08690720
1864 428.82234400 228.98195200 -119.80591120
1865 -47.76579920 -355.32452640 -133.54616720
1866 -880.24665600 -225.34940320 301.30866800
1867 -301.98187360 -45.72400720 -80.71438080
1868 390.22619920 -121.13767840 156.89790800
1869 -866.21352000 2383.41978400 -2075.74516000
1870 1628.11992000 -1381.42291200 2256.85378400
1871 269.59562160 -994.55353600 399.85274640
1872 1439.07843200 4.19542232 326.84989600
1873 -698.73636800 1651.86830400 2676.65124000
1874 -1017.08437600 -141.97106960 -180.65758880
1875 451.85526400 1085.47185600 -1098.69748000
1876 561.20410400 -920.45908000 393.53114080
1877 -321.00610320 -223.69170240 843.07600000
1878 -96.29643360 -114.97422800 -25.10031808
1879 -875.13799200 -669.56133600 -410.07132960
1880 100.14989760 -215.19692720 -54.04682000
1881 251.30024480 194.49407680 316.42629680
1882 610.59204000 1399.81577600 -646.14767200
1883 -152.18672400 373.56718480 426.61319200
1884 123.31586880 -674.40222400 52.82760240
1885 -487.35650400 -517.47293600 -162.52413280
1886 162.32330080 292.82895520 391.35085840
1887 -369.32335360 405.87143040 76.87095840
1888 616.63373600 86.23182160 -284.79190960
1889 -433.98958400 25.50683552 248.65219120
1890 297.28156800 -337.65005520 48.53732880
1891 -751.74346400 -302.33960560 -112.37345360
1892 112.52826160 -91.68482880 -39.42980680
1893 156.20043520 -227.13262400 87.09790960
1894 567.53868000 745.37541600 -184.75330640
1895 229.99238800 -267.26136800 -225.15108160
1896 -351.21207280 -160.26644640 -317.70492720
1897 -723.25460800 -223.15238480 547.81530400
1898 -76.77096080 -193.17653520 114.47424000
1899 -99.88463200 260.62972800 -91.84256560
1900 922.88161600 -349.68323920 1022.60307200
1901 24.00356616 680.05480800 -479.84204000
1902 88.72799600 -54.07192400 -127.08356080
1903 -677.36868000 -272.13949360 -585.28720800
1904 406.21995760 -271.03408080 -171.01221360
1905 9.95612088 -76.55590320 -100.43022560
1906 712.31763200 207.77283760 360.30976240
1907 -0.85786226 463.17716800 29.84279840
1908 -312.69375040 239.87206720 302.62118880
1909 -949.46256800 -539.84478400 -345.59170560
1910 56.32291600 373.59354400 143.48442240
1911 -106.27652880 -6.29215024 110.36889920
1912 -95.63159600 -440.47896800 -729.68541600
1913 307.92859280 -77.63537520 84.02183280
1914 284.32999600 -8.12055824 167.72735520
1915 -968.10228800 686.36009600 -302.00948800
1916 -64.12147360 -28.86198512 18.39533256
1917 331.86316480 -269.20943840 313.61381200
1918 974.52891200 -564.02830400 803.41168000
1919 34.64875000 249.89442080 -22.92401048
1920 -136.10175440 -28.23756496 -150.11815440
1921 -74.43712560 627.43264000 -356.50023040
1922 292.86786640 -459.02664000 116.41143200
1923 -182.82657440 -46.30349120 162.58605600
1924 -970.95577600 1188.38988800 -607.29504800
1925 -162.71994400 165.98304560 -34.36934248
1926 399.75400400 -494.54043200 480.49474400
1927 793.18180000 -249.20196880 -10.56953712
1928 147.88431680 160.99864640 -34.07227848
1929 -273.13277520 -203.45913360 -166.62905520
1930 -58.37140240 -124.39032000 280.70916240
1931 -103.40546800 -37.40019024 -142.49699840
1932 -119.74231440 -885.50594400 -2069.75367200
1933 139.79622640 385.93759920 222.29717520
1934 -182.08056720 135.30302880 189.65318880
1935 2447.82828000 629.45769600 -288.56713280
1936 -2531.71748000 464.95118400 2135.63912000
1937 141.44890640 -446.98508800 -93.21533600
1938 3447.49884800 -1268.69758400 -3447.29801600
1939 -1800.30825600 1766.24631200 -438.28655200
1940 -393.85247200 275.66284000 638.80893600
1941 -415.95110480 104.64518720 -59.19104800
1942 -225.42262320 1284.08633600 -2130.84844000
1943 103.50588400 -449.54988000 580.67644000
1944 53.78113600 -285.25591520 413.76956720
1945 -632.06851200 -184.77757360 860.67390400
1946 595.65097600 -39.21575336 335.88524400
1947 -83.36285280 -430.75535200 -399.65275120
1948 -703.17559200 2160.83516800 -893.45554400
1949 884.10430400 -346.34817280 300.61914480
1950 151.76414000 -502.71596800 -140.59662560
1951 366.09205040 -483.08045600 471.24392000
1952 205.35197520 235.01276960 195.43212960
1953 -430.03152000 -315.65183840 137.47368800
1954 148.66003040 -728.54736800 -500.65744000
1955 -159.60955840 190.56111680 284.87726320
1956 148.78847920 210.40917600 -12.45158400
1957 -97.99848480 1054.79476800 1024.61139200
1958 30.37504504 -122.08326240 -327.72728080
1959 -296.13138640 -29.25101344 -78.05210160
1960 -31.27837064 -583.29562400 -766.23684000
1961 -108.11330480 -151.04700240 -11.91753824
1962 -295.91381840 269.66926000 449.08964000
1963 -237.77002560 -1652.82644000 -359.93403920
1964 -153.38502160 -135.79046480 409.62740720
1965 99.68003440 -39.45382296 -162.49317120
1966 1353.82106400 1366.82912000 -234.25672080
1967 -49.22601520 276.19127920 255.56039360
1968 11.13077888 22.11850680 -158.33678560
1969 -61.71902080 87.88910400 -31.26351744
1970 45.10979600 404.76434400 192.58491760
1971 169.10723840 61.23744240 -15.59213624
1972 -1158.06844000 -595.05684800 -2041.04306400
1973 910.44258400 -91.75595680 738.63917600
1974 97.00855040 -229.78486160 673.57797600
1975 868.85780800 -704.87429600 366.14978960
1976 -463.62485600 223.26995520 -117.86035120
1977 -463.04328000 323.48093920 181.33204960
1978 -454.74640800 816.07664800 -591.37492800
1979 -135.20344960 -191.35105600 -56.22668400
1980 -173.82888240 131.05543200 -365.63390240
1981 87.55396560 -875.86600800 1356.70384000
1982 267.36178400 -209.67572080 -42.43705680
1983 -306.53113680 -100.87289280 29.11269040
1984 701.61077600 472.86731200 -1003.38177600
1985 97.52234560 113.75668400 -113.26631920
1986 299.23675120 35.68140304 440.11077600
1987 -500.04657600 385.30037600 -151.30097120
1988 -151.68673600 100.50344560 239.85616800
1989 -49.46994240 -138.05861120 388.67016960
1990 718.93672000 -449.56661600 -320.54879200
1991 -285.66301840 309.40721840 174.92676400
1992 24.82994800 147.85586560 100.60218800
1993 143.24593440 769.72211200 231.81493840
1994 -369.82627040 -73.62835840 -153.10887760
1995 -199.51404000 -106.20079840 -328.54525280
1996 222.52980560 -738.10362400 -13.85811928
1997 -5.01557000 -194.46144160 -392.46296560
1998 -31.71706304 -847.48175200 369.17272960
1999 107.38068640 508.88736800 -93.45591600
2000 -443.28643200 -141.69618080 253.04539120
2001 0.77027022 52.98157360 -663.05103200
2002 444.07302400 -545.56849600 1349.65798400
2003 2154.01943200 -708.67755200 -226.09708400
2004 2379.70439200 -326.99257040 1154.93462400
2005 -2747.28971200 2243.77878400 1798.60536800
2006 -1018.12619200 -1068.79024800 173.41592160
2007 438.53759200 -1007.86284000 1562.12150400
2008 653.40691200 839.65348800 -1651.29928000
2009 -528.20908000 -335.27145120 329.11720560
2010 613.28653600 134.75869040 -39.35813488
2011 116.50013280 147.61988800 1646.65085600
2012 -28.68203128 53.08366320 309.86913200
2013 -202.36125200 -263.58195840 22.57929072
2014 -1211.77426400 527.83670400 491.58234400
2015 420.27024800 779.44991200 -455.52463200
2016 -201.85833520 247.76518320 -249.05720240
2017 1216.85364000 -1120.04006400 -109.20574720
2018 -112.66047600 333.59199360 170.25323600
2019 -113.47802960 -206.31220320 38.61421968
2020 -1466.19075200 -667.99233600 -1348.65382400
2021 -54.62504880 351.70452960 121.80377120
2022 22.02972232 -19.48790048 -3.33007489
2023 793.58764800 500.57794400 392.18389280
2024 -51.89331520 -449.80510400 -331.05481600
2025 -33.64684936 -161.31412000 122.24602000
2026 805.96810400 -56.35178560 1548.39798400
2027 -276.18416640 -110.22287760 -669.41908000
2028 -371.75676800 -147.47930560 -309.56453680
2029 -13.65536264 732.83596800 433.78456800
2030 -55.93631440 50.15235280 352.02335040
2031 430.18632800 -140.51503760 550.27131200
2032 343.81141360 -562.04508800 -1752.65668000
2033 -245.23344480 42.17179120 -31.27305696
2034 -73.67480080 197.85675760 218.85206960
2035 -1396.10875200 331.60626720 -561.29196800
2036 180.07266560 -348.45314320 268.09523920
2037 -183.01401760 -172.39251520 58.28563040
2038 -56.46810080 -219.26168320 432.77622400
2039 185.41228640 -138.70964160 119.32768000
2040 386.45097600 463.33616000 -640.55366400
2041 214.25092480 212.73882720 677.08835200
2042 248.84298160 -120.87743360 -257.73816560
2043 -275.95237280 13.87711464 -311.40800720
2044 214.56305120 17.09975696 58.73499200
2045 240.19632720 -289.94325040 -258.68082080
2046 -557.04939200 854.10084000 -592.52134400
2047 -150.95244400 52.94015200 -235.61735760
2048 42.57220000 -72.26562960 388.62581920
2049 1052.15884800 628.78825600 1446.86485600
2050 -1986.81842400 253.23074240 -210.41963600
2051 263.50120720 -90.41665840 -178.85888720
2052 966.67136000 289.19682480 44.10940160
2053 -3140.12128800 -955.30761600 -2399.65788800
2054 -353.35009680 500.19720000 -229.95264000
2055 -94.58936160 1388.12568000 334.79740400
2056 542.23384800 69.60293200 996.75432000
2057 -5.61773128 118.13482160 -112.77218880
2058 -99.71936400 407.14378480 -227.18450560
2059 -1191.35216000 -1073.46377600 -570.52187200
2060 416.67284480 205.93606160 242.11050720
2061 276.14441840 309.95574080 -354.95173200
2062 475.94255200 -384.79913280 -4.92247600
2063 -202.14996000 222.74277120 -209.22133840
2064 -576.40876000 -132.85204160 -39.01521424
2065 236.81481840 1088.97804800 -293.24024240
2066 74.05721840 -331.69078400 -267.07643520
2067 14.46505032 -292.44235360 66.13272240
2068 -999.87140000 -1198.60721600 -67.30675280
2069 135.05282560 -114.84117680 227.59579280
2070 348.38578080 344.75030320 575.15774400
2071 533.69430400 406.56974000 354.70906000
2072 198.14336160 -58.08103280 79.42947440
2073 -30.44152880 76.96593520 -156.45607760
2074 -1084.33380800 -800.21928800 -760.55915200
2075 673.38969600 1.37788743 821.96772000
2076 268.57221520 557.13307200 -398.83603440
2077 189.79042400 342.01480400 228.61250480
2078 -272.06292640 -25.92950320 137.32390080
2079 394.13698400 117.90846720 -44.33784800
2080 301.56891280 364.65986720 -773.28269600
2081 205.46368800 283.17730400 -274.21015520
2082 164.05673200 -204.76872560 -29.04871704
2083 420.70538400 -977.62507200 1329.62917600
2084 -555.12893600 216.25798960 -199.34542480
2085 -362.89421920 108.80994080 144.55594480
2086 -139.34644640 238.61603040 -637.98468800
2087 45.71145520 156.66527760 -182.25880560
2088 88.34390480 -91.79403120 263.63049280
2089 -825.09316800 148.55459360 -259.80087760
2090 376.03114240 -32.05617624 437.03135200
2091 101.35530800 -283.33002000 202.44284000
2092 566.76882400 -189.28039440 95.70816320
2093 194.41960160 257.27499680 -180.14630400
2094 -176.38572480 46.17546080 -100.83942080
2095 -1516.94685600 628.81336000 -280.26231120
2096 -93.52076800 396.31768480 -225.67450000
2097 -151.20683120 -217.56925520 165.06047360
2098 1696.60781600 -337.88519600 154.34315760
2099 128.76594720 -375.96378000 38.21222096
2100 -235.72823360 -293.90800880 59.26552320
2101 1388.02526400 201.81398480 -372.91573600
2102 -553.20011200 -206.72014320 321.93411440
2103 -656.09722400 -140.72172720 -69.61171840
2104 -440.07730400 1330.93876800 133.55955600
2105 -280.48531840 -187.71976240 272.66500400
2106 306.52862640 -360.04407840 -143.31706240
2107 -97.31105360 -996.21876800 -1202.11340800
2108 10.70581000 141.45518240 120.28581600
2109 196.03504400 429.39973600 349.39245120
2110 -339.16382640 97.50393600 479.01360800
2111 103.01049840 -710.69424000 -277.38162720
2112 -726.32984800 1922.54800000 648.52836800
2113 236.15290960 -101.92935280 -2.23672874
2114 -585.13240000 -114.65457040 76.93706560
2115 1176.59937600 -2297.10386400 452.65859200
2116 -2731.58716000 929.59275200 -1042.24276800
2117 2282.36363200 -628.31546400 205.51556960
2118 6811.04992000 -5421.50168000 6038.01408000
2119 -565.46341600 2547.42421600 -703.87432000
2120 -237.57337760 -363.86281520 169.84069360
2121 -591.30380000 -2138.46750400 500.05912800
2122 -776.24496800 -129.61864640 1029.33512800
2123 141.33844880 -381.32683120 -4.49319760
2124 -41.56573880 -463.11859200 45.90391920
2125 793.16924800 441.97265600 730.00340000
2126 106.28071280 -256.84613680 -1058.05410400
2127 212.37774800 246.68696640 213.11036640
2128 -614.51244800 -30.35998264 -207.23393840
2129 173.22094720 93.93414720 224.30005600
2130 153.26075680 131.14413280 -203.12441360
2131 -393.02445840 -115.07171520 -165.64372320
2132 131.82445120 218.42572000 -77.38224320
2133 332.71419040 253.61357840 -307.12400960
2134 2400.50724000 -1598.53904000 1129.92267200
2135 -583.81862400 222.91389680 242.94814400
2136 -771.27437600 -219.99346480 -259.06951440
2137 -1844.93898400 1642.05264000 -1253.08289600
2138 182.57720800 -392.64329600 250.21700720
2139 169.79508800 145.20739360 -87.09958320
2140 947.38730400 -243.41131280 -648.76685600
2141 -32.10809968 538.78204800 87.74433760
2142 -375.35500800 60.47804640 313.78702960
2143 -591.45442400 -224.84690480 93.98812080
2144 174.18410400 -73.86935680 4.62528648
2145 235.41401520 -202.65998960 176.07820080
2146 274.80135440 399.95609120 551.09556000
2147 12.87182496 -119.60591600 99.28213600
2148 69.78660960 -54.75684480 82.24028560
2149 -363.50550160 -602.99808000 -1080.23348800
2150 -292.10596000 320.36469600 125.75932480
2151 181.68727120 -22.08675024 167.15121840
2152 468.80883200 134.73316800 37.74662544
2153 -172.63309520 -111.62075200 -35.76177768
2154 126.64424080 121.75816560 92.66597680
2155 -720.40948800 346.80130000 278.29290240
2156 -37.36835000 -261.50920480 212.45682560
2157 158.19913200 -206.45864320 61.13075040
2158 1248.86960800 617.78433600 -1419.42200000
2159 -179.01578720 30.37692784 173.72553760
2160 -111.58728000 150.44827200 -181.81320960
2161 -988.77543200 -1402.90775200 2167.93123200
2162 74.36097680 -144.40532080 -208.80293840
2163 138.96110000 42.97888480 -119.02057440
2164 177.30411280 2014.52068800 -668.57809600
2165 -345.10343280 -302.83792000 170.29549440
2166 -329.48037680 -702.51870400 -107.71331440
2167 -398.51763200 660.41929600 -1029.07990400
2168 118.54485360 376.33699280 -188.31891120
2169 27.77937512 225.63558880 -141.62965520
2170 875.81580000 -939.36239200 1504.13963200
2171 7.28509712 216.94834960 64.54238400
2172 127.62036800 -17.72149936 -407.29357200
2173 -13.50992680 -193.88823360 -1107.69726400
2174 -18.69825416 34.05675584 383.25147120
2175 -255.59512080 -36.44008776 481.93822400
2176 52.86065600 -461.86757600 210.99786480
2177 -88.06232160 390.90944640 88.19495440
2178 696.49374400 -910.52208000 140.01170240
2179 -87.09372560 -103.86445280 40.46040968
2180 149.79766000 263.28824160 -175.27905680
2181 1605.81083200 -609.65482400 440.80113600
2182 -2457.85314400 55.14260960 449.69632000
2183 2136.69348800 -1555.18861600 -1018.41907200
2184 1594.58934400 -466.07668000 -123.73719760
2185 -5651.41248000 6871.80160000 -6341.98168000
2186 -1169.95100000 -863.45208000 199.04417680
2187 -732.78576000 -366.73094720 1271.76027200
2188 10.78932264 -1593.07473600 -2063.85841600
2189 -33.87362216 544.45973600 -209.56986560
2190 320.22620560 96.94202480 83.12603840
2191 1914.04611200 1572.48108800 728.43858400
2192 -315.15603440 -72.46646160 -32.38014336
2193 -1334.47843200 813.55788000 -389.59399680
2194 159.25768400 -147.35169360 67.67494480
2195 620.07716800 -263.98738800 445.01024000
2196 -468.31930400 -119.42558560 -1088.62240800
2197 292.90552240 66.20510560 382.70127520
2198 18.35077296 -101.13648480 -115.03280400
2199 -35.78646328 -302.89733280 215.86343840
2200 -138.68704800 -1284.29553600 288.29475440
2201 6.84937536 120.15945920 -60.57176800
2202 -556.61844000 292.41390240 306.89723680
2203 -1132.18203200 709.83652000 -219.79388800
2204 392.25543920 -116.96246480 31.95082312
2205 362.26871120 -67.42474160 128.72619920
2206 838.28532000 385.76312640 -1292.40412800
2207 -272.73320320 -175.93803680 23.32291304
2208 -99.26079760 -6.57477944 830.51563200
2209 713.97031200 -515.80352000 350.68656240
2210 -205.61849600 56.13212560 -210.85226160
2211 -285.72745200 142.89447840 411.12151360
2212 -89.54178400 99.97793520 26.89466832
2213 413.02858080 262.52842720 230.82207520
2214 611.41628800 485.87955200 -1408.08754400
2215 -337.18772320 167.67798400 303.23749200
2216 -307.24534560 -183.23325920 -590.52976000
2217 -131.90018160 -775.83075200 2876.36192800
2218 -2236.71619200 2869.70936800 -2416.71187200
2219 2522.09009600 -216.82031920 -913.98643200
2220 1423.84448800 -1501.15644000 9.11300304
2221 -2736.55356800 701.99988800 289.54911760
2222 -341.88970240 645.32342400 -42.66090080
2223 -73.28568880 -664.77902400 118.85572480
2224 -549.97006400 2165.79320800 -887.94940000
2225 55.52837440 -382.77658720 403.41207520
2226 -6.55862920 344.34738400 92.35845280
2227 -568.45497600 -539.40128000 102.26825680
2228 148.46505600 -190.92386960 162.89106960
2229 463.86334400 523.21338400 843.24754400
2230 286.94457760 -286.27346400 -519.45615200
2231 -307.11564160 185.43529840 -201.19851840
2232 438.20287200 -1329.51202400 -776.03576800
2233 135.58419360 265.33170720 285.26972240
2234 -139.86777280 207.31427120 -8.83288424
2235 -236.42947200 155.06322400 385.48112480
2236 537.88248800 715.43052800 591.92721600
2237 555.43855200 -378.79467440 202.84032000
2238 130.65920720 -167.37506240 -599.75129600
2239 -932.19938400 -193.29159520 -105.38240800
2240 -190.44773040 -158.57192640 302.60570800
2241 -96.82361760 333.87566880 627.44100800
2242 1096.14524000 -5.50865440 92.53752800
2243 114.45624880 -73.62835840 -88.82088080
2244 164.72951920 68.54019600 250.52453120
2245 -890.85309600 32.75678704 -636.52028800
2246 45.54074800 26.66760264 -131.81357280
2247 7.05924480 -108.50367200 -85.79626720
2248 -290.89845760 18.90590608 -281.50203040
2249 171.58667680 422.65931200 318.73753840
2250 -523.33053600 300.20158160 -1106.15755200
2251 285.75674000 -191.26319200 207.14607440
2252 -6.68590648 178.98482560 208.41591840
2253 2337.55059200 -480.15584000 1357.65779200
2254 -1773.53484000 -229.09199120 -1635.88124000
2255 17.11444280 -397.59631520 -444.30732800
2256 886.19212000 -1823.11524000 -487.10128000
2257 -2579.87532000 1444.04065600 3231.36177600
2258 -521.13812000 -1086.13292800 -1031.64051200
2259 709.26749600 525.07526400 890.56021600
2260 -536.70260000 -327.49339520 -1630.41275200
2261 -96.12949200 -105.69244240 -6.50674760
2262 -87.93178080 181.63873680 155.43183440
2263 -120.00716160 -977.49536800 804.95139200
2264 -116.00558400 401.06526960 -414.73439760
2265 -94.31279920 656.68716800 -159.09869200
2266 152.04990720 177.02252960 319.96470560
2267 -122.24016240 68.19334240 -41.05114864
2268 356.56382720 -40.33283952 705.63996800
2269 210.95267760 -1.68327759 -180.76386240
2270 -158.60246960 -22.79430648 -567.02823200
2271 171.89252720 -154.20466720 103.50839440
2272 61.66295520 -235.75040880 -351.39072960
2273 140.69620480 -197.97809360 409.56883120
2274 -433.27830400 256.70555440 35.98173056
2275 246.61416480 1182.83772000 18.34801152
2276 -30.03844224 -608.87241600 -19.05251344
2277 351.14931280 -31.13352056 21.11761032
2278 -103.34898400 -842.54044800 102.62682560
2279 19.07263848 -22.31875304 294.18122400
2280 131.63073200 717.55600000 -32.25679904
2281 -1340.58288800 -272.77336960 371.85048960
2282 729.85277600 200.86923760 -709.57711200
2283 -144.91325840 -362.60217600 -111.61656800
2284 186.51728080 -199.51947920 315.62087680
2285 -14.67839248 -378.51350960 -85.95902480
2286 78.35544160 437.87233600 85.61593680
2287 125.76225360 456.39908800 15.87836368
2288 271.34244160 -89.02129440 -224.28415680
2289 -2036.84232800 -1170.25643200 -788.10660800
2290 457.88022400 146.19690960 11.66256528
2291 1445.24564800 -3122.01293600 1534.73304000
2292 141.49869600 -457.83001600 -87.54099520
2293 -218.37467520 2077.24721600 254.04871440
2294 256.71183040 405.05136640 -437.30749600
2295 122.21171120 -229.57398800 -842.10531200
2296 -496.67008800 71.45142320 2170.74706400
2297 29.92032792 181.73915280 -55.79405840
2298 -84.00718880 -154.52348800 -71.64556080
2299 -653.56590400 304.58474000 456.77564800
2300 377.44282400 -281.21207920 225.42513360
2301 12.75408720 -7.37237536 35.34647384
2302 553.40931200 -102.57076000 -502.08836800
2303 -94.61948640 -16.76064376 96.09853040
2304 -83.93898960 42.19187440 250.56595280
2305 1124.34958400 -1419.90316000 -278.11633760
2306 -248.34006480 731.26278400 135.78837280
2307 -340.52781040 26.13552336 440.46223200
2308 -751.49660800 644.00964800 -659.24359200
2309 86.66695760 371.36849280 282.43799120
2310 97.96417600 -210.95309600 260.29961040
2311 259.91928480 140.84808400 -769.57985600
2312 -74.27478640 -6.42670768 248.96431760
2313 -48.26369520 -216.15422640 -50.82262960
2314 603.53363200 819.62049600 117.10137360
2315 -67.09755280 -194.71792080 -39.45721200
2316 -230.18568880 -467.17288800 -73.70785440
2317 100.40554000 -695.35151200 751.45895200
2318 197.10280080 371.28104720 92.91952720
2319 -594.27025600 286.21907200 -52.22092240
2320 1015.10952800 -1181.54068000 -913.50527200
2321 -431.61725600 210.35562080 346.44858880
2322 132.99513440 418.39539760 16.39220072
2323 171.70341040 1289.04856000 -548.61026400
2324 -200.68179440 -14.38325312 -330.96695200
2325 326.82270000 -445.84704000 462.97633600
2326 -1011.19748800 -882.66082400 1736.23866400
2327 -15.56707408 -16.39358144 69.15942800
2328 183.57132640 243.68871200 118.18837680
2329 98.81980400 137.24900720 -1911.79512000
2330 -497.02154400 240.40720080 240.01264960
2331 435.15692000 -378.32522960 -45.27297200
2332 -248.18818560 330.97699360 233.79940960
2333 199.69437040 -10.22435712 -134.63191520
2334 -427.55040800 1226.51031200 113.89894000
2335 -259.40548960 124.35224560 291.61475840
2336 371.58815280 -474.83379200 168.12148800
2337 935.09889600 -1812.52972000 -701.65261600
2338 24.96755976 1748.53125600 -1156.22329600
2339 167.94157600 -709.78631200 503.21804800
2340 453.03933600 -825.06388000 -153.08126320
2341 -972.27373600 3972.51972000 -36.92844424
2342 -345.67162000 -275.57330240 -605.56705600
2343 -19.15694608 885.03315200 -177.95346960
2344 -250.32830160 -2041.17695200 742.34201600
2345 -41.77845336 365.58620480 36.73041552
2346 -100.30847120 -72.78988480 -332.08491680
2347 833.50719200 1868.14344800 171.49923120
2348 -223.05489760 -36.56493832 -52.55480560
2349 -887.55610400 -310.17038000 1398.12962400
2350 180.60863600 445.21944000 -188.11180320
2351 401.89412000 -517.15913600 224.44231200
2352 236.09349680 414.56745600 -1731.31409600
2353 -41.25892608 -71.07946560 110.51408400
2354 -20.94192416 0.59840823 169.63065680
2355 207.04440320 -32.69620272 86.47574880
2356 670.29353600 -1031.85808000 -216.95337040
2357 -453.16485600 274.45408240 -287.05670880
2358 -119.93268640 401.39120320 129.66216000
2359 -1176.95501600 -743.32107200 161.28274000
2360 276.92013200 348.12469920 -292.83439440
2361 112.50776000 -129.37346400 104.73430640
2362 1318.11480800 763.21180800 -467.59547200
2363 107.65599360 112.42491680 17.14306136
2364 50.87074560 -205.80593920 88.72004640
2365 -596.04008800 -224.85443600 672.36043200
2366 -96.27718720 45.51104160 -37.53437112
2367 -349.44558800 -193.61041600 -57.30782960
2368 43.08013760 -96.45709920 -107.66938240
2369 -89.21459520 -281.52964480 -771.04007200
2370 792.38684000 835.45693600 596.13632000
2371 -416.81426400 326.53274880 500.20556800
2372 -329.08540720 -535.87416800 420.89366400
2373 1616.81056800 -753.31246400 -745.11182400
2374 -539.79876000 -752.78946400 531.00817600
2375 769.99407200 -1412.12092000 956.33688000
2376 115.73320560 310.83228880 596.17816000
2377 -1377.89161600 -523.85353600 -2049.33993600
2378 -315.84304720 766.84770400 891.54764000
2379 391.52156560 1062.03308800 628.76315200
2380 73.92165680 -679.59456800 -510.33084800
2381 226.70585600 206.73269520 1098.46317600
2382 -706.73617600 605.12355200 405.69110000
2383 -1161.48676800 -1875.76669600 -145.48521120
2384 346.89376640 291.35535040 -37.51709120
2385 -433.53352800 -33.21945376 429.92692000
2386 -71.99701680 513.57344800 -156.02010480
2387 -73.41162720 166.74118640 366.52927840
2388 448.83023200 127.98479440 242.14607120
2389 -125.64008080 -165.12239680 288.86168640
2390 -645.11422400 -201.19391600 -431.40805600
2391 480.24788800 -274.99632880 -667.06767200
2392 1322.60842400 70.35186800 -535.65660000
2393 -59.63831760 -31.37891216 -212.20745920
2394 249.09611360 293.61847600 21.59680384
2395 -1811.19920800 -785.93929600 558.63931200
2396 834.67452800 76.80736160 -33.12029296
2397 -63.78884560 33.71718240 -148.37928400
2398 826.05967200 1192.80400800 -58.53206800
2399 72.73089040 -17.52932824 252.18014000
2400 170.70845520 -572.13689600 95.48934000
2401 -305.91483360 490.74972800 -398.30926880
2402 133.32483360 -113.37594000 177.48276960
2403 116.82313760 11.72281488 -47.95533440
2404 -168.72607600 -16.82875928 -137.05863520
2405 -8.69987488 184.67548400 158.53552560
2406 857.59029600 218.28388240 144.76598160
2407 -201.63365440 -262.63972160 -165.63828400
2408 -150.69470960 -416.00675200 -204.62563280
2409 368.69115120 148.51191680 -1590.89905600
2410 -624.77161600 410.79055920 454.90121600
2411 268.69731680 -636.36548000 339.10148480
2412 1175.42367200 -652.03037600 -549.57676800
2413 -1719.57379200 84.53646480 -1368.74957600
2414 396.66704880 658.39842400 883.18800800
2415 899.30896000 597.80573600 -15.89652224
2416 -717.89072000 275.25531840 1032.72416800
2417 -174.69371520 46.87711760 184.98886560
2418 -244.28451360 -286.94374080 -519.66116800
2419 277.03561040 -527.72792000 -291.47250240
2420 231.03253040 232.80863840 158.45142720
2421 285.81740800 359.16669360 -295.62261200
2422 -1870.40699200 -692.53986400 92.80865120
2423 -35.76169400 -321.01405280 100.66829520
2424 -151.26791760 -462.90520800 -67.55319040
2425 2619.54800800 2087.15911200 196.20616960
2426 -183.29016160 -288.16797920 -303.02661840
2427 -687.19689600 -751.96940000 -214.32958400
2428 -566.44665600 -364.90504960 -239.02271520
2429 264.98736400 204.77374640 305.76588320
2430 -41.04579312 239.58839200 27.09805256
2431 775.19896800 388.00114800 -162.93039920
2432 82.95533120 379.18253120 24.70995088
2433 -88.45310720 -188.01013200 108.86684320
2434 -68.22932480 -78.02072160 -316.17107280
2435 -139.52050080 58.01743600 61.55500800
2436 -157.24978240 -279.50709920 187.80678960
2437 720.53082400 1120.66348000 358.97674000
2438 -123.22842320 -264.94636080 344.22521120
2439 -303.55087360 -153.71513920 -87.41924080
2440 198.76008320 935.54240000 -778.44156800
2441 -259.27662240 -85.58162800 -42.03371920
2442 239.68211360 -470.16863200 -128.10320160
2443 10.02842040 785.38700800 208.87071920
2444 -52.79496720 -132.80936480 -16.37433504
2445 192.27613840 -212.04888560 59.46593680
2446 -197.54839680 -477.58686400 -724.40102400
2447 -85.16448320 -335.61746800 157.30668480
2448 65.19508800 -164.83453760 191.30628720
2449 1623.09493600 1187.16816000 582.72241600
2450 -469.27325600 -267.17434080 296.85982080
2451 -782.98539200 -103.80211120 -386.72251760
2452 -849.90428800 -1302.89341600 -473.69992800
2453 268.99228880 -103.27911120 23.85348608
2454 94.59940320 261.63095920 308.05202080
2455 621.76332000 -983.31949600 -601.42908000
2456 -99.59133360 194.95640880 265.85638080
2457 -108.76224320 118.71388720 -81.61561440
2458 -1373.40636800 1466.71793600 518.70721600
2459 176.99993600 -198.71656960 116.56205600
2460 175.91753520 -419.94808000 -90.65472800
2461 37.74173016 -29.45523448 -296.43096080
2462 -184.13114560 -74.37896800 -184.91020640
2463 63.81562320 -4.22496136 -311.06282720
2464 689.87465600 260.21718560 1793.58038400
2465 -141.69743600 -319.07937120 -550.50143200
2466 593.86440800 -338.56802480 -87.66860720
2467 -638.68341600 377.07839760 -160.34552400
2468 422.47103200 -79.22822400 -323.14454560
2469 233.29816640 -499.18048800 276.51553920
2470 -265.26811040 540.74434400 -209.22635920
2471 -138.70964160 -14.76052440 299.16227600
2472 -218.64203280 534.60223200 -1806.12401600
2473 34.42373448 -24.00544896 327.00470400
2474 38.97810216 -513.18852000 139.52635840
2475 2536.02281600 -1030.35184000 3467.11344000
2476 -1893.42736000 -1719.36877600 -262.24558880
2477 224.78163440 -136.54274800 -112.48558480
2478 3853.94934400 -5052.93312000 1588.26732000
2479 85.00967520 722.93244000 -1016.20573600
2480 298.51375600 617.30736000 -88.78448000
2481 -945.35806400 -598.90194400 -863.05041600
2482 -761.10307200 439.36184000 -172.17662080
2483 -402.42381440 -359.74199360 330.08287280
2484 66.90216000 200.98931840 65.55114640
2485 -44.35123680 692.61517600 -519.00009600
2486 678.28079200 -221.98714080 -528.35133600
2487 126.60491120 -1225.99568000 556.92805600
2488 264.92585920 662.05524000 263.80622080
2489 -248.27939680 91.06350480 241.43228080
2490 21.45659800 546.31324800 627.04771200
2491 5.96935464 -412.93360400 -535.07502400
2492 -413.65450720 240.92057760 -160.52627280
2493 294.75694240 198.04127200 -64.39385200
2494 -1804.44204800 -1730.14676000 771.32040000
2495 243.18328480 -366.64350160 -359.98633920
2496 -37.93419416 149.44243840 162.20991440
2497 1527.77504800 275.49338800 149.24788240
2498 -469.02640000 143.65178240 15.56130016
2499 -424.78478400 -82.45701680 261.22636640
2500 658.96326400 746.32100000 -835.63684800
2501 -614.72583200 -122.24058080 -183.62027920
2502 -80.58425840 282.35933200 45.31188320
2503 128.54042960 -190.04815840 433.68415200
2504 -265.06351280 -42.58391520 -87.60501040
2505 343.94572000 -367.27361200 -197.11618960
2506 323.02948560 -3.73864667 216.98558720
2507 122.90541840 -637.73364800 101.23857440
2508 16.96637104 95.86213440 -796.05202400
2509 216.44626960 -762.03192000 446.70057600
2510 82.22187600 561.98232800 718.51413600
2511 431.33692800 616.43290400 951.58804000
2512 -1342.30251200 -763.50468800 -1674.77152000
2513 1170.85056000 -537.22560000 -1497.88455200
2514 472.87568000 -569.48842400 -607.64232000
2515 -4126.58715200 7052.13200000 -758.86463200
2516 144.07143760 198.47347920 -860.64880000
2517 264.14972720 1873.16424800 -931.19940800
2518 -1189.76642400 -1295.69693600 -586.30810400
2519 -426.27010400 -398.83101360 -58.27056800
2520 -290.42943120 -328.91051600 -376.86919760
2521 50.01679120 186.48422720 2362.22782400
2522 109.51829200 14.35283544 -38.46024848
2523 144.24423680 231.95593920 -35.14250384
2524 1051.01243200 -272.27212640 -1231.10434400
2525 -41.40009424 220.26835360 407.41239760
2526 -23.90440536 159.29199280 -254.00185360
2527 -749.73932800 -944.32043200 1768.28392000
2528 -309.33734560 -4.41127488 -253.22111920
2529 114.59264720 -31.01360712 -603.85161600
2530 1257.14974400 378.28464480 859.18440000
2531 -151.44741120 45.19054720 318.11998000
2532 145.91700000 36.11871472 -103.81550000
2533 -444.69644000 418.68032800 -2015.95998400
2534 -162.28229760 -254.10268800 492.41496000
2535 -319.10949600 -322.53075280 -210.95184080
2536 355.90652080 1473.31192000 96.42404560
2537 146.13666000 359.37087280 4.57231704
2538 -380.67580080 -447.21939200 500.29343200
2539 -634.27766400 -690.51062400 70.81545520
2540 -136.25698080 -264.57524000 -39.69553264
2541 88.23679440 -314.93177200 205.27289760
2542 1437.06592800 455.03092000 -930.20780000
2543 -309.84737520 48.88962160 199.30442160
2544 -9.21768672 -135.35198160 530.04167200
2545 668.36471200 -74.53084720 699.26355200
2546 -220.82984640 254.55916240 -217.81318240
2547 -352.51789920 -233.77137680 -349.83846560
2548 -466.12270400 3.22643302 -90.36310320
2549 -24.62593616 115.12317840 -208.65524320
2550 101.36116560 -232.39400400 144.83752800
2551 -545.95760800 -886.57704800 -928.45470400
2552 444.86380000 161.89067520 575.39204800
2553 304.42365600 185.87629200 160.29489760
2554 -529.48101600 465.56204800 -850.30176800
2555 -84.43730400 -259.93518400 200.89768880
2556 211.27526400 109.84966480 317.44175360
2557 -1089.08683200 276.09337360 -2078.32250400
2558 -88.92840960 -308.01520160 590.05696800
2559 419.64264800 -438.98946400 241.98833440
2560 214.73543200 509.91663200 789.84296800
2561 591.67617600 -105.53596080 178.74340880
2562 53.55017920 -329.40297280 -41.91949600
2563 411.66961760 1175.74165600 1371.53193600
2564 -135.47582800 -490.51960800 -269.40064720
2565 98.68507920 17.69702296 79.85624240
2566 -170.14612560 93.02370880 -730.44272000
2567 -119.58750640 -66.63354720 114.95540000
2568 175.40541360 -162.14757280 7.84002104
2569 -841.34382400 -440.32834400 895.50988800
2570 -50.35234800 314.94432400 -337.44964160
2571 442.54168000 243.34813440 -382.47575760
2572 8.77146312 -225.25902880 -218.08221360
2573 -471.00124800 573.81886400 -31.26138360
2574 261.66819680 -321.27848160 456.39908800
2575 -596.09029600 -660.72054400 -389.75298880
2576 -7.08836544 351.28822160 -49.83729760
2577 1240.70662400 29.47531768 1713.18064000
2578 -770.37900000 570.11602400 306.80728080
2579 -219.63405920 -1636.22432800 -97.78761120
2580 332.61502960 -429.50433600 96.84328240
2581 -3138.21338400 300.75303280 1354.42356000
2582 326.24196080 1046.74056800 329.80547360
2583 1534.64099200 752.52587200 472.05143200
2584 -313.55816480 -901.39259200 -1218.41845600
2585 -0.84800894 155.05401920 53.95728240
2586 -72.51792480 -93.27140160 -186.74740080
2587 -1677.10619200 -169.76077920 603.60476000
2588 -261.93597280 321.93285920 -197.63793440
2589 155.05569280 153.59045600 -141.07527520
2590 66.18000160 69.76820000 3.82980348
2591 580.47979200 375.17760640 230.07481280
2592 681.65728000 -691.46876000 -406.15468720
2593 -91.40701120 -4.94937912 111.07976080
2594 -90.49573600 487.71214400 213.86264960
2595 -186.53945600 188.41137760 -89.77483280
2596 454.83845600 -37.97954872 1055.61483200
2597 -103.02388720 -125.83003440 -371.84630560
2598 -3.80233134 288.46629840 -58.76679040
2599 587.07377600 -296.76568080 -577.81458400
2600 -114.41775600 186.66706800 209.20167360
2601 -185.78759120 222.95699200 -15.91572680
2602 -435.83472800 -84.62098160 -998.36516000
2603 -23.20998688 79.90561360 218.10522560
2604 12.51505528 210.66398160 460.09356000
2605 -46.43570560 -566.03662400 -112.18308160
2606 104.17867120 4.23182312 -17.56426464
2607 130.08976480 3.75218191 -22.48703352
2608 113.14414640 134.20891280 191.71673760
2609 39.74494568 -93.45591600 -391.87720560
2610 908.60162400 333.67985760 227.76064240
2611 87.09121520 -40.70981792 -112.16006960
2612 -488.28116800 -80.94701120 -120.41175440
2613 297.67109840 745.56369600 230.86809920
2614 -486.26029600 -161.94255680 578.45892000
2615 -29.02357120 -427.84747200 -523.17991200
2616 150.48592800 -455.43676800 56.05304800
2617 88.54180800 2505.93985600 -1854.25675200
2618 358.64369360 186.99383840 906.58075200
2619 -147.88515360 -162.26263280 470.69581600
2620 -167.64283840 53.94640400 57.71200400
2621 -15.20268952 -148.50815120 -114.40896960
2622 329.52179840 -122.22928400 206.49127840
2623 -896.39271200 600.47931200 416.66112960
2624 -32.48838344 -134.01017280 -394.34158160
2625 210.84849600 -210.91502160 -283.21663360
2626 -854.76609600 -603.95203200 324.46668960
2627 302.24546560 116.65912480 -263.36188000
2628 -6.41854888 122.99579280 -153.80593200
2629 313.92300960 398.54775680 1129.79296800
2630 37.83398736 -61.82487600 -74.03713520
2631 660.75401600 56.10785840 -289.75622560
2632 -1102.64717600 -597.91452000 -90.31205840
2633 725.97839200 113.98178320 151.77669200
2634 -369.50201040 414.83523200 -199.08308800
2635 -818.65817600 -723.14164000 93.44503760
2636 547.64794400 191.85355440 -153.68794320
2637 -573.97785600 213.97812800 -329.67953520
2638 -492.25178400 335.01246160 -225.65860080
2639 297.37152400 121.52888240 -85.05277040
2640 632.75050400 -420.55057600 -145.61156800
2641 -182.51821360 370.51955920 38.95856288
2642 259.13813200 -399.63476000 -176.60580320
2643 81.00809760 -421.97313600 215.24964560
2644 198.88978720 1419.72324800 211.91792640
2645 -150.45120080 43.85250400 64.35410400
2646 -148.68848160 -119.33353760 33.20602312
2647 1475.97294400 -109.39821120 584.46714400
2648 -337.77390160 -217.68724400 45.94701440
2649 -104.75899200 25.25470768 -142.60076160
2650 -178.99193840 -545.43460800 312.23602080
2651 362.43188720 381.64104960 85.49041680
2652 10.62652320 -1.17413500 -68.45526080
2653 -556.74814400 -55.37565840 -879.31780800
2654 120.23226080 41.65226392 141.34179600
2655 -88.82757520 -393.81774480 -206.32391840
2656 1030.24305600 113.92613600 60.27428560
2657 71.47694560 357.92697440 148.86169920
2658 238.58967120 99.07419120 -128.34629200
2659 -2743.67473600 -336.52916160 441.19443200
2660 405.62917680 344.01224560 22.14821320
2661 -226.75773760 985.29852800 -621.43696800
2662 559.47611200 95.81652880 178.97520240
2663 511.23459200 -56.66391200 167.30853680
2664 404.99822960 -585.66376800 173.15567680
2665 52.48451440 -649.52834400 -144.00574880
2666 -332.36357120 74.58858640 105.45520960
2667 -145.76135520 -9.75662776 -144.74631680
2668 -144.24674720 -1343.13512800 543.40536800
2669 384.55604240 302.38060880 -48.23524400
2670 87.70124240 95.15462000 -277.17619280
2671 -255.32232400 1069.33416800 103.95315360
2672 201.41190240 40.66735032 -171.10635360
2673 -375.23618240 -206.59922560 22.28553208
2674 -20.80845456 -329.54941280 -189.07454160
2675 52.82216320 546.10404800 517.58590400
2676 1186.15563200 659.63270400 -1499.64183200
2677 114.34118880 -179.99986400 198.28436240
2678 -277.28957920 -329.71133360 192.94599680
2679 -1441.22064000 462.79224000 -1053.22576800
2680 229.11291120 1333.36967200 1923.99984800
2681 -950.41652000 -1365.31869600 -1062.78202400
2682 40.31058064 -966.26969600 -273.49259920
2683 -1025.43564000 -769.24095200 279.13848880
2684 756.62619200 555.79000800 -170.58879280
2685 1541.67848000 325.49971920 -122.71755680
2686 -2010.96010400 610.29079200 -637.94703200
2687 -143.33212480 -125.81664560 13.75247328
2688 244.95939280 -466.80469600 399.53601760
2689 -704.00402400 -1480.21970400 2794.35552800
2690 523.52718400 460.49940800 -433.88080000
2691 99.96245440 284.38480640 -2029.86760000
2692 125.67941040 -90.74008160 37.92139112
2693 -2.79489108 308.53318080 459.84670400
2694 137.74104560 902.19173600 185.79846960
2695 216.04920800 -325.17462240 55.28486560
2696 -197.50697520 -358.89975440 202.90098800
2697 161.15010720 -88.01211360 206.51429040
2698 362.24235200 358.42277840 136.61554960
2699 -219.65539760 -137.05110400 68.39710320
2700 307.15497120 -365.36528960 -13.13943360
2701 -38.92463064 587.26205600 -646.46147200
2702 191.00754960 159.15601280 -21.19317336
2703 122.82341200 -520.25529600 -131.36797680
2704 -245.58908480 -449.71724000 -222.64821280
2705 46.74030080 -14.02100240 152.29927360
2706 507.64890400 -237.90224000 159.21709920
2707 25.76452808 -329.30464880 -1120.22834400
2708 -536.07081600 78.34330800 276.64440640
2709 -16.72336432 609.06488000 453.65020000
2710 115.34785920 122.93219600 369.23297920
2711 -96.99390640 -708.44743200 -296.82509360
2712 -412.71185200 2256.99185600 -6.94941480
2713 35.28463432 -50.84564160 57.01787840
2714 330.45022800 -529.97472800 301.78648080
2715 1741.90798400 -2276.31775200 -1727.88740000
2716 -3668.51028000 2115.21283200 1923.84504000
2717 125.07231200 -899.25456800 -616.68394400
2718 1955.07023200 -1441.96120800 -1197.63234400
2719 3232.55003200 376.24117920 1883.27279200
2720 62.46879360 1094.92351200 -1200.33520800
2721 -1949.86533600 284.94713600 -125.77480560
2722 -150.98215040 198.85840720 278.60168160
2723 258.75153040 -584.65960800 355.48268160
2724 -27.92564776 286.54375040 103.91675280
2725 339.92113040 -176.53927760 686.85380800
2726 146.77890400 -108.16686000 -326.82604720
2727 -367.00123360 -207.70296480 -270.13284720
2728 398.07747520 -164.50400160 -161.13671840
2729 -197.65341520 268.43205120 -96.76671520
2730 -487.15567200 105.06567920 227.15605440
2731 -411.55957840 -774.60065600 -272.50977760
2732 125.83338160 -126.32834880 366.03389280
2733 389.94963680 457.70449600 128.90527440
2734 -234.86632960 531.80732000 -747.76029600
2735 209.05983600 -36.27402480 -114.47633200
2736 -425.95212000 -242.96404320 178.65805520
2737 731.55566400 62.89974560 -496.08851200
2738 113.73032480 -50.28038320 360.77334960
2739 -540.88241600 513.83285600 -7.19932512
2740 -1779.90288800 -198.86091760 -361.13275520
2741 225.99708640 55.39741520 222.55993040
2742 864.71146400 -267.11241760 134.26665200
2743 932.28724800 889.10000000 808.75046400
2744 302.67181520 -635.39897600 -500.20975200
2745 121.45064160 -203.91853680 300.67688400
2746 -1339.14777600 -88.06566880 60.61821040
2747 245.70540000 -163.55465200 304.34625200
2748 346.06198720 -14.91449560 -382.51759760
2749 -784.34519200 265.07773840 1318.27798400
2750 559.89869600 -268.67263120 -196.34382320
2751 195.60367360 -283.56432400 -44.58010160
2752 1051.61911200 976.42844800 -668.63667200
2753 -281.63842880 -148.12322320 7.97667048
2754 233.62995760 299.08780080 -574.48830400
2755 -1729.00452800 -1369.07592800 -661.16823200
2756 242.03770560 314.48868640 115.16501840
2757 613.66728000 1.96580638 299.09826080
2758 104.63347200 27.47666272 55.80200800
2759 -22.77179656 -298.82420880 105.56232000
2760 -588.32060800 896.23790400 2088.54820000
2761 -147.41612720 215.66093280 495.37723200
2762 -71.00499040 300.37772800 -335.45010800
2763 1202.19290400 -109.05386800 -1448.65979200
2764 -954.35366400 -2434.10057600 -2165.08611200
2765 -2145.31252800 -2051.81686400 -1942.60609600
2766 -371.10657440 900.50558400 -289.58970240
2767 1443.05741600 -32.30679784 973.53730400
2768 -1514.08081600 170.29214720 459.75047200
2769 616.65047200 281.18028080 -604.37461600
2770 -771.88942400 350.51083440 -12.89818416
2771 -155.69375280 75.59860400 185.25664160
2772 -17.26481576 119.16952480 181.17514960
2773 530.97888800 -102.69837200 -251.98181840
2774 19.69011320 -223.17372320 71.68363520
2775 -273.18549360 1408.17959200 -640.29425600
2776 256.48631280 -184.81983200 93.66720800
2777 239.33274960 -264.87314080 68.73014960
2778 -690.34326400 -579.96516000 -237.74952400
2779 270.80981840 -44.86670560 191.78702880
2780 -54.27359280 18.61340264 283.05638640
2781 304.75126320 107.57649760 -178.93043360
2782 -381.35988480 -940.79750400 -41.05692256
2783 77.13120320 484.17248000 -230.68986080
2784 98.95201840 161.50198160 -242.32765680
2785 -570.60136800 -491.31038400 1421.64788800
2786 -22.08917696 224.89878640 -452.17743200
2787 346.66866720 98.19680640 -386.17148480
2788 -250.48310960 -536.31348800 1186.16400000
2789 97.07340240 96.84914000 -23.99423584
2790 142.35306880 236.64662160 -501.35616800
2791 725.97002400 858.33504800 -413.83023520
2792 -217.73326800 -90.49322560 -373.89018960
2793 -185.12777440 -25.67201984 -208.99665760
2794 -43.77844720 -428.58804000 619.88470400
2795 -81.09889040 44.83699920 -170.10972480
2796 -138.63307440 -728.75238400 -183.23828000
2797 130.32825280 -358.12320400 -41.73142520
2798 -124.02505680 101.50007440 170.85196640
2799 766.21173600 1200.40633600 2237.72872000
2800 208.41633680 -1483.03135200 85.40631840
2801 -531.43494400 -2308.92366400 -1096.73518400
2802 -465.01394400 -653.46967200 -682.94176800
2803 320.35005200 2340.15722400 1927.47256800
2804 204.11392960 -366.08619280 -49.25739520
2805 1263.22072800 -94.22075120 197.88562720
2806 -976.28619200 468.77536000 -776.64244800
2807 494.26428800 -30.20500728 211.21961680
2808 157.61169840 -239.01309200 -14.43605520
2809 -1805.80184800 49.35613760 327.12018240
2810 132.44577520 -5.53748216 -276.66323440
2811 3524.77732800 102.15361520 -217.79058880
2812 -964.46639200 383.37992000 123.44348080
2813 -725.08720000 -276.95402240 210.81125840
2814 -1390.50637600 -660.28122400 145.94754320
2815 765.04440000 -128.02579760 -215.49399120
2816 50.35485840 604.10684000 84.41178160
2817 -226.80543520 -84.52851520 164.41906640
2818 943.07360000 1571.88696000 -517.97501600
2819 389.96135200 -271.75833120 368.63299360
2820 -47.58002960 -1141.93075200 91.51119280
2821 401.60918960 -449.54151200 469.62889600
2822 -26.74768440 39.92146864 86.89038320
2823 -52.00293600 276.07621920 88.50791760
2824 -300.73169440 675.02145600 -930.12412000
2825 325.19428720 -220.22400320 -188.58836080
2826 -37.37466784 -54.37317200 -334.28988480
2827 -75.66010880 -238.95702640 318.28441120
2828 -143.89654640 -66.16786800 172.03645680
2829 -185.77838640 -134.78212080 170.99798800
2830 293.40802080 198.06386560 159.34512960
2831 -83.43983840 701.14216800 -114.28596000
2832 839.93381600 -372.39608320 1342.20209600
2833 -668.90444800 -115.27882320 -232.78562640
2834 -374.70690640 -440.13169600 611.28240000
2835 281.37483680 835.87533600 757.82281600
2836 978.10204800 -295.21885600 -725.49304800
2837 -157.03430640 550.63532000 108.31497360
2838 -1597.93236000 -1382.34339200 -458.00992800
2839 253.91440800 3054.40368000 -1467.89782400
2840 -28.08865640 562.95720000 1441.40892000
2841 -1226.82411200 1074.88633600 -391.47052080
2842 -322.02909120 -639.93861600 604.67168000
2843 293.51303920 247.05892400 343.03653680
2844 79.21567200 -233.69899360 19.06268056
2845 638.71270400 87.49831840 -1202.75774400
2846 -302.65675280 -379.99171680 205.17415520
2847 40.12694488 -109.42498880 111.03331840
2848 210.82297360 -387.47187200 -76.65464560
2849 75.19568480 229.57733520 185.22860880
2850 144.05470160 409.81108480 245.60958640
2851 -368.06899040 604.12776000 -539.27994400
2852 -44.70227440 -167.89931760 568.58049600
2853 432.73856800 -97.38678400 270.36840640
2854 -199.51780560 -889.69412800 -301.08105840
2855 -64.81057840 104.61506240 -185.32400400
2856 271.92903840 104.04185440 410.97549200
2857 414.93606640 120.50966000 -2583.12628800
2858 195.44719200 68.71383200 -125.04678960
2859 -29.39866680 77.00861200 780.66745600
2860 -1039.51898400 256.32983120 1744.36817600
2861 -10.43656960 86.80293760 45.42401440
2862 105.27822640 -6.09960256 289.91772800
2863 200.22155440 1438.36715200 270.33995520
2864 -170.81347360 -95.27428240 -794.13993600
2865 -278.24938880 -808.46595200 200.27134400
2866 87.45020240 -1568.57323200 497.20982400
2867 100.37625200 114.25750880 32.32131632
2868 159.67775760 267.64922480 -211.32045120
2869 509.81203200 738.39232000 -787.40369600
2870 131.47006640 34.52971520 71.33552640
2871 205.96953360 -343.34113200 -286.46341760
2872 -560.68110400 7.72730408 1001.72491200
2873 70.81671040 -522.04186400 -114.61607760
2874 -371.56932480 203.57335680 -40.48425848
2875 -1059.69423200 1469.36640800 705.39311200
2876 113.57886400 -122.22677360 -36.46531728
2877 -51.34270080 31.39142232 -83.47080000
2878 630.54972000 -926.67232000 -763.52560800
2879 24.92220520 19.40480624 -8.33164104
2880 301.12959280 -118.35113440 -4.12194291
2881 585.33741600 232.94168960 -889.83638400
2882 314.97988800 -454.44097600 -184.78970720
2883 -168.41311280 -61.92738400 212.94426160
2884 -760.59680800 -116.14616640 570.81475200
2885 -186.67585440 -77.24751840 258.54484080
2886 202.24870240 -255.19889600 -371.54505760
2887 -421.70954400 722.97428000 373.80483600
2888 -156.97907760 261.92425760 136.73646720
2889 178.03756800 179.40824640 88.25227520
2890 1367.59060800 495.21824000 73.90241040
2891 -208.10923120 63.33027920 -192.34642960
2892 -598.06096000 -760.22443200 -345.30677520
2893 -185.53404080 -1032.18861600 -275.63982800
2894 -128.28687920 169.52605680 426.20316000
2895 271.87213600 319.83542000 54.39911280
2896 137.04022560 84.66993440 -115.75287040
2897 -68.30547360 -208.16655200 -259.71719760
2898 204.34697840 350.09076080 432.42476800
2899 -39.45963872 -164.31865040 -374.93409760
2900 -476.22288000 1134.41628800 -182.51695840
2901 -722.02032800 98.80683360 -780.96870400
2902 887.98287200 766.35817600 -1624.55933600
2903 -716.32590400 -502.36451200 -80.92190720
2904 -2048.90061600 -1553.07988000 -3428.41980800
2905 227.80206400 364.19335120 793.03117600
2906 1193.76632800 -456.17315200 181.81781200
2907 123.59075760 220.16040640 -1003.68720800
2908 -141.30790560 109.86054320 -351.48194080
2909 -122.83638240 -685.76596800 -38.19054784
2910 -435.51256000 22.60556624 -320.94627200
2911 -719.46808800 2118.42614400 1600.48041600
2912 93.59147760 9.01689656 -6.51239600
2913 -71.04180960 369.50159200 -704.03749600
2914 -198.42452640 -412.90808160 331.98031680
2915 -144.34172400 -571.13692000 -66.96659360
2916 552.31310400 -539.84478400 1557.51073600
2917 87.61547040 37.86946768 -305.57509280
2918 -409.00357280 294.07160320 -270.37468240
2919 251.57806240 -168.27294880 -215.21617360
2920 -725.45539200 1153.05182400 -351.16897760
2921 395.12691840 293.35697600 -430.88505600
2922 592.42511200 -126.39947680 296.35272000
2923 2057.96316000 -2444.23004000 -424.32872800
2924 279.81546000 -342.09095280 -3.71337950
2925 -980.61244800 522.88284800 48.13440960
2926 -1690.10169600 501.92100800 762.63023200
2927 107.30914000 165.76380400 109.01077280
2928 594.70539200 -31.70522232 -184.23532720
2929 999.08899200 -672.42319200 -630.90117600
2930 -109.64297520 760.11564800 35.44312424
2931 -509.95847200 -159.36479440 29.18386024
2932 65.84737360 123.80121280 775.91443200
2933 -473.29826400 -136.72809920 -321.20568000
2934 2252.04218400 1508.59140800 -588.48378400
2935 -1056.40142400 31.51267464 -113.81400480
2936 30.99155744 206.73938960 -132.91982240
2937 -279.95604240 -2307.78143200 1822.80980800
2938 -843.29775200 1587.94515200 -1125.50855200
2939 -600.84750400 -332.26901280 248.97268560
2940 -2153.13660800 539.20881600 -1326.08951200
2941 2813.88225600 2116.61447200 3597.44504000
2942 51.72972080 -763.12394400 360.32733520
2943 923.86485600 598.00238400 -989.31935200
2944 -128.84251440 -1325.39078400 684.90406400
2945 -161.41830160 236.85372960 72.42336640
2946 -482.30223200 66.30886880 62.77338880
2947 -1148.17328000 867.09634400 523.09623200
2948 -25.09847712 469.35693600 144.99652000
2949 -17.20741128 116.22984640 -18.73105672
2950 1338.95531200 -715.30919200 773.50026400
2951 -57.80488880 -526.07105600 -161.26893280
2952 -101.24066640 28.09104128 -793.66296000
2953 -630.52043200 1178.16000800 -361.95867680
2954 -437.29494400 -325.43068320 3.02719931
2955 287.68054320 -331.35397200 -215.34085680
2956 1404.53951200 525.28028000 549.74831200
2957 -539.18789600 379.15282480 -299.53507040
2958 -675.54445600 -287.76254960 798.82183200
2959 563.85676000 -374.49352240 -364.04063520
2960 -162.43585040 280.68364000 635.38224000
2961 -222.20680080 -338.30903520 95.31528560
2962 -463.90100000 -303.32828480 -1391.37246400
2963 -59.48643840 -9.70637792 -98.45830640
2964 24.32711488 -40.46936344 -99.98588480
2965 -58.41575280 556.34648000 620.86794400
2966 43.56255280 7.70077752 -238.81518880
2967 314.63638160 -262.34935200 47.31392720
2968 -715.89076800 409.21863040 1294.38734400
2969 105.75771280 69.76527120 280.01252640
2970 -212.37189040 -71.92588880 -59.51237920
2971 -48.38963360 -1605.45519200 -2817.20016800
2972 581.88143200 240.20302160 23.26299816
2973 42.25505280 265.39906960 772.87266400
2974 973.20258400 1362.47357600 1461.46283200
2975 -256.38045760 -452.95984000 -452.81758400
2976 -392.42447280 -154.66741760 -182.48934400
2977 -966.38266400 915.93199200 -417.28789280
2978 186.25787280 245.74598480 2.05241518
2979 617.37430400 -785.73009600 -165.87258800
2980 71.16481920 -604.39972000 613.14846400
2981 -95.91820000 -313.13223360 368.96101920
2982 994.73344800 1256.49285600 -1574.23836800
2983 -104.21381680 23.84499256 88.12257120
2984 -79.93239120 67.45737680 959.82215200
2985 -850.79129600 -4100.26142400 2155.42944000
2986 -369.47606960 882.76124000 -843.28101600
2987 -1149.23601600 -2716.23188000 -902.50135200
2988 -3716.35850400 -2743.00529600 -603.56292000
2989 3872.19576800 791.22787200 -290.53026560
2990 -522.84937600 -24.37255312 1309.85140800
2991 -1503.39069600 1578.36797600 792.37428800
2992 336.52958000 -1839.69224800 -1799.29572800
2993 147.89268480 419.72214400 -48.08880400
2994 -61.11485120 -22.31297912 593.92298400
2995 1694.21456800 524.28030400 228.30665440
2996 211.35601520 55.87983040 -295.24814400
2997 -201.94745440 -1971.21628800 570.01142400
2998 -83.83606320 315.12130720 -229.41081200
2999 -94.86215840 272.99135600 112.74917680
3000 67.24943200 884.97039200 -133.22065200
3001 -187.94235120 262.04559360 -29.77447368
3002 2.95402952 -37.50353504 197.24965920
3003 628.76733600 -300.22626720 88.87234400
3004 557.49708000 -495.40233600 -563.08690400
3005 106.05226640 262.79285600 49.55989840
3006 -275.52518640 -176.91165360 425.44585600
3007 -584.08640000 598.39986400 1067.84466400
3008 149.96083600 194.78946720 414.43524160
3009 -267.95925920 -461.41152000 105.43889200
3010 205.35281200 456.61665600 -2164.90620000
3011 108.82291120 -100.44235920 -245.85978960
3012 -504.31844000 -287.99852720 208.62386320
3013 -62.44871040 920.79380000 679.81213600
3014 -308.32983840 -186.64154560 304.74707920
3015 193.41544160 128.80987920 -377.97837600
3016 145.07685280 -838.46104800 269.92155520
3017 -141.59492800 20.66783032 94.44459520
3018 -340.25919760 562.99067200 642.49085600
3019 102.63393840 -122.35354880 -91.37981520
3020 -34.63808080 -436.01045600 598.41660000
3021 413.17962320 60.23537440 850.74527200
3022 1244.22118400 1421.93240000 -186.77836240
3023 -694.86198400 -793.00188800 520.92055200
3024 -1276.57605600 -89.33342080 321.88265120
3025 1778.49706400 856.44806400 1143.19432000
3026 240.97455120 730.71049600 -1223.21332000
3027 -289.80894400 1.97749229 1538.47353600
3028 -394.84324320 -78.86588960 -175.95519120
3029 305.98847200 141.85266240 89.10832160
3030 -286.85545840 -92.35385040 -71.78195920
3031 1366.45674400 -631.77144800 -72.66227280
3032 -208.35148480 67.53938320 -173.43809680
3033 -53.24098160 133.07212000 -265.09405600
3034 -1137.27814400 -159.18906640 -455.52044800
3035 80.69890000 466.36956000 819.01800000
3036 -456.32796000 -185.04158400 117.22773040
3037 1723.55277600 396.10346400 40.03924824
3038 -288.41525360 364.85526000 262.66064160
3039 -1020.82905600 -183.32614400 -35.59517080
3040 831.62439200 -411.48468480 1652.11934400
3041 1.71614291 68.46446560 -153.32686400
3042 220.57671440 108.18192240 184.45540560
3043 -977.85937600 124.15225040 -1361.25184800
3044 397.05657920 -27.38574440 -14.49283208
3045 -483.24781600 164.94917920 -699.13803200
3046 -65.77206160 -246.14764880 -299.91999840
3047 113.10356160 168.94071520 283.81829280
3048 -125.73673120 128.75004800 134.36916000
3049 142.53967520 -52.56777600 -378.94948240
3050 328.62014640 -478.77093600 191.94267360
3051 111.25883600 40.92663280 -548.79017600
3052 -644.75440000 -149.44243840 -238.83736400
3053 261.23013200 105.00752160 -8.78414064
3054 -188.98249360 -234.43412240 -125.20243440
3055 715.30500800 -371.77936160 2064.08016800
3056 -71.84806640 -106.50079120 -883.31352800
3057 -291.12606720 -312.12263440 -539.77365600
3058 -1077.01180800 -95.96840800 -1682.59560000
3059 41.94418160 389.14798240 518.53567200
3060 435.95188000 438.37860000 295.22555040
3061 104.07490800 627.09792000 1547.52352800
3062 297.48825760 -185.51688640 96.47048800
3063 47.98671440 20.54682904 -217.45628720
3064 28.36957016 11.57511968 -478.87135200
3065 -144.64841120 217.81150880 -339.91401760
3066 1790.71852800 -403.17316880 338.81488080
3067 -635.03078400 -114.51356960 288.27843680
3068 340.85207040 -5.67906872 136.66492080
3069 282.19406400 -1068.19612000 -974.52472800
3070 -249.45217200 2297.89882400 1109.91478400
3071 341.25750000 -1880.46951200 -438.84302400
3072 -970.48716800 -552.61435200 327.16118560
3073 1135.98947200 3576.63800800 -1759.98286400
3074 231.01202880 -949.22826400 -551.06208800
3075 1285.52981600 -231.78021120 2200.95972800
3076 -387.58274800 183.19560320 -2773.42297600
3077 -146.00570080 -385.25518880 137.96865520
3078 -102.17704560 226.79162800 429.62148800
3079 -1065.06230400 -1111.27876800 315.47903920
3080 43.50690560 158.48615440 52.93931520
3081 226.98911280 270.52907200 -137.41260160
3082 1113.41679200 342.31186800 -1414.24639200
3083 -194.76687360 -219.04537040 53.76983920
3084 28.04125168 -50.99501040 495.42325600
3085 -587.98588800 -866.21770400 859.46054400
3086 -12.02870712 30.05275152 -131.75206800
3087 65.36244800 192.66943440 -235.76798160
3088 1390.15910400 1548.78291200 -929.58856800
3089 -543.40536800 -60.29227680 127.83375200
3090 -45.06209840 88.94430880 -11.80741536
3091 -631.98901600 -143.78023120 1121.45425600
3092 -60.03621600 84.61596080 -40.62961064
3093 283.69737520 -30.16484088 192.40333200
3094 -179.84421920 -452.54144000 -498.18469600
3095 573.12432000 57.12708080 -31.25042152
3096 -284.87475280 -8.05871872 -323.40646400
3097 -207.34272240 -841.19320000 438.57106400
3098 -178.50492080 274.06957280 124.85432560
3099 23.18873216 132.21900240 267.34546640
3100 -81.46540880 -72.73842160 -221.71769120
3101 -19.50651928 -27.73397872 303.90567680
3102 -83.34360640 -190.62304000 47.35242000
3103 60.18935040 -1116.80164800 -1228.25922400
3104 156.73975280 102.00382800 312.35861200
3105 -292.57791520 421.01081600 -282.13548800
3106 -128.49942640 1597.40936000 1317.14412000
3107 -287.73911920 173.03894320 -171.23354720
3108 334.49364560 -458.38648800 227.18659760
3109 497.15124800 -184.47465200 468.77117600
3110 -51.50671360 -306.53783120 351.09910480
3111 115.57421360 159.44680080 -589.52978400
3112 387.84382960 355.38226560 -895.73582400
3113 13.96765640 -131.25626400 -46.76707840
3114 -317.30912080 -269.61779680 -18.65335984
3115 102.09880480 276.51177360 1344.11836800
3116 68.01886960 249.63752320 165.14331680
3117 188.12895760 -28.82064720 108.27899120
3118 250.20278160 -600.00652000 -456.27356800
3119 -376.83572560 -120.80295840 -420.53802400
3120 -36.54669608 -187.23023440 -192.81629280
3121 -165.29477760 333.50747680 -402.24766800
3122 -396.65993600 436.81796800 384.30249200
3123 -301.74129360 236.37215120 -455.93466400
3124 595.93967200 -1393.58580000 33.58802232
3125 -130.41820880 -178.59069280 214.28648880
3126 242.24062960 104.70083440 -90.59322320
3127 -1042.29716000 -154.55444960 12.25154696
3128 252.27469840 19.89931320 75.80445680
3129 502.25991200 561.40493600 169.39509760
3130 221.14490160 235.79224880 -352.27857440
3131 344.22479280 47.65617840 -349.83637360
3132 674.10934400 -1449.40454400 1752.48095200
3133 4.12200149 231.09696400 -56.92332000
3134 154.72557520 209.48493040 124.08028560
3135 -1573.10868800 -425.09440000 344.42395120
3136 2015.07716000 2468.26293600 -276.99962800
3137 -1238.17112000 -1929.83652800 968.32404000
3138 -1300.31188800 -626.52052800 -62.01650320
3139 -314.36484000 2415.79557600 -1748.75719200
3140 130.07846800 -22.05306904 1321.38251200
3141 1146.01852000 -1133.95604800 3.67439717
3142 -1821.10692000 794.23198400 -103.14647840
3143 605.21560000 -177.37398560 322.23368880
3144 281.77148000 5.99776400 271.08679920
3145 855.33930400 188.69003200 678.16364000
3146 -264.99322160 405.82666160 -161.98816240
3147 -133.82231120 -41.25562072 -157.21003440
3148 -207.59376240 -760.37505600 -1000.46552800
3149 -51.69750400 267.00279680 99.35870320
3150 206.12266800 -126.34341120 122.94265600
3151 -129.01531360 973.70884800 -507.39368000
3152 358.54871680 -360.03068960 -141.20958160
3153 94.55756320 185.02317440 292.65406400
3154 753.73504800 57.45929040 906.78576800
3155 -257.52143440 -130.51402240 323.72737680
3156 152.15325200 -865.00852800 238.83987440
3157 -505.77865600 -952.10267200 60.98347360
3158 8.32670392 88.24599920 -285.02244800
3159 379.89004560 205.58376880 383.44686400
3160 -715.70667200 1249.99092000 -891.83215200
3161 -529.82828800 -162.28480800 485.30634400
3162 -185.70391120 -687.32660000 -147.48181600
3163 575.04896000 -60.64247760 -1654.23226400
3164 113.70522080 374.12365680 312.06112960
3165 60.45419760 836.94644000 943.20330400
3166 -240.77664800 -141.01669920 -303.72409120
3167 50.43268080 -202.60141360 -400.85481440
3168 17.98458928 -71.80873680 -174.12092560
3169 412.49804960 669.90442400 2095.11708000
3170 -345.13188400 188.91806000 98.95327360
3171 29.90162544 -501.47332000 -416.36490240
3172 -706.74872800 -1570.84096000 -764.82683200
3173 -167.14452400 168.44240080 790.54169600
3174 -48.91472560 51.55608480 234.84959360
3175 882.18803200 -268.79438560 -294.86112400
3176 99.10389760 -238.32189520 -127.51995200
3177 46.70892080 93.50235840 -351.95264080
3178 -330.68202160 802.54559200 -1355.03860800
3179 217.88849440 388.25595360 -49.35237200
3180 -373.33832000 163.90652640 95.98556240
3181 449.90133600 -23.96498968 2385.15614400
3182 73.11037920 -140.77026160 -107.55223040
3183 168.90556960 -245.08826000 -672.74536000
3184 660.70799200 -2073.56111200 -406.37518400
3185 -125.53129680 386.78569600 320.54921040
3186 211.30580720 550.28386400 -131.63826320
3187 -203.37587200 1729.42292800 133.49219360
3188 -268.87890240 -3.01152186 65.22688640
3189 -208.15860240 -264.40536960 -121.87197040
3190 -855.95016800 89.24179120 -951.71774400
3191 -292.41850480 -446.24033600 47.72814320
3192 -99.95283120 -88.70623920 137.50464960
3193 698.16316000 -325.40306880 269.98180480
3194 -199.56257440 202.66961280 -172.80212880
3195 76.80987200 -342.50349520 69.11005680
3196 31.04138888 345.26493520 120.30422560
3197 -100.23818000 314.09706400 -432.63396800
3198 787.71331200 440.91828800 -748.54270400
3199 -386.02713680 433.14441600 55.70284720
3200 239.90763120 -258.50634800 -42.75043840
3201 -457.87185600 -1373.18880000 -892.33841600
3202 62.56962800 983.99312000 1827.57538400
3203 61.34706320 -2.97087012 -60.56172640
3204 -728.68962400 -1243.91575200 -1017.17642400
3205 1773.18338400 1576.87010400 -1580.13780800
3206 -544.18359200 285.24712880 -361.18505520
3207 914.86088800 319.38271120 -74.20240320
3208 -342.42650960 -1100.34597600 -1282.70143200
3209 141.05686560 -67.44398800 -44.06337760
3210 437.05645600 409.74163040 847.61564000
3211 -543.61456800 -13.59569880 1340.21051200
3212 3.53614944 68.30045280 2.68371802
3213 -83.86702480 69.18202160 108.99068960
3214 771.64256800 140.41252960 -778.10266400
3215 -342.95243840 152.52855680 -132.61982960
3216 32.79009168 -175.45394800 -96.57969040
3217 -471.85060000 -148.42154240 1345.69992000
3218 127.69568000 162.54296080 -177.86058480
3219 38.05318712 228.57945120 69.51423120
3220 1430.31295200 842.72454400 732.69371200
3221 -388.45427520 560.22086400 -200.95877520
3222 -70.82466000 107.63088960 -242.59292240
3223 -2068.92942400 -771.35805600 -622.67543200
3224 102.70130080 210.66983920 -111.02327680
3225 213.60156800 -92.87977920 -495.51112000
3226 537.56868800 -542.52254400 645.05146400
3227 203.52440400 -191.57280800 -467.72099200
3228 430.39552800 -460.41572800 369.30787280
3229 -1015.06350400 779.79300000 -106.33970720
3230 430.60054400 -601.69685600 -6.53975936
3231 288.31483760 -99.65116480 -380.72726400
3232 -270.02782880 205.52477440 342.09806560
3233 -28.90160760 10.63840576 115.46919520
3234 317.01080160 -119.73813040 156.14813520
3235 1176.94246400 -259.17704320 -603.72191200
3236 111.27096960 223.02728320 246.93926160
3237 -14.37049192 163.13541520 -162.55258400
3238 -1418.47223200 358.01483840 204.52103280
3239 -450.40760000 130.02951520 -33.41488840
3240 -36.32578088 -49.50969040 -66.27330480
3241 1528.34407200 -931.77680000 -395.28716560
3242 -387.74592400 92.67392640 -157.17698080
3243 351.59992960 557.53055200 -116.31310800
3244 -1217.35153600 134.03402160 1963.78550400
3245 316.65725360 -120.94730640 -246.49533920
3246 258.79755440 -40.31593616 -521.65275200
3247 -1372.52354400 1006.85868000 1062.56445600
3248 249.22121520 -443.22367200 -87.47070400
3249 82.71600640 -255.45077280 -174.28200960
3250 -506.83302400 -1242.64800000 -938.95236000
3251 19.80136576 410.08220800 -253.66462320
3252 1143.51648800 510.40197600 374.20942880
3253 786.37024800 -1452.21200800 657.22690400
3254 -299.57188960 717.54763200 -145.85967920
3255 20.26432536 456.96811200 -203.44365280
3256 -216.63329440 792.16090400 -253.38889760
3257 235.19602880 8.41917032 -177.10160720
3258 8.24130848 179.13754160 -41.81749008
3259 -456.40745600 -1584.22976000 238.02566800
3260 -161.68565920 217.93410000 22.09235680
3261 258.72600800 383.45314000 -85.19502640
3262 71.20791440 89.77399600 -149.15918160
3263 195.16979280 -45.61438640 168.89218080
3264 -2679.76413600 1749.79900800 -713.31342400
3265 441.96010400 -159.91289840 -182.45545360
3266 361.03736000 -307.89010000 121.54896560
3267 2118.50982400 -957.85148800 2116.30067200
3268 34.90673544 468.82975200 -2847.75592000
3269 -707.74033600 -1276.58860800 2004.39122400
3270 856.38948800 -578.11583200 782.09420000
3271 913.16218400 1002.12239200 -944.34135200
3272 -145.24797840 -119.96699520 827.15588000
3273 -938.63437600 408.17639600 810.29436000
3274 863.09644000 82.04238240 -70.26776960
3275 -302.91825280 70.21086720 69.47615680
3276 -66.19380880 -182.91904080 172.55108880
3277 -48.03734080 -172.59251040 -1208.58605600
3278 256.75116000 -298.99324240 231.59109440
3279 -437.35352000 1197.30180800 -189.48833920
3280 227.56608640 -195.77479920 -70.35898080
3281 -114.27884720 -334.17649840 314.69202880
3282 138.32596880 -777.78886400 1016.94630400
3283 -77.14333680 220.23990240 84.68290480
3284 -188.32560560 268.89773040 -296.78409040
3285 159.12086720 -120.91676320 -461.28600000
3286 -548.07471200 454.58741600 2190.34073600
3287 205.76870160 -181.56844560 -478.04292000
3288 185.24952880 -318.49821360 -88.11420320
3289 -41.70535888 -147.43830240 -1013.20580800
3290 -241.13019600 -310.63438560 -11.54712872
3291 82.24237760 -236.38302960 -23.74181512
3292 1355.72060000 1579.49765600 1233.89507200
3293 -751.78530400 -804.57064800 -227.52884880
3294 -35.18258656 -88.64724480 -5.19460336
3295 15.13566184 148.76881440 -1652.45824800
3296 -132.80769120 -28.91185840 -22.63016816
3297 -7.59923184 -288.39893600 498.14285600
3298 22.65962352 144.26390160 373.14209040
3299 315.35184560 -192.87361360 -30.64888784
3300 -274.70721440 -199.14542960 -698.45185600
3301 98.00099520 269.58265120 -60.71318720
3302 -148.28765440 647.42797600 676.22226400
3303 729.09965600 153.83396480 717.47232000
3304 -3273.33566400 -193.46146560 1463.63851200
3305 374.74707280 -851.25572000 -463.33616000
3306 -49.69002080 -1557.48563200 400.88033680
3307 24.33150808 2270.08777600 52.82802080
3308 245.30373600 -264.76519360 -2455.38876800
3309 548.30483200 -17.82538808 -673.50266400
3310 497.22237600 -623.81348000 -323.83490560
3311 -22.84371952 -278.18244480 312.65651280
3312 -349.94599440 647.02212800 348.19540880
3313 -655.57840800 -1434.53460800 167.93320800
3314 231.56599040 69.42218320 -85.63811200
3315 16.51613080 -68.89834640 83.47791280
3316 469.69584000 2814.13329600 855.02550400
3317 289.92484080 22.28724752 39.45411584
3318 -364.09209840 -222.20931120 -506.48156800
3319 -355.37180560 -2155.59680000 -523.71546400
3320 206.45822480 756.17432000 531.85752800
3321 210.14307360 325.21144160 -173.54562560
3322 -1451.06140800 -606.48753600 -1298.70941600
3323 486.72890400 228.18155280 214.99149280
3324 134.81391920 267.68102320 -217.83159200
3325 767.43346400 47.74780800 1309.61292000
3326 118.88501280 -249.38899360 233.41824720
3327 350.80957200 20.52565800 58.75591200
3328 158.22967520 160.03423440 -1471.03582400
3329 -97.42025600 122.48869200 -29.64213376
3330 -10.09586648 -126.47855440 -285.56678640
3331 307.18969840 233.03666640 18.42855352
3332 -217.53452800 -373.66592720 409.62154960
3333 -148.54580720 14.08476656 471.05145600
3334 -961.89323200 754.04466400 1252.90716800
3335 -290.87879280 -287.48222160 120.93057040
3336 68.67868640 -107.57231360 -99.91559360
3337 -406.26891040 -274.48713600 -1352.51565600
3338 75.19568480 62.75707120 -242.01636720
3339 195.62166480 -201.54662720 -109.58230720
3340 1703.00515200 -584.62613600 784.99371200
3341 85.21929360 -76.86844800 45.18929200
3342 189.20633760 398.76072240 -382.27325200
3343 -1952.96149600 921.01555200 44.42696720
3344 -142.55557440 58.54545680 -203.41645680
3345 159.77775520 -440.81787200 -115.75914640
3346 337.84754000 -101.94943600 38.37409992
3347 236.71984160 -285.27014080 649.09739200
3348 -666.58651200 443.70064800 -2087.56496000
3349 455.86772000 23.94720768 265.33170720
3350 -263.48865520 -262.56984880 358.38763280
3351 301.89693840 -112.16885600 131.09852720
3352 2656.80234400 1878.62018400 204.23944960
3353 -128.95631920 -82.21099760 -275.53188080
3354 -264.84050560 10.06406808 -450.60843200
3355 -1121.33292000 1307.09415200 1417.30908000
3356 529.70695200 -202.37213040 -1436.62660800
3357 1152.13134400 13.53645336 -506.23471200
3358 -699.92462400 -464.98465600 -28.44220440
3359 344.18044240 -153.70718960 360.29930240
3360 -30.58662992 56.84507920 25.07897968
3361 -551.04116800 841.48608000 141.37233920
3362 384.75603760 -52.95437760 -354.22329760
3363 33.95048224 179.53920560 84.31513120
3364 812.82986400 -352.17271920 218.79558560
3365 -32.71348264 -231.12332320 48.94317680
3366 198.87890880 102.98204720 -46.50055760
3367 369.75472400 -1137.86390400 148.15376640
3368 -33.18355504 126.91410880 312.73810080
3369 -382.60713520 421.79322400 -26.31033088
3370 -552.28800000 387.70450240 -87.98198880
3371 123.46774800 -202.02025600 173.47951840
3372 383.03222960 -185.09388400 80.21564800
3373 401.53973520 905.76068800 -964.72161600
3374 -173.21760000 130.94162720 426.45420000
3375 -6.15579368 -31.06172312 190.40254320
3376 -314.30877440 -989.42813600 -184.11022560
3377 356.04584800 -176.31752560 -41.29654024
3378 -260.23266640 284.56178960 -76.79062560
3379 -371.33334720 409.57594400 484.90049600
3380 227.56106560 73.83881360 -35.81298984
3381 -107.15726080 -195.16519040 19.56291960
3382 -184.07717200 59.15004480 -1385.47720800
3383 67.60214320 282.00452880 241.52683920
3384 68.80295120 24.26113320 222.87958800
3385 -85.28791120 -284.23711120 1330.62915200
3386 111.10779360 30.48378720 -246.91792320
3387 -27.61272640 -72.10747440 -407.29691920
3388 -520.28458400 1370.72442400 -574.83976000
3389 148.09937440 -27.32775416 31.45803160
3390 85.53895120 -288.08011520 -22.72681856
3391 26.08924832 -1303.37457600 593.51295200
3392 299.20830000 -57.44715680 -184.21189680
3393 -125.43046240 -11.17634264 -95.09729920
3394 1061.22976000 1035.89564000 -179.61870160
3395 -383.95940400 -63.15664320 339.11612880
3396 -448.11895200 -75.88771840 76.76133760
3397 -578.84803200 -497.53199200 -142.89280480
3398 -118.80635360 150.05162880 79.70310800
3399 463.52025600 -272.39639120 -121.44060000
3400 -1068.21285600 -1492.01021600 -26.78383416
3401 176.94554400 127.44924240 382.09794240
3402 51.44771920 427.76379200 -89.27861040
3403 215.36052160 -382.01844640 -138.59039760
3404 199.50860080 382.56864240 111.15465440
3405 142.29742160 -9.73980808 -38.29000152
3406 342.81771360 2329.86458400 -678.68664000
3407 -177.76226080 -972.97246400 15.34117992
3408 -341.69472800 -689.40186400 449.05198400
3409 794.00186400 61.35543120 235.39058480
3410 148.52697920 30.28199288 292.17625120
3411 112.87595200 44.13450560 -550.03700800
3412 -451.79668800 217.35712640 15.60221968
3413 -187.90218480 764.38751200 243.03558960
3414 1304.00636000 307.45370880 279.27865280
3415 -437.81376000 -437.68824000 505.48577600
3416 243.25483120 6.97112976 -301.15260480
3417 -2837.41307200 -2268.25518400 1170.80872000
3418 1601.71888000 -2112.24219200 253.67633840
3419 -216.31238160 -1902.02129600 -562.87352000
3420 194.68528560 -2015.51229600 336.87183120
3421 -2414.10524000 483.85868000 -256.40807200
3422 2102.66083200 -263.65392320 -821.70412800
3423 -546.10823200 194.79741680 -630.27357600
3424 -988.89676800 -411.66752560 725.45539200
3425 332.15520800 304.74122160 -65.19466960
3426 183.80228320 119.56616800 438.54177600
3427 1263.42574400 -915.30439200 -171.89796640
3428 -131.22864960 98.76499360 -196.63712160
3429 -189.01052640 -88.54850240 315.27611520
3430 169.02523200 -163.99522720 229.42169040
3431 317.33213280 319.73333040 207.52263440
3432 -776.17384000 -100.29340880 -413.95659200
3433 32.67825336 -256.32648400 63.76499680
3434 120.05444080 71.41167520 227.15312560
3435 145.02371600 66.39715120 140.87151440
3436 1082.25854400 627.84685600 -1886.46100000
3437 122.04016720 -71.81836000 -114.15960320
3438 -528.05427200 177.93045760 215.60026480
3439 27.14846976 -736.44257600 701.60240800
3440 -414.16286320 -4.72289920 418.57154400
3441 -106.35225920 267.13877680 31.34205112
3442 -700.93715200 1369.18052800 -491.26436000
3443 -89.20539040 -108.73546560 -63.19095200
3444 -322.96798080 -128.57473840 94.01238800
3445 509.88316000 -182.03663520 -590.93560800
3446 372.28102320 28.50726560 -72.33968640
3447 157.93428480 -453.47028800 236.28888960
3448 -377.29554720 -89.64303680 81.33152080
3449 391.98598960 638.69596800 165.59769920
3450 -402.00583280 990.39882400 -1907.82450400
3451 65.25952160 -18.52725408 113.23535760
3452 707.96627200 37.02120352 -57.81367520
3453 -144.60447920 864.67799200 1625.55512800
3454 -866.82020000 1588.77776800 -2429.70319200
3455 -176.03050320 -1540.48604000 915.66840000
3456 2464.68980000 -3836.57319200 4426.88120000
3457 -307.18844320 2832.45921600 922.24564800
3458 -646.13930400 514.27217600 419.60080800
3459 -369.84091440 381.99920000 440.40784000
3460 -2.53717342 -522.50628800 -1426.12058400
3461 472.91752000 411.60936800 353.61034160
3462 -395.21854800 81.61645120 256.36748720
3463 2177.65066400 628.54140000 481.98843200
3464 -240.32017360 -180.00948720 97.42234800
3465 -38.87341848 -222.95322640 -33.92588032
3466 -1574.53961600 -83.53816240 -58.37056560
3467 526.73631200 127.81785280 -665.81665600
3468 538.93685600 605.29509600 -14.65320480
3469 -741.42572000 -693.74485600 1289.45859200
3470 -271.77004640 413.86998320 -239.20513760
3471 245.36273040 170.65657360 -104.90166640
3472 1409.54776000 -848.24324000 -455.88445600
3473 67.38666720 420.93968800 437.90999200
3474 -483.97583200 -271.74494240 165.98806640
3475 -1011.89621600 618.21528800 -58.05802080
3476 220.25873040 28.22647736 -52.87153440
3477 -245.42214320 0.50936853 -108.21664960
3478 -1107.95248800 464.90934400 -4.26052536
3479 445.78428000 -268.03666320 -6.39829832
3480 515.04203200 -90.53673920 -177.64594560
3481 369.76894960 -246.45308080 -98.82649840
3482 -101.72433680 15.22959264 127.62120480
3483 204.13652320 -7.91131640 -172.22180800
3484 81.69636560 370.22416880 844.72031200
3485 -294.28415040 -222.08169920 -521.44773600
3486 154.71553360 -319.31827760 -142.18236160
3487 -294.75736080 -80.18008400 -458.47016800
3488 252.38808480 160.83672560 198.77807440
3489 194.11877200 132.34201200 262.57863520
3490 544.48902400 415.17497280 -1204.26398400
3491 215.77975840 -539.05400800 392.23828480
3492 -405.31746880 179.42456400 690.82024000
3493 375.37007040 -424.47516800 206.33061280
3494 -203.61979920 106.67359040 -488.81253600
3495 31.74488664 -372.75507040 393.90770080
3496 -547.09565600 323.23031760 -161.04467040
3497 21.20480488 468.00550400 196.32834240
3498 1849.95978400 -2014.94327200 -570.62647200
3499 -566.41318400 -55.53925280 -208.17743040
3500 -450.93478400 264.28654400 16.35006784
3501 -1640.34556800 984.93452000 1224.36810400
3502 1052.37641600 3305.61104000 -4588.84384000
3503 -92.67852880 -661.78746400 607.83478400
3504 8329.04696000 -799.23186400 7394.88528000
3505 294.48456400 2589.75374400 -392.39685840
3506 -614.07312800 -575.17448000 52.35188160
3507 -465.79216800 -701.71537600 -62.50644960
3508 251.47095200 602.21148800 514.50648000
3509 -75.15049760 16.18438144 -239.62688480
3510 63.68257200 -125.82250320 138.08873600
3511 -409.29519760 561.80660000 -1185.14728800
3512 -80.29137840 -10.78480392 632.42415200
3513 -916.62235200 526.99572000 -216.35715040
3514 -170.04278080 -379.36997440 265.91579360
3515 349.41086080 -508.26395200 -191.22135200
3516 52.13975280 -706.97048000 137.34523920
3517 -27.44946672 810.63744800 -569.57210400
3518 683.24720000 160.87019760 285.35047360
3519 -241.04818960 -338.05966880 109.10491280
3520 -182.65586720 -451.24858400 991.14776000
3521 242.57032880 -310.10134400 297.65729120
3522 -249.48773600 -101.59923520 -111.31197280
3523 1001.13496800 -216.73371040 705.97887200
3524 -80.08803600 511.18856800 -446.65036800
3525 111.40694960 110.43082240 -224.32390480
3526 -348.08118560 475.77100800 -473.02630400
3527 -228.10456720 522.33474400 -351.04429440
3528 88.90288720 206.44358080 661.79583200
3529 78.27552720 -1669.61683200 -633.60404000
3530 -189.39838320 279.21756640 -44.86796080
3531 19.56517896 602.67591200 73.66183040
3532 -78.02072160 -123.79661040 223.68417120
3533 371.94379280 484.59506400 22.15838032
3534 -495.92115200 -303.82408880 -54.23510000
3535 -148.08514880 -427.83492000 -103.32680880
3536 80.23782320 44.61566560 460.48685600
3537 529.38478400 -193.01084880 -2111.56020000
3538 -673.84156800 1198.49006400 20.89870344
3539 1.18848612 -329.48958160 4445.58368000
3540 274.58755200 -527.84925600 1078.20843200
3541 -7362.96136000 2742.28564800 -8207.08336000
3542 -1183.85861600 -1179.04283200 326.84487520
3543 -668.08856800 -685.75760000 42.89102080
3544 1908.48139200 -782.93936800 -1077.05783200
3545 -490.15141600 -341.65414320 -90.80953600
3546 -253.93532800 -346.30382240 168.32775920
3547 -740.36716800 4233.70592000 996.32755200
3548 -174.14812160 -196.33001600 -58.72411360
3549 -52.97404240 -678.52764800 -1091.63488800
3550 130.97551760 -105.65353120 -25.15784808
3551 211.25727280 241.93645280 51.90252000
3552 -944.60912800 -658.25198400 508.30997600
3553 423.36222400 63.98047280 267.10823360
3554 148.98931120 50.03812960 -360.84656960
3555 -173.79582880 259.18248240 103.24187360
3556 44.58177520 -920.73104000 649.34843200
3557 -29.83350992 -189.62097200 -134.26623360
3558 97.34578080 22.62694648 -84.37119680
3559 -489.40248000 -577.41292000 205.79966320
3560 -106.46731920 201.33993760 136.36492800
3561 -42.50441920 -1.06357280 45.28970800
3562 1776.01176800 52.93471280 285.60904480
3563 -520.72808800 180.25215920 -139.13055200
3564 -222.29843040 -356.48516800 192.72006080
3565 72.79616080 -594.80162400 -1045.90795200
3566 -42.27137040 -348.78660800 257.07290960
3567 84.24023760 136.97704720 56.11329760
3568 -339.90439440 435.71339200 175.98531600
3569 213.52374560 -451.54146400 -121.21801120
3570 -775.85167200 1288.67200000 -193.20456800
3571 -100.82770560 -208.02220400 -413.89550560
3572 266.85049920 307.30601360 -233.87806880
3573 -1520.69572000 220.38383200 2222.82531200
3574 106.84848160 1295.87266400 -1232.36372800
3575 343.50012400 -136.19924160 784.79706400
3576 8113.48728000 -8026.66928000 6489.21664000
3577 352.20953840 -484.02185600 -4386.08720000
3578 763.26620000 -45.99805920 -753.50911200
3579 -416.30967360 1058.54363200 -79.63239840
3580 601.62572800 -1435.53040000 630.74218400
3581 -62.54034000 220.36960640 62.98677280
3582 -436.63805600 22.20904856 -565.37555200
3583 670.73704000 -484.07624800 -409.62196800
3584 249.99567360 280.04850880 -496.80816000
3585 -2042.14764000 70.82256800 -318.41034960
3586 57.56640080 86.31968560 205.03901200
3587 176.26480720 -35.02731832 62.63908240
3588 513.24709600 402.58113280 -495.56969600
3589 532.89934400 -216.20066880 3.39515282
3590 -201.80645360 51.17115680 467.24820000
3591 -102.09964160 122.19623040 252.75376640
3592 235.37426720 539.61884800 -470.61632000
3593 -352.81956560 252.13662640 115.02610960
3594 56.28609680 74.90657040 803.45352000
3595 461.59980000 -2044.34424000 -356.47763680
3596 -184.12738000 -8.51238984 126.09864720
3597 -281.07986480 401.83345200 605.17376000
3598 -1228.24667200 997.98023200 690.86626400
3599 304.29353360 -124.91248320 -472.22716000
3600 756.72660800 -211.89282240 -613.39950400
3601 788.86391200 -530.97888800 -440.15680000
3602 -196.30616720 70.88742000 194.88067840
3603 50.59083600 377.21939840 111.27515360
3604 -261.84685360 232.62537920 33.42296352
3605 208.94477600 -334.65514800 -384.14684720
3606 -7237.14848000 7385.22024000 -6450.80752000
3607 -628.95143200 -234.16258080 -220.59219520
3608 -252.21403040 586.34157600 426.40399200
3609 1671.85108800 -888.86569600 -1239.96187200
3610 -1481.93514400 -1052.38060000 1087.95715200
3611 1244.70234400 -288.44496000 531.93702400
3612 1902.05058400 761.14072800 -460.42409600
3613 764.53395200 4121.70024000 785.62968000
3614 -1069.91156000 -2068.19722400 276.93728640
3615 193.43343280 -2261.05870400 -638.03489600
3616 -1430.30458400 2147.18277600 703.82411200
3617 552.64782400 -186.16122240 -82.18170960
3618 101.04192640 91.63796800 -314.05104000
3619 -283.55972160 -2726.24000800 929.79358400
3620 448.28631200 344.80595040 -15.40808208
3621 -119.82222880 430.70932800 -237.89136160
3622 1074.97420000 804.55391200 -583.88975200
3623 -95.50272880 128.46093360 9.65449632
3624 55.41164080 -101.72810240 -176.36271280
3625 -1652.58376800 -413.62103520 142.27273600
3626 213.24969360 145.96720800 -66.19171680
3627 393.91314000 -125.29824800 362.37791360
3628 -115.39053600 -270.52781680 8.16988760
3629 64.73401120 327.89840640 198.24001200
3630 144.29109760 -411.90099280 -313.78200880
3631 570.07836800 196.53168480 -1498.10212000
3632 -109.52540480 37.22676344 391.65629040
3633 -231.80824400 -75.36806560 453.21924800
3634 296.54392880 101.63940160 375.08890560
3635 -235.66798400 222.75406800 -27.64628208
3636 -198.41992400 -58.98101120 36.57209296
3637 609.17784800 451.03938400 -1174.06387200
3638 -136.82140240 -235.60271360 578.31248000
3639 -157.55395920 -219.47297520 -110.12580880
3640 -206.82181440 -249.15552640 958.83054400
3641 -394.11857440 28.63901976 87.72341760
3642 -235.11820640 604.93108800 -317.55555840
3643 1530.28544800 -402.82045760 734.24179200
3644 -175.84598880 99.58463920 269.14333120
3645 -434.04816000 146.35213600 -656.31479200
3646 -235.32154880 257.82812160 182.64498880
3647 188.74191360 371.80446560 20.68812272
3648 244.70835280 -13.62841768 -156.55147280
3649 -160.97772640 -87.76567600 -232.70529360
3650 -23.14613904 -180.00153760 56.45429360
3651 -112.76633120 -223.04443760 -100.59674880
3652 -134.32020720 -317.51999440 101.66450560
3653 -97.01231600 -99.34071200 -131.78763200
3654 218.22195920 128.60862880 194.46771760
3655 -214.38104720 154.51512000 366.42760720
3656 51.65315360 111.67305200 52.08410560
3657 683.05892000 -2828.00744000 -1901.31420000
3658 384.32759600 2833.74370400 322.06674720
3659 1118.61332000 1644.10698400 1090.81064000
3660 -702.17143200 -260.74855360 -707.59808000
3661 -2030.95125600 1007.31473600 2853.40432000
3662 296.32343200 -641.72936800 -1752.11694400
3663 -357.37008400 -76.50695040 -47.89466640
3664 -159.33634320 674.15118400 -1506.36552000
3665 -60.82322640 115.13614880 485.43186400
3666 -314.13137280 388.32247920 224.88832640
3667 386.81749440 -1383.89984000 610.31589600
3668 -481.87546400 141.83006880 -20.41243896
3669 161.91243200 212.66602560 165.52991840
3670 176.27568560 895.07475200 -733.49285600
3671 -383.28870880 22.75673416 172.36197200
3672 -85.96739280 -171.11890560 427.67174400
3673 485.34818400 -994.05564000 -316.25307920
3674 2.85596074 231.78314000 -258.16200480
3675 -128.14964400 482.51980000 563.70613600
3676 626.30714400 142.64720400 -558.35898400
3677 -30.74357176 226.71631600 448.23610400
3678 285.97765520 109.00366000 102.97451600
3679 -2319.67236000 -646.08491200 -621.78005600
3680 737.03670400 53.49202160 147.72239600
3681 156.36444800 -73.71287520 347.09208800
3682 805.38652800 439.97688800 -435.48327200
3683 83.11474160 26.21916152 359.36836240
3684 244.93763600 -486.91718400 284.54296160
3685 -176.34430320 1194.41066400 82.12229680
3686 -52.48786160 118.33356160 163.27306880
3687 -150.72567120 -51.59876160 78.72363360
3688 319.25342560 -1709.56984800 125.98693440
3689 -84.39881120 354.04882480 279.89872160
3690 286.77512560 -257.21349200 82.99340560
3691 -681.15101600 1330.72120000 -754.33336000
3692 -295.61131520 -400.33516160 -20.37892512
3693 -366.95353600 -634.33205600 50.45694800
3694 461.75042400 487.05525600 -197.93625360
3695 242.27284640 373.46718720 121.25315680
3696 -120.61049440 214.94630560 -99.41769760
3697 -196.89527440 -770.93965600 -1151.65018400
3698 -5.35384640 -30.96293888 284.77601040
3699 103.31174640 343.07126400 197.08229920
3700 1885.23090400 167.78216560 -196.48022160
3701 -32.43085344 -372.08604880 547.17515200
3702 -768.68448000 -144.73753040 -5.42710824
3703 -133.97753760 1389.68631200 -58.83038720
3704 -273.52941840 -295.57365920 -57.09151680
3705 -106.34682000 -1067.10828000 162.74253760
3706 -266.01411760 -470.70000000 -1371.74950400
3707 -68.40003200 162.83165680 168.57503360
3708 741.45919200 756.13248000 -198.28436240
3709 -864.37674400 71.40916480 1268.14948000
3710 129.92575200 -269.82616000 -279.75981280
3711 -376.05122560 -111.50443680 -3.33014602
3712 684.30156800 172.19628560 678.98370400
3713 -169.31643840 -59.02075920 174.39330400
3714 277.61634960 449.22771200 12.91759792
3715 -646.22298400 -685.65718400 -330.62177200
3716 37.83436392 47.47626640 51.09961040
3717 264.87858000 145.80654240 -264.82586160
3718 158.55895600 -92.78229200 52.55396880
3719 47.01937360 172.25611680 -234.80566160
3720 77.66257120 -105.10459040 110.93834160
3721 -536.73607200 -121.77532000 43.54749040
3722 334.83715200 386.10956160 -141.65015680
3723 394.59931600 -1445.85651200 -920.31264000
3724 734.70203200 -1890.95461600 -384.50206880
3725 245.21461680 1086.00740800 8.05650120
3726 5293.09472000 95.11110640 3732.25770400
3727 -1521.56180800 -1320.94319200 -898.94495200
3728 -98.57796880 669.96718400 171.46826960
3729 -346.66657520 -536.54360800 1863.32766400
3730 899.83196000 312.37451120 -2450.32194400
3731 110.51575760 236.34704720 207.93434000
3732 -375.47425200 -364.60380160 364.37117120
3733 461.97636000 -221.48380560 431.82227200
3734 264.74803920 655.51564800 413.58296080
3735 -845.01737600 636.00984000 -56.68650560
3736 193.78614400 -38.80802256 557.73975200
3737 280.71334640 160.39071120 25.81105416
3738 806.01412800 -129.56550960 573.74773600
3739 -11.50796648 -277.83266240 -368.02840560
3740 -18.81992488 -91.32082080 -26.10435256
3741 -512.68225600 37.97477896 -565.84416000
3742 -1651.24907200 139.97613840 346.43980240
3743 -63.51730400 -405.28106800 30.42073432
3744 75.37685200 -92.09276880 -251.29982640
3745 486.79166400 973.24860800 -638.03489600
3746 -122.47070080 -333.99993360 -319.09192320
3747 -283.16893600 -255.92942240 -391.51194240
3748 644.39876000 428.83908000 961.04806400
3749 -131.89641600 34.39365152 315.50414320
3750 -175.88071600 -7.80830632 -257.23650400
3751 -172.59209200 -596.09448000 -496.14290400
3752 194.19826800 155.37074800 146.60819680
3753 286.59395840 -26.09619376 -300.90072800
3754 -49.00635520 -234.54165120 170.61557040
3755 514.41024800 496.81652800 358.83364720
3756 -1718.76209600 -241.18793520 -147.93159600
3757 201.50771600 345.60383920 -475.93418400
3758 -71.92714400 -449.61682400 -232.26178960
3759 1548.78709600 1925.40148800 1021.98384000
3760 -1828.37871200 -2042.33592000 -534.58549600
3761 1937.72755200 275.55824000 1081.14560000
3762 1551.29749600 1301.31186400 726.06625600
3763 -5759.73624000 64.29845680 -2459.74012800
3764 -199.37178400 1527.42359200 -138.62261440
3765 837.08869600 -1596.37591200 -484.13064000
3766 920.97371200 289.36418480 -1284.94824000
3767 123.04641920 -30.95415248 459.89691200
3768 -178.93712800 -495.49438400 -40.10619224
3769 -944.43758400 1544.26419200 580.59276000
3770 100.99506560 50.67953680 58.12914880
3771 1120.60490400 -1984.39170400 -335.54717680
3772 105.40667520 338.10904000 16.29709840
3773 -285.29231600 97.24703840 -71.89618240
3774 -2095.48945600 1302.40807200 553.30889600
3775 603.33698400 -31.46146248 -124.17944640
3776 275.35615280 -21.28061896 40.60237280
3777 100.34278000 286.33538720 -33.93931096
3778 151.23109840 68.12514320 558.63931200
3779 -91.04216640 -64.23318640 -208.88745520
3780 -81.62942160 -164.81989360 -40.78153168
3781 484.76660800 -1245.64792800 952.56291200
3782 -86.21675920 -54.98780160 -188.58417680
3783 314.40458800 362.67748800 321.35295680
3784 -395.87543600 476.87558400 -365.53139440
3785 -101.51932080 -309.39257440 -297.37780000
3786 -233.88685520 -258.29589280 -152.82813120
3787 -329.66991200 478.14752000 215.65549360
3788 249.33083600 -382.46655280 -58.73373680
3789 -46.08550480 123.19662480 -205.92978560
3790 -54.66730720 -79.74160080 223.57162160
3791 12.03749352 -388.97560160 184.62653120
3792 -897.25461600 -940.87281600 -721.35507200
3793 -176.67734960 157.87947440 140.15605040
3794 438.78026400 -200.25460800 -146.71781760
3795 712.20884800 -323.54160720 116.21813120
3796 -752.50076800 30.53520856 105.88406960
3797 4173.97513600 -1413.37612000 -1127.24072800
3798 -167.55079040 18.77833592 215.68436320
3799 -1832.06063200 -685.59442400 -1990.11541600
3800 17.37640304 -83.84987040 445.71315200
3801 -608.38288800 814.89257600 -793.58346400
3802 -597.16558400 1345.51164000 540.67321600
3803 -29.05867496 -118.73187840 -181.59229440
3804 63.77545680 -65.07207840 75.31116320
3805 1478.84735200 -652.75002400 -1535.44432000
3806 63.46751440 -252.25377840 244.60417120
3807 -193.25142880 148.74622080 541.81544800
3808 -626.61257600 1063.10837600 719.20449600
3809 129.03414160 73.48568400 34.58088552
3810 15.51205448 46.40181520 -297.09035920
3811 333.53383600 -1329.21914400 -105.52591920
3812 -58.84084720 162.68479840 226.29247680
3813 -4.99925240 90.43716000 391.80022000
3814 -958.14018400 138.64520800 -1030.89157600
3815 -376.91940560 -133.73612080 340.30898720
3816 174.05481840 -842.97140000 192.90122800
3817 874.07944000 851.74943200 605.25325600
3818 291.87500320 -110.88813360 618.47469600
3819 -174.49748560 -203.34114480 -178.54717920
3820 -733.17068800 -177.50912880 -368.53508800
3821 137.96154240 95.28223200 188.53689760
3822 109.81284560 -11.25383032 -86.22512720
3823 153.74191680 -1349.70819200 150.92482960
3824 186.06206160 523.84935200 207.32347600
3825 -62.80393200 -214.79107920 -211.90495600
3826 553.95741600 933.90227200 -1545.12609600
3827 -12.12736584 -92.02582480 135.45909200
3828 -51.03434000 348.69581520 80.67421440
3829 399.72136880 830.72483200 581.22036000
3830 -320.32034560 283.63252320 401.60877120
3831 -559.29201600 183.40731360 -163.16721360
3832 -1004.64952800 -3220.15284000 -457.18986400
3833 50.10465520 229.87356240 282.02879600
3834 196.69904480 490.69115200 -431.52102400
3835 889.64810400 649.27312000 270.25125440
3836 -321.72533280 125.26728640 118.84819360
3837 52.88868880 264.56938240 -63.50098640
3838 58.62871840 92.02247760 361.31183040
3839 211.99114640 279.93721440 389.33626240
3840 -205.26452960 -1056.65246400 -753.91914400
3841 -440.59612000 106.99659520 394.48049040
3842 201.19140560 293.92641840 79.61315200
3843 -1260.21661600 888.66486400 2273.29690400
3844 -18.08881272 -294.12557680 532.70688000
3845 2062.25176000 -309.11475680 412.20516960
3846 706.91190400 683.81204000 -333.47693360
3847 -3316.92457600 -1569.95395200 964.43710400
3848 -189.10173760 721.16679200 -2055.44857600
3849 84.08626640 148.01485760 -1322.70884000
3850 -689.05877600 1893.22234400 -201.60855040
3851 -151.63150720 -7.38237512 668.15969600
3852 -168.38717200 428.21984800 438.33676000
3853 -325.07797200 -1597.11229600 1835.37436000
3854 665.60327200 -180.56554080 -650.13084000
3855 1112.79756000 -1098.17866400 -93.78184960
3856 -675.20136800 359.35288160 104.70460000
3857 -175.09663440 -4.26111112 105.31420880
3858 908.27945600 1027.06740000 21.32940440
3859 35.37053184 -139.22469200 -210.73385440
3860 -494.02998400 -198.07307040 70.14978080
3861 -209.09456320 9.46500296 -11.42759184
3862 785.82214400 932.96087200 811.34872800
3863 -152.33902160 -112.31027520 -205.32352400
3864 -289.66668800 -342.39638480 169.19886800
3865 -815.37792000 1113.88540000 -1743.34728000
3866 87.53639280 367.44180880 576.73511200
3867 394.27924000 -320.73623520 -388.50406480
3868 -391.29479280 210.24558160 -355.23289680
3869 238.74573440 277.99332800 -243.07157200
3870 45.65915520 -835.46530400 57.65719360
3871 -37.18496528 -650.65384000 1081.12049600
3872 -61.63785120 127.77810480 -252.94539360
3873 -87.85228480 47.62479840 85.87032400
3874 231.98731920 -46.89176160 -239.47960800
3875 536.87832800 279.31630880 -20.82355880
3876 -715.96608000 -2148.82290400 163.00027200
3877 -441.97684000 858.00032800 319.94462240
3878 485.15153600 138.80001600 -151.43067520
3879 384.84975920 2847.93164800 -479.09310400
3880 -1323.50380000 -1656.93094400 41.38687280
3881 200.94329440 -427.27426400 -9.89030656
3882 744.46330400 -265.05012400 1317.65875200
3883 -554.55572800 -1823.37883200 267.36094720
3884 224.33143600 -32.41733912 -239.59424960
3885 634.60820000 1199.05908800 -1370.49848800
3886 -1125.91021600 -1059.69841600 844.85838400
3887 112.21069600 465.50347200 -9.51947864
3888 -2.25010918 123.24515920 329.97367040
3889 1306.11509600 489.96732000 -3.89292749
3890 -180.65424160 -353.41411200 -322.48472880
3891 -196.01245040 223.43522320 132.29682480
3892 -1052.35968000 -554.68124800 180.48227920
3893 -197.82454080 -4.35294992 -189.79502640
3894 221.07712080 -48.01181840 -127.54003520
3895 430.32440000 1148.30716800 -119.30424960
3896 -262.89327200 -263.40162800 32.37495520
3897 138.23684960 -385.78195440 133.65327760
3898 487.20169600 200.43870400 297.49118640
3899 -241.28751440 -158.03386400 419.44600000
3900 -210.41168640 -85.60464000 -222.08211760
3901 417.92678960 -504.09668800 634.10612000
3902 -70.70750800 30.94398536 265.84090000
3903 170.80008480 62.85706880 -531.84916000
3904 -1237.01215200 1208.56095200 -1505.18563200
3905 276.31470720 -319.21911680 96.06882400
3906 392.88638640 165.99225040 148.73576080
3907 -1202.65732800 -522.89121600 -691.63612000
3908 362.61849360 -36.84476424 287.85627120
3909 537.51011200 215.05634480 1.94782773
3910 -502.87496000 -781.12351200 457.75888800
3911 510.97518400 464.03907200 70.18325280
3912 217.97259280 -258.73479440 -22.95802640
3913 460.50359200 702.51452000 604.27420000
3914 -183.05962320 -116.14867680 -1.37986646
3915 239.82980880 -174.61547440 -65.95322880
3916 -194.68863280 735.59740800 725.32150400
3917 67.50967680 -331.83387680 -60.77803920
3918 -114.65080480 -55.02294720 -204.83901680
3919 -785.54600000 765.57158400 39.55955264
3920 104.88283840 -285.99690160 -475.18524800
3921 116.83192400 -81.06165280 8.11829888
3922 432.52518400 -671.82488000 -6.34177248
3923 230.09908000 -4.80155840 -359.12276160
3924 -1620.40880800 -93.00655440 903.71889600
3925 621.74240000 -253.58470880 -686.14252800
3926 450.05196000 131.06672880 -481.95496000
3927 464.50768000 619.28639200 -2370.54980000
3928 -1210.15505600 -110.16304640 1119.04427200
3929 1012.26440800 213.74298720 1008.07622400
3930 186.99300160 53.99410160 283.35596080
3931 -1400.22162400 1255.84015200 -91.47688400
3932 471.69160800 513.55252800 -110.75299040
3933 218.27593280 -665.48612000 -21.15991056
3934 -283.99736800 1034.45216000 1110.77250400
3935 70.32592720 143.45513440 -0.31848566
3936 -41.09052008 -234.59311440 -157.27948880
3937 67.02307760 -1042.47707200 -1982.39175200
3938 281.34178320 409.53452240 520.49378400
3939 240.02310960 -1.01443172 378.69593200
3940 -343.72689680 -387.40450960 421.60912800
3941 81.98715360 -18.76306432 156.48871280
3942 -214.72748240 15.85054008 -117.92771360
3943 -1024.61976000 405.31454000 -1073.09976800
3944 269.74122480 106.44263360 29.95296312
3945 -489.26440800 118.05448880 120.48162720
3946 652.24794400 -337.88017520 1473.61316800
3947 -97.35456720 -109.24340320 -76.18269040
3948 -132.12026000 147.32240560 18.43282120
3949 265.52626320 608.93517600 -650.97182400
3950 -13.95690352 -153.73145680 35.55956496
3951 115.00100560 -65.55449360 59.04753680
3952 1752.68596800 -117.21936240 -420.18656800
3953 -214.51451680 90.94007680 309.83398640
3954 -564.15800800 -279.45940160 138.76445200
3955 -1635.53396800 241.82808720 -104.99580640
3956 359.24702640 -12.68203872 37.06388032
3957 515.82444000 65.35031440 144.04005760
3958 781.11514400 197.93792720 -368.11710640
3959 -37.47763608 -332.20876320 -22.94179248
3960 -551.18760800 -94.31070720 -252.20357040
3961 -79.97674160 386.69574000 -375.40688960
3962 515.33909600 -294.23059520 592.74728000
3963 -8.36615904 286.56383360 -180.45759360
3964 210.68908560 -1367.18057600 835.20171200
3965 -273.59343360 347.65023360 -241.94314720
3966 -189.73435840 470.00127200 -334.18110080
3967 258.24652160 821.81709600 346.86364160
3968 41.41051240 -109.70280640 4.64051624
3969 -85.05402560 -131.08388320 -122.61923280
3970 -300.11790160 -466.18964800 -159.79198080
3971 719.95761600 2.30168534 173.62595840
3972 -988.70848800 1303.97707200 241.85863040
3973 -74.69360480 -517.08800800 165.43033920
3974 86.59290080 -95.49394240 -80.69053200
3975 -116.19888480 -1218.08792000 1477.34529600
3976 -655.96333600 -1213.91647200 -1111.38755200
3977 911.97392800 -382.89666800 614.52081600
3978 1241.10828800 -1590.01623200 1247.80268800
3979 186.20640960 979.48276800 -1022.32692800
3980 -1107.03619200 -1275.96937600 -8.69811760
3981 1165.83812800 218.79558560 -181.99981600
3982 59.82534240 526.62752800 -810.84664800
3983 160.73672800 142.54051200 274.19258240
3984 -160.49112720 -109.49360640 170.81974960
3985 447.47880000 -1137.08986400 1210.48140800
3986 11.14274512 204.20012000 73.79195280
3987 -1487.11075200 136.44484240 -651.46135200
3988 -187.01685040 203.13696560 -224.93100320
3989 -223.79839440 -341.93070560 -228.57986960
3990 350.12297760 -44.97297920 274.50889280
3991 239.85198400 31.75459352 493.23502400
3992 -57.74212880 663.45688000 -215.62076640
3993 133.09052960 -315.72380320 -132.60685920
3994 619.12740000 1123.47931200 -1124.25753600
3995 -256.77793760 -662.56987200 424.18228800
3996 24.16239080 146.55422320 403.13258400
3997 6.00998128 -420.77651200 899.27130400
3998 54.20162800 -38.91827096 77.77302880
3999 -232.57600800 39.86322736 -325.32231760
4000 215.57599760 -702.84924000 -876.92874400
4001 275.67497360 267.84294400 333.61040320
4002 60.67636800 -14.40601408 -185.81227680
4003 -930.54670400 469.34856800 -235.34958160
4004 -45.18594480 126.17856160 222.16035840
4005 83.43732800 -203.34616560 -59.68852560
4006 471.88825600 73.00954480 70.92633120
4007 12.03125936 222.66996960 -149.63239200
4008 -791.12327200 259.31971760 -1728.16772800
4009 -14.91721520 -41.04311536 124.36605280
4010 161.30240480 91.68775760 194.07860560
4011 1838.48307200 1329.91787200 4117.10620800
4012 -577.75182400 -1540.87096800 -3386.78064000
4013 1632.13656000 888.16278400 2245.84568000
4014 777.25749600 71.59116880 1711.87523200
4015 -3117.31848800 1780.28363200 -1304.83897600
4016 -37.19642944 -557.61423200 -509.22627200
4017 756.53414400 -56.38734960 -697.11716000
4018 -889.80291200 1262.88600800 292.38712480
4019 60.34206640 -377.16040400 181.61614320
4020 354.68311920 294.04817280 -165.07972000
4021 1180.71224800 -53.98364160 1003.11400000
4022 -233.47724160 -117.69592000 -61.34120560
4023 -23.91084872 -233.52410240 115.10895280
4024 360.10976720 481.65789600 -1117.56732000
4025 -328.69252960 -193.58698560 -230.12251040
4026 -25.34236248 206.31847920 -3.16933816
4027 -769.32044800 -483.35241600 728.10804800
4028 193.84095440 176.59827200 -224.45653760
4029 -150.13154320 -109.52582320 14.61621824
4030 1989.76396000 -197.76931200 -511.28480000
4031 -455.54973600 -137.63393520 -142.26143920
4032 -594.40414400 176.95516720 338.27054240
4033 -859.46891200 578.48402400 492.49864000
4034 23.75549680 73.56936400 -206.27622080
4035 224.60130400 -112.85419520 -20.98945440
4036 -926.83549600 -1915.18834400 53.85477440
4037 155.44647840 -30.57257168 637.23575200
4038 103.88160720 153.16410640 29.38452488
4039 1022.61144000 1401.77388800 -654.30647200
4040 -183.94872320 -111.48016960 135.62812560
4041 -369.76978640 -14.46722600 23.34115528
4042 -759.47968000 -668.26011200 -734.08280000
4043 70.78282000 -49.82474560 -53.53469840
4044 431.39550400 133.57880240 204.15116720
4045 -250.93665520 -151.83945200 433.47495200
4046 175.05646800 -254.35916720 -151.67334720
4047 -107.55808800 12.82136592 109.99987040
4048 1117.90204000 2899.45760800 65.59382320
4049 -98.31897920 -548.09144800 488.69120000
4050 -24.34129864 -101.94985440 -159.08655840
4051 -426.77218400 -794.39516000 -738.68101600
4052 -5.86170032 -21.97177392 -495.75379200
4053 82.47375280 -612.89742400 -119.61386560
4054 -133.98423200 -460.10611200 673.25580800
4055 512.71572800 -107.61289840 -298.61542720
4056 -144.18942640 -537.77788800 -275.03733200
4057 -632.28189600 1434.67268000 528.30949600
4058 203.87209440 -552.74824000 -103.80922400
4059 104.31297760 -466.65825600 -15.98300552
4060 906.37155200 1155.70866400 338.12870480
4061 24.13803992 -656.77503200 -259.29461360
4062 -494.25592000 597.27018400 -215.49273600
4063 -394.02108720 -1601.96573600 -1237.84895200
4064 209.20669440 91.56516640 112.06760320
4065 -71.47569040 413.64404720 -168.18299280
4066 121.18328400 -682.97105600 324.13448000
4067 -88.70289200 141.40581120 -711.21305600
4068 -119.02936080 634.09356800 519.82016000
4069 1173.30656800 1424.51392800 1565.12561600
4070 -35.57458552 -541.21295200 113.99308000
4071 -188.76701760 -358.66921600 -71.12800000
4072 -587.38757600 -107.08864320 -576.32926400
4073 136.35237600 209.46024480 52.59204320
4074 -925.23302400 -198.12202320 -138.94980320
4075 331.73806320 434.81801600 195.11581920
4076 27.46289736 -6.36499368 151.44490080
4077 1403.02908800 2270.16727200 2281.44733600
4078 -605.75115200 -591.25777600 -2669.12840800
4079 571.49674400 -236.37256960 2319.26232800
4080 -701.12543200 726.22943200 9551.48624000
4081 -3115.15536000 -1391.01682400 -1282.02780800
4082 589.88124000 79.59390560 -282.35807680
4083 -320.56259920 -2170.98136800 -471.50332800
4084 -282.75137280 1413.99953600 76.06804880
4085 -191.74686240 -252.20900960 -106.77191440
4086 304.07387360 187.57123040 -147.57260880
4087 891.11668800 622.83442400 318.21077280
4088 -69.71924720 -1.16163321 -299.44720640
4089 -300.19865280 -232.93499520 -58.42663120
4090 256.05159520 -647.52002400 493.37309600
4091 51.89708080 245.40373360 -236.89640640
4092 161.50783920 301.40908400 -87.95353760
4093 -621.29471200 -1411.40127200 188.88709840
4094 -286.33706080 -37.10588768 251.10987280
4095 209.68701760 284.86512960 -202.79638800
4096 -1407.01225600 499.36040000 233.56970800
4097 231.26725280 396.41768240 -321.33831280
4098 147.66172800 -103.49751600 317.04636560
4099 131.09810880 212.39741280 -942.47947200
4100 -174.17322560 -385.31669360 575.98617600
4101 -155.78663760 -218.29015840 -479.85877600
4102 1309.75936000 439.16100800 -329.26113520
4103 -42.69228080 402.42716160 -116.16708640
4104 188.05908480 -9.40596672 -74.98397440
4105 800.29460000 294.30716240 139.85354720
4106 -59.27723840 -322.58974720 244.82885200
4107 -465.27335200 -19.84772448 -162.69442160
4108 -798.75070400 -186.98421520 359.22819840
4109 -84.50801360 -221.45284400 98.64533120
4110 31.99667976 -171.46115680 57.05595280
4111 1050.64005600 297.92004640 306.82443520
4112 -27.43022032 17.35945784 177.59741120
4113 -270.06841360 -24.63384392 65.08253840
4114 423.16139200 508.33089600 -2215.82966400
4115 -319.03669440 -395.21771120 253.92152080
4116 -664.68279200 -342.00518080 545.16264800
4117 605.84320000 174.28995920 688.97928000
4118 13.86142464 -130.94037200 222.29340960
4119 -289.03239360 -63.70809440 -136.22016160
4120 -291.21560480 -69.87823920 182.88598720
4121 15.85907544 -262.55562320 166.83072400
4122 594.56313600 506.88741600 -451.40339200
4123 -460.14376800 93.53080960 -269.71444720
4124 59.95295440 -593.78909600 -4.73674824
4125 557.88619200 131.06672880 176.36187600
4126 -2190.97670400 -108.92876640 -1872.28142400
4127 -106.68154000 174.41547920 397.29632240
4128 298.74220240 -404.66350960 -20.57268616
4129 1685.51184800 32.45122952 -10292.80736000
4130 -692.86203200 -983.87178400 -85.08875280
4131 20.91138096 733.83176000 311.84523520
4132 956.33688000 -750.81461600 -759.60101600
4133 -204.99800880 -281.55474880 -148.00523440
4134 147.20609040 634.77137600 415.03355360
4135 -563.45928000 397.35113280 -144.70029280
4136 97.74409760 -413.05661360 61.96629520
4137 -124.93716880 45.39891040 268.87932080
4138 -199.11153920 -432.16536000 6.34792296
4139 -171.36408800 -141.35560320 -10.60673288
4140 109.28608000 191.91715120 221.91810480
4141 862.05880800 874.33466400 -464.02233600
4142 -51.15776800 -119.15780960 -30.13910928
4143 74.04131920 -209.75730880 261.94685120
4144 889.24225600 -1051.86178400 630.47440800
4145 -87.20878560 579.92750400 364.57911600
4146 -170.14277840 262.43972640 -215.43248640
4147 -1174.15173600 -239.13735680 -859.37686400
4148 526.34720000 253.70395280 5.47417824
4149 -587.30808000 -568.48008000 229.18236560
4150 575.89412800 419.59662400 -421.98568800
4151 -567.09936000 -166.58386800 233.76049840
4152 -127.82287360 15.46778776 -478.48642400
4153 1254.76904800 682.90411200 -130.88221440
4154 -153.98500720 -39.97134192 -423.71368000
4155 -365.52093440 -149.94828400 -178.19907040
4156 -277.68371200 1019.86255200 1211.01277600
4157 162.30782000 -447.58758400 -131.28597040
4158 -379.19675680 -338.09648800 203.24156560
4159 304.88389600 -613.65054400 -1905.50238400
4160 -337.34211280 305.18347040 237.58174560
4161 480.12236800 209.28577200 -99.85032320
4162 -418.57991200 -564.61824800 1651.48337600
4163 260.37575920 -59.89939920 -143.33881920
4164 -208.96778800 -73.07230480 -178.90700320
4165 -13.72063304 1593.94919200 -613.09825600
4166 -64.29929360 -188.23397600 -11.92925344
4167 105.68030880 -27.36394576 129.16426400
4168 620.28218400 -627.06444800 695.78664800
4169 -282.10243440 -147.19186480 145.89649840
4170 -481.47380000 88.69703440 -87.18117120
4171 -408.31446800 -21.22773320 -1232.72773600
4172 176.25434720 -34.86000016 550.40101600
4173 133.54114640 64.65493360 292.90426720
4174 147.35504080 -377.77921760 1114.73893600
4175 221.81266800 58.31701040 100.84946240
4176 197.33417600 72.70829680 -115.14033280
4177 -1277.08232000 1066.72335200 968.12320800
4178 413.20263520 -33.28300872 -130.27762640
4179 175.11839120 -1.93400379 -460.06427200
4180 899.71062400 -2468.12904800 -844.84583200
4181 -150.83487360 687.69479200 9.17701824
4182 90.68317920 -21.33325368 206.61805360
4183 -331.50417760 812.29431200 -469.49500800
4184 27.87924720 57.96932000 -147.07554960
4185 -64.68003760 -225.59500400 161.64842160
4186 -78.01360880 309.04446560 50.32724400
4187 -423.25762400 -703.75716800 200.36715760
4188 327.46996480 238.04993520 -423.84338400
4189 295.76779680 16.46341240 -136.96993440
4190 66.06368640 601.71777600 -570.99466400
