1 -10.16900000 -3.04596000 16.61920000
2 3.47809000 4.50521000 -4.20995000
3 20.09110000 -6.83209000 -7.69852000
4 5.18417000 1.60466000 -10.68630000
5 1.77716000 7.93508000 1.10264000
6 4.48838000 -14.99200000 -1.31341000
7 -5.35214000 6.85412000 -5.38018000
8 -2.83114000 -0.42878100 -2.44338000
9 -19.23190000 -11.73050000 7.51929000
10 14.44550000 16.45860000 -14.19360000
11 18.64560000 -5.73665000 3.80150000
12 -52.68940000 69.41180000 27.15440000
13 20.82970000 -76.02570000 33.87010000
14 -0.41473100 -10.95760000 -7.44792000
15 4.03372000 -9.21964000 19.12490000
16 19.38190000 7.82983000 -14.86390000
17 -3.78576000 2.68923000 3.65679000
18 5.41801000 9.79234000 -4.28790000
19 -1.33430000 -1.35946000 4.34647000
20 -1.83928000 -1.78066000 -4.25150000
21 11.59070000 -21.87070000 19.30730000
22 -5.46275000 11.66630000 -7.77013000
23 2.81610000 6.53344000 -0.49863000
24 -9.33376000 -0.64978000 0.25367700
25 51.47190000 31.07430000 -42.20380000
26 -35.85590000 -6.60994000 -39.28670000
27 -3.15513000 -36.51260000 -10.24450000
28 -50.08120000 39.77860000 8.22162000
29 0.27297800 12.07560000 33.70500000
30 9.20423000 30.92470000 21.17870000
31 -18.69090000 12.40720000 25.65570000
32 -0.49115300 6.55602000 -7.50955000
33 3.21094000 5.09647000 2.90889000
34 13.80920000 -11.33320000 -8.07924000
35 -6.15308000 -2.47524000 -2.93679000
36 9.86717000 -8.88776000 17.19100000
37 0.95245200 0.90886700 -6.49312000
38 -2.23832000 4.28468000 -1.38856000
39 -15.02660000 -2.79934000 -7.83396000
40 -56.82070000 11.58690000 -38.13780000
41 59.89220000 -20.94970000 -1.97181000
42 44.81680000 -24.21970000 64.92410000
43 -14.24600000 -3.33539000 -22.24690000
44 21.97580000 25.22660000 36.34910000
45 56.64630000 15.65830000 64.98670000
46 10.31030000 -9.53770000 -47.88210000
47 5.78940000 -6.64019000 -4.73703000
48 8.35921000 0.39908600 0.29636200
49 -0.51765100 3.63639000 6.29943000
50 5.76852000 4.09032000 9.68909000
51 19.57430000 -5.88079000 -35.19380000
52 -7.65485000 7.22501000 5.94016000
53 8.66404000 1.19139000 -1.70707000
54 -16.25490000 -30.23090000 21.75270000
55 -94.07020000 -20.71550000 -65.01500000
56 -4.29461000 27.69910000 -12.66330000
57 25.69740000 -28.43130000 13.58870000
58 2.89570000 17.59300000 -22.30540000
59 -27.26290000 14.44640000 83.93750000
60 -12.35010000 -17.67820000 20.87240000
61 -13.27970000 -23.11890000 -10.58860000
62 -6.68290000 19.39920000 4.79144000
63 0.83638100 8.95667000 -6.35582000
64 2.55604000 10.68960000 -7.98550000
65 -1.43119000 -6.94542000 -4.79884000
66 -5.31292000 5.55702000 6.03563000
67 -5.58206000 3.94719000 -4.82007000
68 14.90850000 10.42470000 -11.68250000
69 4.35433000 -20.96120000 5.73831000
70 -24.72810000 13.41840000 -60.11880000
71 0.76605500 -33.65180000 13.15190000
72 61.40890000 -17.15810000 -22.99210000
73 -7.38624000 1.20397000 -34.18440000
74 49.05740000 10.34020000 35.80630000
75 14.18850000 1.93165000 18.16390000
76 -21.54540000 22.46620000 -6.11511000
77 -2.82369000 -11.78640000 1.57750000
78 3.65539000 -0.94101800 9.10366000
79 1.18163000 0.68927500 -4.27070000
80 -11.33260000 22.69900000 -1.60580000
81 -37.79150000 0.46151500 16.98860000
82 3.71231000 9.44095000 0.78275300
83 5.08584000 6.43169000 -4.39002000
84 43.01950000 -28.80760000 -15.28590000
85 -58.44520000 -15.35570000 -33.85320000
86 -14.26400000 -15.12110000 12.81480000
87 -18.96490000 10.68460000 52.55440000
88 15.77420000 22.30050000 -56.11250000
89 -4.91042000 -10.04120000 12.89270000
90 -6.90346000 7.19721000 44.16750000
91 13.54000000 -24.00310000 -12.31050000
92 2.93100000 0.57923600 0.04666980
93 -0.15139300 -0.02962740 -10.08000000
94 -5.48287000 14.53550000 11.83510000
95 -6.13806000 -1.33745000 -7.05772000
96 30.17760000 32.68760000 2.17292000
97 -6.07070000 -6.95386000 4.53734000
98 -1.90955000 2.53747000 -5.30681000
99 -5.98790000 -28.12520000 19.48630000
100 6.82515000 12.84850000 -62.88340000
101 14.68710000 -9.64101000 0.90862900
102 32.89640000 -45.58300000 20.98310000
103 -58.55490000 13.08340000 8.15940000
104 32.27460000 3.04275000 7.95071000
105 18.98700000 -7.70782000 12.95490000
106 -26.44440000 29.34930000 33.90800000
107 3.95177000 -4.81334000 -13.51450000
108 4.85047000 2.14653000 0.68887500
109 9.77398000 -6.73428000 -17.00320000
110 -5.44330000 -0.87131300 2.82767000
111 -10.80200000 13.50550000 -25.69110000
112 -0.22636400 -1.01689000 16.23380000
113 -0.81962200 11.43690000 7.16611000
114 19.79270000 -47.85420000 6.98983000
115 -31.66640000 37.50670000 -29.41960000
116 -6.44620000 4.19978000 0.46558800
117 42.86190000 -23.02650000 13.02090000
118 -24.23890000 54.72730000 28.20140000
119 157.41400000 -12.81690000 83.14100000
120 14.00630000 5.97720000 6.25965000
121 -10.44540000 21.20820000 -32.54800000
122 0.42650200 0.69603100 7.30583000
123 7.26903000 3.06451000 -10.21870000
124 -7.19971000 -0.45349400 -1.50226000
125 -4.22218000 0.63281100 5.40237000
126 3.03562000 33.50280000 18.82990000
127 -1.09815000 0.56410700 1.16813000
128 1.75596000 -0.21343200 3.85817000
129 -6.04777000 -40.47330000 -3.18930000
130 -23.40630000 21.93790000 -24.85250000
131 2.93569000 -33.53650000 -14.46880000
132 66.77540000 4.61565000 -58.12640000
133 -177.03800000 42.84180000 -13.78650000
134 10.16720000 -15.68050000 2.96497000
135 27.17670000 -22.39130000 -3.12343000
136 -17.03260000 -13.85400000 -22.21970000
137 -0.40920600 -7.19448000 10.61720000
138 -3.62795000 -7.11188000 -8.47708000
139 7.36139000 2.85429000 -2.35223000
140 3.92202000 -1.55062000 -4.49657000
141 31.54190000 7.05672000 -18.08640000
142 -5.12674000 10.76020000 3.63997000
143 -15.81500000 1.14528000 9.62687000
144 0.65235300 -39.95270000 -11.97660000
145 -25.05870000 52.06930000 -19.14440000
146 2.00004000 -1.21410000 -14.36950000
147 -16.00690000 -26.53860000 64.39980000
148 -48.03520000 -29.83610000 -34.44490000
149 51.96110000 20.63160000 54.18730000
150 2.58128000 0.53982500 6.44746000
151 -14.79400000 27.33690000 -8.01621000
152 -7.59378000 -8.59547000 1.30842000
153 4.68133000 -4.49536000 -10.91230000
154 2.00880000 0.40835000 3.11354000
155 -3.02049000 -0.94281800 1.92747000
156 3.64781000 -9.88504000 10.67670000
157 3.60983000 1.76620000 -4.68776000
158 -0.73604300 0.19909600 -0.85891000
159 -11.09320000 -21.25090000 -11.76570000
160 -88.47940000 37.61000000 -22.55750000
161 27.22890000 -29.57540000 -32.06150000
162 0.83894500 74.24270000 13.81650000
163 32.61320000 -31.36060000 -0.68674000
164 36.33700000 3.39081000 -13.73120000
165 -7.06679000 4.21160000 -7.28037000
166 -2.39752000 -19.35760000 -10.05940000
167 2.37242000 -13.71590000 11.73490000
168 7.06056000 -11.59980000 4.49082000
169 -6.14496000 6.70355000 5.58312000
170 -13.48640000 -0.62119900 -2.30340000
171 23.21660000 -1.11031000 -4.24105000
172 -3.95127000 -0.25866100 -6.05887000
173 -6.86711000 -7.30964000 9.36716000
174 -8.44859000 26.50580000 21.02760000
175 6.28574000 -0.06630710 -27.70070000
176 -4.42462000 -19.83390000 -7.30159000
177 17.94390000 23.62980000 33.72950000
178 -12.46060000 -42.38490000 -28.73960000
179 16.55960000 -16.90220000 8.86520000
180 36.71890000 -10.70060000 -11.55520000
181 -33.94660000 -0.39900200 4.04685000
182 4.69786000 3.59900000 -2.54427000
183 7.24158000 8.68132000 -4.22854000
184 2.46445000 -3.56557000 4.32752000
185 -1.90779000 7.57967000 -8.00980000
186 14.64390000 -11.63300000 21.90970000
187 -16.45180000 -5.62363000 -8.04146000
188 -8.26870000 -1.84587000 5.97637000
189 -1.24856000 15.40980000 -18.09800000
190 -16.12790000 10.66810000 21.61360000
191 -18.94480000 17.95040000 -4.83231000
192 -10.77450000 15.59750000 -4.98175000
193 -30.30680000 -5.21538000 23.26260000
194 6.23664000 3.84139000 11.28980000
195 26.25180000 18.73810000 14.31920000
196 -5.11202000 -19.92760000 9.72667000
197 9.79062000 2.51634000 -8.91812000
198 -8.98539000 -3.89710000 -5.09980000
199 -1.23237000 1.47854000 -10.30900000
200 -5.78991000 -3.55566000 6.25065000
201 9.98874000 8.73175000 -15.59700000
202 -5.92851000 3.39678000 -2.14684000
203 -2.57251000 3.78562000 10.65650000
204 -11.78500000 2.19268000 15.61980000
205 -17.05240000 8.00340000 -20.54860000
206 -14.26070000 -24.58420000 13.24360000
207 -4.41593000 31.44250000 -12.36050000
208 12.86680000 -42.96470000 -19.25020000
209 3.14303000 8.16737000 1.69081000
210 33.98240000 -4.09643000 13.54850000
211 -1.45281000 -23.87950000 -0.19850000
212 -2.87908000 4.03703000 3.65099000
213 5.78527000 2.43824000 2.01969000
214 6.86534000 0.08532920 -4.90354000
215 -6.57870000 -9.89133000 -8.89849000
216 -2.84785000 31.91800000 3.87601000
217 -1.49812000 -3.38692000 16.87440000
218 11.76300000 4.51867000 4.66691000
219 -1.22600000 -23.10320000 -23.98530000
220 -6.50261000 11.14900000 -5.25132000
221 -6.32359000 -3.07031000 -7.18660000
222 26.38810000 11.11670000 9.81440000
223 -12.93990000 9.57155000 21.75490000
224 15.74150000 -3.61922000 -4.54915000
225 37.50400000 24.53320000 47.22000000
226 -9.78091000 -9.37916000 9.18079000
227 -2.22447000 -8.64457000 -9.72760000
228 -12.68510000 6.74118000 -0.09329410
229 7.80463000 0.30243800 -1.53526000
230 -2.61532000 -3.37946000 2.26451000
231 14.49620000 15.33590000 12.01390000
232 -1.69351000 -7.66385000 4.86862000
233 -1.87466000 -4.93111000 -12.00780000
234 -14.46760000 -31.20390000 11.92190000
235 -43.35260000 -0.49470900 -63.23000000
236 15.54600000 -18.90260000 -23.05570000
237 -31.60400000 -2.48614000 -3.04405000
238 4.38076000 12.44990000 -21.61340000
239 -10.43550000 3.80872000 7.39994000
240 16.53910000 0.93105400 7.56344000
241 21.44060000 36.56490000 -3.68755000
242 -7.67860000 0.92542200 6.45153000
243 -1.82350000 -11.80160000 -2.36897000
244 -1.90000000 1.95138000 -0.09239660
245 6.52620000 -1.44446000 8.47602000
246 -2.43444000 -6.89362000 22.08520000
247 -2.01211000 17.96380000 -1.61168000
248 -2.28953000 -10.51190000 -1.68198000
249 -0.99711200 2.77880000 -34.99520000
250 -7.74224000 29.50520000 5.61819000
251 12.49670000 -22.01610000 4.09486000
252 2.86003000 -3.35491000 -5.46527000
253 -27.11920000 30.93160000 -24.03360000
254 2.76894000 22.87830000 3.27986000
255 -3.02911000 -9.96563000 -6.83180000
256 4.19845000 -1.62534000 12.38300000
257 -2.82050000 0.83321100 -1.47145000
258 -3.92385000 -2.05681000 7.41667000
259 -3.70690000 0.12638700 -2.32064000
260 1.34673000 2.86501000 -1.96343000
261 -9.78399000 3.71859000 33.47240000
262 -8.40820000 -8.05666000 -6.68196000
263 -1.79466000 -4.73930000 -1.72685000
264 5.97811000 23.35570000 -63.89060000
265 -59.68100000 -25.72160000 -9.00830000
266 46.82730000 2.27233000 36.76290000
267 33.34520000 -8.74370000 -45.43630000
268 -40.15900000 3.91512000 74.83100000
269 -38.26830000 151.56900000 68.84570000
270 6.34149000 24.48010000 13.01140000
271 -3.34880000 -0.65523100 5.22618000
272 3.46084000 -0.27332900 -1.43168000
273 18.59920000 -1.43646000 -4.19007000
274 -0.16467300 -2.97512000 19.18370000
275 6.38062000 -7.85170000 -0.36492500
276 -25.15250000 1.72600000 37.06810000
277 0.08592250 -5.59236000 -3.35676000
278 11.42270000 5.66893000 -7.01930000
279 15.53370000 4.80469000 -23.84790000
280 53.05370000 -164.09900000 -90.61190000
281 -9.25874000 7.08505000 -11.13150000
282 14.16890000 -32.47950000 -10.86250000
283 -27.34590000 -29.14940000 -10.32540000
284 -57.32670000 92.79570000 -93.11280000
285 -1.03281000 26.59830000 -2.25150000
286 30.77040000 15.83420000 13.55160000
287 -1.27755000 -5.03340000 9.20899000
288 -5.06679000 7.30060000 -9.66540000
289 -20.44700000 -20.81950000 -0.90180000
290 -8.18924000 1.40690000 -11.37840000
291 3.87683000 29.37050000 23.35250000
292 7.38616000 -16.05430000 -8.71531000
293 1.29154000 -1.20450000 -0.53419100
294 7.20378000 -3.95130000 -16.22270000
295 24.00980000 -95.75880000 173.24300000
296 19.98300000 6.85061000 -6.38779000
297 65.77880000 2.42635000 -16.60360000
298 -23.69590000 -39.25480000 21.62250000
299 -18.16330000 31.14100000 -16.86980000
300 2.93181000 10.16010000 -9.49843000
301 -19.50740000 10.38800000 -52.69880000
302 -3.70395000 -28.03590000 7.63506000
303 7.84239000 3.10848000 2.45780000
304 -0.31826400 0.51632000 9.74051000
305 -1.84021000 0.97111800 2.42365000
306 12.79060000 24.34270000 -13.22550000
307 6.38137000 -1.76669000 6.16810000
308 -4.19755000 -10.69710000 3.62172000
309 -25.47200000 -25.82400000 -6.14085000
310 59.30170000 -20.92640000 -54.39740000
311 11.35690000 11.81150000 23.02580000
312 -31.58060000 0.19397400 27.39600000
313 -1.46046000 -15.26100000 -7.38480000
314 -3.51701000 77.94220000 -26.51950000
315 -11.14750000 116.63100000 13.07530000
316 -18.31950000 -8.19850000 20.80520000
317 0.06808990 10.46120000 0.02354410
318 -5.01950000 -2.72414000 -10.93140000
319 2.33796000 2.23269000 -1.92018000
320 0.61837900 9.53016000 -1.73872000
321 -3.93033000 -12.38280000 -18.86960000
322 4.86829000 -2.57751000 -2.51675000
323 3.25899000 7.17224000 5.23035000
324 22.27330000 14.86060000 23.09110000
325 3.72798000 -100.25500000 29.65260000
326 -6.44089000 -2.01028000 -29.61070000
327 12.67920000 17.24240000 -2.53610000
328 -22.56520000 26.97070000 13.65490000
329 -0.13867800 -11.95440000 -4.71211000
330 -27.10840000 31.73120000 -14.74260000
331 -17.54040000 -160.84300000 -9.70349000
332 5.47484000 15.44850000 4.89916000
333 6.02791000 6.49966000 7.55904000
334 -2.96053000 5.59426000 -3.76440000
335 -0.39113000 2.56554000 -0.76710400
336 -4.73603000 -5.62077000 -15.23140000
337 8.74319000 7.85969000 8.37798000
338 -3.31835000 -3.10856000 5.63574000
339 -3.48041000 -21.61370000 -27.06590000
340 71.34640000 5.97404000 95.16690000
341 -13.33300000 -1.67970000 -17.36550000
342 -48.10160000 -11.01600000 13.14350000
343 29.89520000 17.38320000 -45.60140000
344 -8.90207000 10.02750000 -4.62468000
345 -13.83330000 86.08820000 -137.49400000
346 -13.60710000 -22.71780000 28.13000000
347 -1.43300000 12.33530000 -7.30615000
348 2.08178000 3.64369000 3.49798000
349 12.58660000 -15.38260000 -12.29770000
350 2.77408000 -6.01558000 -2.21474000
351 13.99370000 21.21090000 -1.29243000
352 4.98492000 -1.43624000 5.63503000
353 -6.43563000 0.61444000 -0.72243100
354 -15.47610000 -10.74100000 10.61220000
355 10.70580000 -92.26430000 131.03800000
356 -18.80700000 -12.66360000 9.88334000
357 -10.22770000 11.83150000 -12.14900000
358 -9.89425000 28.58540000 -15.68330000
359 -25.58530000 26.01030000 -28.06740000
360 -13.60900000 -0.64354700 -17.73370000
361 -0.27288900 -8.75973000 -22.59880000
362 -2.93258000 3.15079000 2.81447000
363 3.07265000 4.33355000 12.66430000
364 2.16907000 14.53300000 -3.16820000
365 -0.16524600 2.20576000 3.07888000
366 -7.33108000 -5.08100000 -2.41447000
367 -1.41612000 -3.45297000 -2.78971000
368 -2.80431000 4.72109000 -1.93226000
369 15.12420000 10.68830000 34.11900000
370 98.16890000 5.68813000 2.40903000
371 -12.31690000 -1.39570000 -4.23254000
372 -27.07460000 -30.69360000 21.14960000
373 -22.00790000 -32.81670000 7.85339000
374 -4.34707000 11.18630000 -4.87899000
375 -28.24050000 51.67340000 21.21780000
376 11.55930000 -1.46314000 27.10100000
377 -0.56576400 -4.17253000 4.96241000
378 9.95123000 -10.52100000 -11.85840000
379 0.70648100 -6.43022000 -2.71824000
380 1.60241000 -3.51463000 -10.21830000
381 16.49210000 18.01610000 4.86832000
382 -4.33576000 -22.11790000 3.48213000
383 -0.52142900 5.39098000 13.72950000
384 -11.28560000 -3.38040000 -26.81620000
385 48.64620000 -60.85330000 25.46230000
386 -1.35922000 -3.22107000 -7.12188000
387 -47.54550000 8.59338000 -27.51970000
388 13.75100000 -4.65716000 12.86850000
389 -63.66840000 21.76580000 22.13890000
390 -8.24700000 20.54580000 -9.68615000
391 6.16210000 17.02760000 -10.69050000
392 -5.41616000 -7.23216000 8.61768000
393 -0.75098700 -2.23936000 -3.46753000
394 3.97190000 4.14194000 -4.01401000
395 2.08749000 1.39201000 5.64699000
396 -3.22133000 -4.97576000 -17.97500000
397 -2.41274000 7.91341000 1.10054000
398 11.21820000 6.36416000 12.07090000
399 -4.39605000 -10.48860000 -10.79120000
400 108.85900000 -5.73522000 -7.51713000
401 -10.91960000 -3.51470000 13.33860000
402 -20.90320000 -6.84830000 -55.12020000
403 29.01530000 -22.53710000 47.56870000
404 -34.54900000 44.15640000 -18.01630000
405 -15.71680000 11.79330000 13.75870000
406 18.38240000 -9.79199000 9.11668000
407 -3.92353000 -4.16021000 11.80260000
408 7.22140000 -4.88141000 -1.85387000
409 -7.68327000 3.85621000 -3.25826000
410 9.19738000 -1.06703000 -4.21253000
411 -17.61310000 18.13420000 -7.14870000
412 1.44145000 1.45201000 -4.79979000
413 -2.49270000 -3.71598000 1.60579000
414 5.78850000 -41.55860000 53.93260000
415 22.67130000 -19.42630000 11.62230000
416 2.84001000 -12.14890000 -15.86560000
417 -7.20533000 19.68050000 35.06790000
418 24.60030000 -23.17570000 13.59070000
419 -23.85680000 -2.83896000 47.37930000
420 -8.52167000 -19.50440000 12.22820000
421 -4.14687000 -17.93140000 6.86601000
422 -6.51954000 8.26322000 -5.02892000
423 17.54820000 -7.42062000 -3.89999000
424 -4.95191000 10.25300000 2.01623000
425 -4.26897000 5.54491000 5.93518000
426 3.10823000 -9.04914000 -12.62330000
427 0.03301980 2.30450000 4.42193000
428 -6.82167000 3.76801000 -3.17211000
429 -3.80668000 26.46040000 14.05420000
430 7.56873000 25.73910000 -72.65730000
431 -9.83255000 -12.67100000 -6.70312000
432 -18.33520000 -6.53590000 30.83410000
433 35.08790000 -44.74530000 -93.24630000
434 -45.12070000 67.11780000 110.04100000
435 1.44421000 35.56260000 130.17000000
436 -3.52673000 14.23020000 -11.25180000
437 8.38532000 3.39281000 -3.98150000
438 1.65297000 -3.25066000 -5.42240000
439 -2.52249000 8.52474000 10.52340000
440 -8.15901000 -2.35452000 -2.31490000
441 30.56890000 -24.44290000 22.43600000
442 -2.46516000 -3.19834000 2.73787000
443 -16.08430000 9.71184000 -10.33930000
444 2.51442000 31.02420000 -19.78190000
445 49.21490000 -43.57680000 -98.06590000
446 -2.95014000 -24.47080000 1.17931000
447 -28.49780000 -8.00885000 26.63620000
448 35.00360000 -2.92893000 -80.52400000
449 15.28960000 -0.52179400 54.37710000
450 23.32120000 11.85320000 23.41720000
451 -9.24315000 33.81870000 -51.47090000
452 3.17571000 -7.44827000 -2.52210000
453 11.41920000 -10.96900000 6.07393000
454 -4.91644000 -3.32561000 9.90601000
455 -15.14600000 5.61346000 0.60507900
456 28.90830000 4.63164000 -17.06130000
457 -5.74876000 -3.97814000 -5.51395000
458 7.81496000 7.84301000 9.13220000
459 -15.47720000 22.96340000 3.46965000
460 -9.59525000 -81.61120000 -31.02490000
461 0.68856800 -8.53351000 -3.57308000
462 -68.57190000 28.17700000 -50.51990000
463 38.99430000 8.20853000 -36.01710000
464 7.12787000 -32.74330000 41.04630000
465 -3.22024000 -6.95553000 56.35710000
466 10.90910000 15.80160000 26.27910000
467 -14.64230000 -2.99938000 -2.52021000
468 8.46574000 -8.21193000 2.15377000
469 14.00500000 -2.05221000 -10.63860000
470 11.35890000 -1.76884000 12.57640000
471 -27.18880000 11.30200000 -14.59760000
472 6.01084000 -7.32638000 6.77567000
473 10.38960000 -10.67960000 -1.21861000
474 14.14680000 31.67310000 -11.96770000
475 -12.88710000 -4.78862000 -55.94570000
476 -20.30390000 4.92691000 -2.95663000
477 28.41990000 2.22031000 14.64690000
478 -0.19744600 -29.30070000 -18.35290000
479 -9.39999000 10.35210000 8.21215000
480 -5.60123000 34.38940000 140.69000000
481 2.03046000 3.64918000 -17.68950000
482 -1.60517000 5.46912000 -10.69370000
483 -2.51508000 -4.28715000 -1.05034000
484 6.13330000 7.14880000 -8.15404000
485 -9.45443000 -4.68888000 6.04489000
486 1.39777000 -0.98506400 -6.39278000
487 1.66363000 3.40176000 0.02502810
488 -2.37252000 2.72100000 10.53390000
489 0.69418100 -8.41190000 -7.76256000
490 -22.69980000 -9.91824000 -130.89400000
491 7.22143000 -6.40840000 -3.26377000
492 46.68100000 25.50090000 32.90050000
493 -15.81790000 -24.27990000 -41.71130000
494 17.44320000 11.67040000 13.64910000
495 56.27210000 -26.58400000 80.34260000
496 -21.36170000 -59.59470000 -23.25360000
497 -3.76195000 3.48136000 1.49114000
498 2.33830000 9.23926000 7.76712000
499 -0.23610700 4.35912000 -0.45455900
500 -11.46430000 -2.31398000 0.18604700
501 14.49110000 22.31500000 -17.41590000
502 0.70748200 0.03153690 3.56002000
503 -5.66566000 -14.27430000 9.39914000
504 -8.10937000 -15.18680000 21.65820000
505 -49.16920000 105.51000000 -52.04200000
506 3.39416000 -40.50050000 -49.36760000
507 -40.41970000 56.44210000 69.99170000
508 35.14800000 -34.09340000 -60.91680000
509 352.92400000 130.02200000 135.85700000
510 -21.86730000 5.22811000 6.43986000
511 12.58820000 -71.85450000 -42.78120000
512 3.17895000 6.06648000 4.61561000
513 5.13006000 9.62170000 5.06807000
514 5.75190000 9.11422000 4.88836000
515 -8.66884000 -1.61341000 1.38399000
516 29.34690000 8.24855000 -12.86120000
517 -6.80562000 -1.90221000 3.28502000
518 3.56576000 -1.61840000 -5.01205000
519 -20.40730000 -13.86160000 19.10000000
520 -334.14000000 -131.08100000 -139.50300000
521 -16.59620000 9.64102000 -1.89964000
522 17.39420000 76.33970000 35.60070000
523 -1.94651000 -52.69400000 -18.55330000
524 0.18718700 -1.62395000 -2.19591000
525 -21.68580000 14.58480000 8.04284000
526 -28.69610000 -14.52650000 0.17514800
527 -4.12604000 0.98945400 5.65653000
528 3.11168000 11.23380000 -10.02410000
529 2.37112000 -0.14239200 5.40563000
530 9.28030000 2.83465000 -1.71072000
531 -17.83010000 -13.13860000 -3.35351000
532 -2.43238000 0.57256100 3.92205000
533 -1.38560000 -3.37988000 2.52649000
534 -0.62897100 19.62440000 13.10610000
535 -20.77530000 31.93050000 6.98896000
536 -0.32024000 -10.03440000 3.64184000
537 12.85270000 -21.64940000 -14.87080000
538 43.12200000 -20.83550000 -2.73636000
539 -21.47740000 18.06030000 -10.40410000
540 -6.52861000 4.49218000 -9.89694000
541 2.58354000 -12.82530000 10.27500000
542 -7.56661000 3.34979000 -12.64580000
543 3.50787000 -4.64895000 -4.17286000
544 6.94820000 5.82886000 6.11873000
545 -3.89682000 1.23202000 17.59670000
546 -20.96460000 -11.99180000 -43.80410000
547 5.56060000 -8.02114000 11.08260000
548 3.36435000 10.06640000 10.78050000
549 16.02690000 14.25890000 31.30110000
550 13.58390000 -6.17329000 -28.69740000
551 -15.36070000 -19.20020000 -13.62930000
552 -32.53170000 -10.50090000 32.74610000
553 -13.96950000 -54.89900000 12.81900000
554 -10.24120000 48.95860000 16.31820000
555 -53.35550000 51.40370000 3.90542000
556 23.23510000 -13.75540000 -18.85800000
557 7.16766000 11.15930000 0.19575600
558 2.04973000 -1.90490000 -0.82071700
559 3.52307000 10.62930000 -6.84327000
560 -15.17180000 -3.74065000 6.33120000
561 43.08240000 3.64883000 -12.16650000
562 6.18276000 1.65359000 -5.55988000
563 -4.98311000 1.85857000 4.21284000
564 -36.48130000 -9.90014000 17.24180000
565 113.97500000 -37.93190000 -63.54560000
566 -6.51690000 0.69813400 0.41421800
567 -28.85970000 -6.80919000 31.16960000
568 3.20578000 49.78470000 25.38380000
569 6.69442000 5.13252000 -30.20840000
570 -54.60700000 17.15170000 -26.93350000
571 18.08280000 -14.17220000 4.86125000
572 -7.69171000 -0.82356900 -0.02427310
573 2.37962000 1.62051000 -8.14954000
574 -10.40180000 -2.02840000 -7.47285000
575 -7.06135000 12.07110000 -6.75000000
576 10.67620000 23.90910000 38.47260000
577 -11.74470000 -2.32300000 -2.91309000
578 5.40098000 -15.52600000 -6.77449000
579 22.26730000 -0.05538560 -22.66360000
580 -19.02190000 -63.04970000 64.28380000
581 27.05930000 20.82400000 -26.72950000
582 15.74520000 -2.71788000 -33.95110000
583 16.18560000 -7.30370000 -2.79092000
584 -7.69928000 18.78160000 6.03990000
585 9.73998000 33.32670000 -16.44150000
586 -1.74265000 14.98480000 -0.71433000
587 4.85267000 -8.19636000 1.15533000
588 -2.93209000 4.98545000 -0.70148000
589 2.87662000 4.92123000 -6.76888000
590 0.04587660 -8.43690000 -9.29562000
591 2.54837000 13.91170000 19.62590000
592 -2.70782000 -4.93183000 1.39773000
593 -0.63588300 9.21366000 -4.36125000
594 -10.35820000 -18.64400000 5.07465000
595 61.84680000 -28.70950000 -8.53384000
596 -25.68030000 -10.63210000 13.84020000
597 -37.69140000 -29.13490000 -31.87420000
598 14.79020000 -8.19568000 57.73380000
599 4.05403000 17.56130000 3.01443000
600 -5.91961000 1.36466000 -8.60372000
601 9.44820000 -9.12351000 -22.91610000
602 -9.37498000 10.26640000 3.96188000
603 -1.78195000 -10.41460000 6.84592000
604 1.52681000 2.48261000 7.73715000
605 0.30572700 6.68296000 -1.42661000
606 -2.49458000 -12.67370000 6.67414000
607 -1.84925000 -2.12503000 -1.25301000
608 -1.17708000 3.78988000 -2.07416000
609 21.23400000 -7.44220000 -2.73504000
610 -16.02530000 -19.35530000 -5.67336000
611 -8.59167000 19.82440000 10.34860000
612 38.75020000 -39.44490000 -36.81680000
613 0.67463300 26.63520000 68.94530000
614 -9.58913000 -1.89365000 -19.48530000
615 -2.63255000 6.11133000 -9.57018000
616 -11.55280000 12.79980000 -14.23820000
617 -1.13041000 2.50875000 5.24320000
618 -3.97730000 -0.04920040 -7.54132000
619 -2.15227000 -8.44824000 -2.95844000
620 5.08181000 3.34931000 -0.35345100
621 -32.58420000 -9.53874000 1.62473000
622 3.52983000 -1.79212000 1.10341000
623 0.61330600 4.48011000 -2.90885000
624 14.14060000 13.04370000 0.61143900
625 2.37670000 -40.92290000 5.25058000
626 -1.66283000 14.16080000 -3.47663000
627 12.35090000 -9.99413000 -37.69440000
628 -44.55470000 -32.08830000 33.34650000
629 11.08530000 -2.34513000 -32.89680000
630 -4.36800000 2.16786000 2.73189000
631 -12.92960000 38.71940000 4.50343000
632 4.40263000 -3.25061000 -7.42924000
633 2.80520000 -8.04696000 15.16930000
634 0.04425770 -7.56302000 16.99750000
635 0.91221900 -2.60327000 4.01813000
636 -41.73460000 -10.16670000 12.03600000
637 8.14382000 -1.53253000 -4.80173000
638 7.55535000 2.16230000 -1.98742000
639 20.07580000 39.19590000 -10.13820000
640 10.36370000 -42.70240000 29.92730000
641 -7.83221000 10.08090000 6.02366000
642 57.82140000 20.68650000 -11.95730000
643 -29.12300000 -9.05491000 27.87720000
644 25.59660000 3.66921000 -3.20781000
645 75.40970000 18.63270000 -28.87630000
646 -20.54650000 0.55278000 11.51360000
647 7.07452000 -1.07912000 -1.30693000
648 12.10660000 -2.53600000 -3.95744000
649 2.37003000 -1.48764000 -3.61461000
650 3.91429000 8.89082000 5.79210000
651 2.64785000 -30.19560000 -7.58509000
652 2.00027000 5.94864000 -5.01105000
653 -4.20911000 -1.76280000 0.63816300
654 -24.80030000 35.01930000 -15.69850000
655 -51.37220000 -40.13800000 32.64870000
656 -11.97260000 -8.65124000 8.35875000
657 35.36980000 94.96160000 0.04849380
658 -5.83367000 -49.82570000 -3.83797000
659 28.71530000 51.09600000 13.69060000
660 50.65870000 39.33980000 1.56436000
661 -26.62920000 -44.50630000 -0.31192600
662 -2.08828000 6.54637000 -4.98818000
663 9.26395000 18.23570000 -3.45770000
664 7.80895000 15.85300000 -4.03219000
665 -2.57359000 -0.95905400 -1.24724000
666 -25.07760000 32.71210000 -9.43834000
667 0.17487900 -3.90683000 -0.95871300
668 2.05842000 -8.93898000 -3.94158000
669 21.75850000 -23.32610000 -5.60954000
670 -44.97090000 -74.71420000 42.58960000
671 -8.82861000 -5.48926000 3.11694000
672 59.95040000 19.97840000 -26.07810000
673 -51.79180000 -23.34080000 5.49937000
674 49.87580000 -9.99014000 -38.74250000
675 14.49340000 6.88587000 -3.28793000
676 -31.68190000 -11.43490000 5.67968000
677 -0.86335200 -0.51070400 7.44905000
678 6.32679000 2.80221000 -11.17670000
679 -9.38292000 4.03131000 -17.16130000
680 4.65364000 10.98930000 -6.25028000
681 -16.33350000 -4.99385000 26.86920000
682 -0.71120000 2.88736000 -5.67168000
683 4.20798000 0.16842800 -2.82404000
684 3.83639000 -30.08040000 -10.92150000
685 -58.63110000 16.28880000 33.37740000
686 -9.29505000 10.04450000 18.91670000
687 15.37980000 24.02260000 25.46660000
688 37.34200000 -6.53489000 6.82661000
689 -4.82734000 -1.56774000 5.40308000
690 6.88034000 8.16464000 -4.55637000
691 -40.05400000 -1.75068000 -47.03920000
692 0.07445120 -0.91320300 1.27439000
693 9.69714000 -1.76677000 15.35000000
694 4.77163000 1.56527000 4.83993000
695 3.81783000 4.97547000 -0.26528900
696 -4.97219000 27.36780000 22.56270000
697 11.67770000 -10.93340000 3.05215000
698 -5.80844000 -11.71060000 -4.95545000
699 -8.11773000 -6.06610000 -10.32950000
700 -38.29790000 28.23130000 8.05429000
701 22.18030000 -45.13990000 -17.19810000
702 -13.41280000 29.67820000 -26.48120000
703 -0.44207100 20.46470000 -22.89530000
704 19.90910000 10.72290000 11.41610000
705 37.33780000 51.07840000 -19.99310000
706 2.36453000 -6.65269000 3.57619000
707 -1.89074000 4.72754000 -2.82743000
708 2.94810000 -8.92124000 -1.23731000
709 -8.87872000 -0.20547200 -4.88731000
710 5.31437000 0.45584500 8.24543000
711 -3.35593000 -8.09445000 -37.72070000
712 -2.42437000 -1.19207000 4.12117000
713 3.65511000 0.87143400 4.29922000
714 5.11891000 -13.56870000 42.11950000
715 -84.79050000 -57.15110000 13.79240000
716 26.02410000 -19.57750000 -35.54720000
717 -12.92480000 -28.08600000 7.48044000
718 -15.15170000 41.35580000 23.28670000
719 8.80586000 5.38167000 0.50138600
720 19.74240000 2.62910000 -5.67283000
721 -12.76300000 4.55298000 33.52710000
722 4.23191000 9.85170000 -6.67487000
723 -4.49993000 4.25086000 0.99918400
724 4.91299000 -5.06660000 -10.06790000
725 5.95458000 -16.51110000 2.44106000
726 24.21610000 14.65750000 -63.77380000
727 -8.38271000 2.59894000 7.82984000
728 7.46555000 -6.68065000 15.10950000
729 -39.97490000 11.76390000 25.17090000
730 24.92190000 -23.81900000 -37.91360000
731 -23.11470000 14.66500000 14.17470000
732 29.29950000 -72.25760000 104.03700000
733 6.38099000 36.98030000 -68.34680000
734 20.52610000 47.08230000 -14.57850000
735 -4.05968000 49.57170000 -20.98150000
736 -27.62070000 23.54220000 -24.05740000
737 -0.47677100 4.25059000 -1.34423000
738 2.12237000 0.45816800 -0.18543400
739 5.11108000 1.16056000 -1.91021000
740 2.86650000 0.70721700 -6.97076000
741 5.64185000 11.84850000 12.21770000
742 -0.51824100 -9.87092000 -11.69720000
743 -1.28181000 -1.36722000 -5.51219000
744 0.69162700 -7.31098000 19.48160000
745 -38.08950000 -43.94640000 92.87260000
746 17.75050000 -24.03450000 18.79660000
747 29.54340000 -24.28140000 -22.84710000
748 -28.84330000 30.14830000 -10.40250000
749 -9.17463000 7.40985000 2.25587000
750 36.82610000 47.61250000 -0.77322200
751 -10.00180000 -5.35925000 -18.64120000
752 -0.98268400 -1.24854000 -3.31953000
753 -6.40217000 -0.17105100 1.43587000
754 -1.82309000 2.51685000 -1.43807000
755 9.15693000 5.16019000 -7.81788000
756 -12.17180000 -26.88440000 -0.51230900
757 -0.21227200 0.64835100 2.85838000
758 -1.63885000 14.26610000 2.38698000
759 24.85790000 15.91400000 1.46713000
760 -101.90200000 -57.04340000 -8.85391000
761 20.48200000 4.76893000 -24.32690000
762 32.06490000 -57.86930000 58.80170000
763 -71.73790000 8.34992000 -8.01058000
764 -5.04322000 7.44671000 -9.76682000
765 -10.19260000 -8.18177000 -2.81048000
766 24.09420000 11.69930000 -4.61882000
767 -10.73190000 -4.00666000 3.10120000
768 9.94040000 -2.40806000 -5.33653000
769 1.51972000 -6.92038000 -2.53812000
770 -0.50085600 -0.85188100 -10.42240000
771 1.31743000 12.54320000 51.31360000
772 2.86817000 0.42315700 -2.05623000
773 -7.20032000 3.38252000 0.42216900
774 16.31760000 -3.24421000 -56.27170000
775 -22.44070000 -56.67670000 72.94500000
776 26.09350000 23.18770000 -36.43080000
777 56.23420000 -11.64890000 14.40150000
778 15.90750000 -7.43866000 -8.13511000
779 -16.91790000 -5.75332000 -7.89041000
780 -30.82040000 10.28720000 -12.19900000
781 7.76372000 14.23240000 -24.95130000
782 -1.39158000 9.44481000 -4.05903000
783 -2.13586000 -1.39602000 -2.61085000
784 -14.31620000 -1.67555000 10.05730000
785 4.12603000 6.50339000 1.10544000
786 -7.97413000 -26.20240000 -13.63770000
787 -2.67366000 2.84079000 -4.06224000
788 -2.30198000 -4.34990000 5.18478000
789 7.15356000 33.88840000 19.33560000
790 31.06270000 13.64720000 -18.85640000
791 -6.58091000 -7.60986000 5.23897000
792 -51.34090000 19.78840000 110.94700000
793 76.46430000 -25.39880000 -50.04140000
794 -28.40570000 8.86447000 4.05285000
795 -76.91730000 9.58765000 -38.84440000
796 -10.59870000 14.02590000 -29.13860000
797 5.86144000 -11.64760000 0.75506400
798 0.35779900 -5.04642000 3.62520000
799 3.79207000 -0.37869200 16.99970000
800 -6.05928000 -7.00183000 13.49090000
801 -7.33334000 19.77010000 9.94587000
802 -7.14617000 -22.51310000 -5.07314000
803 5.66493000 7.07493000 -1.26947000
804 10.78450000 16.35290000 -23.42180000
805 60.19080000 -6.20253000 38.27980000
806 16.21440000 -33.06080000 25.85910000
807 -10.06980000 15.48990000 32.36920000
808 -8.90702000 -51.35300000 -9.81719000
809 -22.68840000 -9.32198000 -6.81382000
810 -25.70480000 -9.60641000 -31.71460000
811 17.93500000 24.08300000 -8.69144000
812 13.81380000 -9.93860000 -12.20370000
813 -3.88002000 -4.05525000 -10.68260000
814 4.11252000 -4.24458000 -11.97400000
815 4.05707000 -3.35995000 -1.79876000
816 -11.60920000 11.32870000 18.44980000
817 12.47910000 -4.00310000 -0.79254500
818 -4.12377000 -3.34563000 -13.69440000
819 5.19044000 11.96220000 -0.54271600
820 16.09310000 9.45205000 -28.81240000
821 -18.05980000 2.72798000 77.75240000
822 -12.58840000 100.93200000 -41.16580000
823 34.44550000 -76.19960000 -10.10380000
824 -64.91270000 34.23760000 -29.06980000
825 -54.56670000 3.40221000 -9.23623000
826 24.51830000 -19.40290000 13.93750000
827 -3.49102000 -6.08257000 6.17530000
828 -0.05191810 6.71432000 2.88078000
829 -7.64602000 5.02356000 -5.17844000
830 6.97995000 2.56727000 -3.33105000
831 -3.53581000 -23.48780000 38.21510000
832 1.70411000 -7.60989000 -7.61151000
833 2.66029000 1.40571000 -14.79090000
834 2.14698000 22.93780000 -9.29660000
835 52.96150000 -20.10520000 30.84230000
836 27.92900000 0.04705900 1.96687000
837 32.25170000 36.98380000 -52.30520000
838 -14.08600000 -41.52350000 39.23090000
839 -11.20350000 -14.87400000 -3.73806000
840 -33.03360000 -15.08090000 9.90033000
841 7.37173000 -20.66650000 41.46340000
842 3.86028000 0.07206870 5.59352000
843 -2.08709000 13.05740000 -2.63367000
844 9.34846000 4.09651000 -1.24929000
845 2.94584000 -3.88798000 -0.70145200
846 -9.21121000 19.24690000 20.89830000
847 6.90915000 5.28953000 -12.88010000
848 -3.53521000 -9.89558000 -12.48060000
849 0.80354600 -11.44120000 26.85360000
850 19.85100000 54.93510000 -62.39700000
851 11.22940000 -14.98580000 -3.43439000
852 -18.83930000 12.33330000 19.79650000
853 56.20330000 -24.76680000 5.52243000
854 -62.25880000 6.38535000 -0.24082000
855 -44.63040000 -17.76430000 -17.30130000
856 29.92790000 -15.35950000 1.17971000
857 -1.01286000 1.87889000 5.82985000
858 -4.36534000 5.72860000 -0.22561500
859 -7.75379000 9.23202000 1.83401000
860 0.38674200 5.27803000 5.47706000
861 -20.85420000 -9.25437000 7.02312000
862 6.59952000 0.09021940 2.64032000
863 4.29296000 6.73897000 -3.45410000
864 13.95890000 -15.32750000 -2.15220000
865 30.55320000 -0.52444300 -47.96620000
866 5.66152000 17.11270000 44.46490000
867 -75.50520000 8.92494000 44.23930000
868 43.12370000 25.72270000 -37.81880000
869 -25.68210000 -34.31020000 7.72544000
870 -53.10770000 -78.92350000 88.88900000
871 38.29240000 -21.41340000 0.21934000
872 0.58996000 -0.56697900 12.65050000
873 16.51940000 7.15093000 -7.47167000
874 -0.81372100 -5.96776000 -2.68134000
875 -4.36129000 -4.03350000 -6.95623000
876 20.58800000 5.22398000 27.62080000
877 8.53415000 4.09680000 9.34627000
878 -8.74950000 3.56985000 -4.37193000
879 -21.38490000 -1.03552000 -10.72380000
880 33.37540000 29.35360000 -2.89360000
881 -20.31330000 -5.95934000 -13.77250000
882 1.07081000 -6.02324000 0.26352000
883 52.76380000 76.17570000 -99.31420000
884 4.04911000 34.12770000 -1.46793000
885 12.95500000 -1.60419000 15.48480000
886 14.60350000 13.64750000 8.45435000
887 -8.01233000 -1.10331000 -8.18549000
888 -1.80045000 -0.78402200 1.31686000
889 -13.05830000 14.08300000 -1.11176000
890 2.03653000 -11.23470000 -2.71032000
891 18.93940000 -13.09110000 -31.57660000
892 -12.10250000 1.55106000 16.80560000
893 -5.65925000 -0.35646100 11.27990000
894 4.39204000 11.76550000 4.39707000
895 -3.13805000 -2.66924000 -8.42700000
896 5.53884000 4.10995000 -5.55789000
897 -8.04894000 1.97423000 8.78760000
898 -1.45761000 -11.10190000 -3.79165000
899 -0.60615800 -4.03886000 -1.74643000
900 1.52197000 3.23626000 0.11342400
901 16.86920000 17.06150000 -0.63329100
902 -9.65867000 -7.23897000 -2.40493000
903 -4.01235000 -9.97424000 10.45980000
904 10.53030000 12.77880000 -21.62180000
905 -12.96850000 -4.91681000 -3.58786000
906 0.86257700 0.13339000 -3.64034000
907 2.06993000 -7.38985000 17.11930000
908 -8.97698000 -1.02237000 8.32557000
909 -2.14157000 -15.54630000 -9.35827000
910 5.32190000 10.53900000 4.47872000
911 4.27518000 -9.42407000 -4.82165000
912 3.51669000 17.65730000 6.29166000
913 -9.10343000 -8.31172000 -1.68340000
914 -3.16614000 -1.04445000 4.76644000
915 8.93858000 -10.44290000 -21.75880000
916 -1.99549000 -32.66720000 25.93540000
917 -19.38430000 27.44750000 23.21710000
918 -20.54400000 -7.10604000 7.23914000
919 -23.44010000 38.55030000 -23.14360000
920 32.82540000 -20.61130000 18.35130000
921 10.67920000 -4.76862000 0.86067100
922 11.25570000 22.97430000 21.43310000
923 -2.98669000 -9.19516000 -4.90267000
924 3.28548000 3.04378000 -2.64059000
925 0.31636700 -21.22000000 0.36081800
926 -12.09390000 3.70134000 -2.46678000
927 -2.31040000 8.03346000 7.85984000
928 42.48840000 -30.46330000 -19.69420000
929 3.07926000 5.69347000 5.52455000
930 -7.55917000 9.04925000 -0.95361200
931 -29.99660000 -19.54380000 -31.17260000
932 3.63808000 -0.49072100 14.76890000
933 3.82425000 5.23149000 -3.22414000
934 28.41150000 31.78130000 -11.30830000
935 -15.39320000 -12.54700000 5.93080000
936 -2.76890000 1.54173000 22.53840000
937 -25.17540000 8.80912000 6.28860000
938 0.70551200 -2.29849000 4.63525000
939 -3.95556000 -8.87536000 5.89951000
940 -0.61909100 -2.17653000 -8.87062000
941 9.85700000 10.26530000 6.35083000
942 -0.47262100 -1.11668000 -3.03309000
943 12.31160000 20.74140000 -14.37500000
944 4.28414000 -2.01814000 12.91470000
945 -0.81494000 -11.48010000 -5.31387000
946 -19.68560000 9.01415000 2.60176000
947 -2.81412000 -0.03874040 0.74925300
948 13.34130000 -8.73133000 2.53345000
949 3.24009000 18.29650000 -21.10640000
950 5.13143000 -5.79632000 4.78823000
951 -7.45161000 8.25001000 3.31015000
952 -5.52837000 -34.13230000 -11.57740000
953 -4.82985000 5.39485000 11.52940000
954 0.70407400 -3.47092000 4.79242000
955 26.88370000 -14.38190000 -6.08631000
956 -1.64029000 -0.43644600 -2.42581000
957 -8.57003000 7.31748000 11.96900000
958 9.45602000 3.97861000 -11.96830000
959 -15.86280000 -1.65728000 3.70920000
960 5.11098000 3.96048000 -5.90224000
961 35.14580000 3.40849000 4.54705000
962 -7.91154000 7.25312000 6.66362000
963 -20.43040000 -3.55244000 9.14165000
964 -17.66050000 -9.61983000 4.75110000
965 -6.38524000 -3.61765000 -0.92098500
966 -1.31351000 5.06488000 -4.07522000
967 -1.51746000 26.53850000 -26.11700000
968 5.35679000 -3.33678000 4.74994000
969 7.34900000 -8.38565000 4.65811000
970 -48.69800000 -17.42410000 14.22290000
971 11.53690000 4.87716000 -2.74001000
972 9.26819000 -1.61285000 -0.21947700
973 34.25910000 20.40220000 27.73280000
974 4.86600000 4.82053000 -15.53570000
975 2.36562000 -17.36050000 -8.53500000
976 -3.05530000 -4.11626000 -3.77324000
977 0.46234100 -0.92749500 6.73344000
978 24.02750000 8.97795000 -37.18690000
979 -17.13320000 -11.98730000 -0.73480700
980 -13.52600000 -7.39947000 21.85950000
981 -1.40309000 23.58830000 1.02166000
982 10.19280000 -21.80660000 48.57520000
983 -26.00460000 -6.29453000 13.72080000
984 -20.57160000 30.71370000 -5.56243000
985 21.81820000 -28.95290000 -50.14690000
986 6.47960000 -1.19045000 11.60000000
987 8.82530000 19.20910000 -9.25860000
988 1.96695000 7.23908000 4.72016000
989 -10.58670000 -15.00580000 10.98000000
990 7.91686000 -13.24950000 -0.93767500
991 -38.66140000 4.64090000 -10.19520000
992 8.06965000 2.62951000 4.23166000
993 9.82328000 -9.58545000 0.46559100
994 25.99910000 13.43000000 8.68876000
995 -6.75767000 -3.16662000 -10.01670000
996 -3.76408000 11.36520000 -7.12954000
997 28.99180000 6.78431000 -16.92450000
998 -3.08409000 -2.09620000 -1.00396000
999 -3.36655000 0.87604900 13.43830000
1000 -20.05210000 -1.86634000 -16.79470000
1001 4.17250000 0.43881600 2.57295000
1002 -2.23187000 -3.53750000 -0.02381510
1003 12.64170000 -9.74442000 17.93550000
1004 4.30295000 2.37631000 0.00092041
1005 6.77491000 -3.39955000 -1.80510000
1006 -3.99352000 34.89380000 23.42080000
1007 -9.08445000 3.97146000 -6.69470000
1008 0.31999800 -13.89750000 -6.40734000
1009 -31.32920000 -9.97595000 -10.34890000
1010 -3.73492000 -3.53710000 -0.79735700
1011 7.37139000 -2.26719000 -5.67273000
1012 1.61033000 28.38230000 13.60150000
1013 12.66730000 -12.03390000 -5.35103000
1014 -3.35319000 0.74631800 0.87740200
1015 17.44070000 -22.23350000 4.97368000
1016 -1.98991000 4.67279000 3.93281000
1017 -1.14259000 0.82838600 6.42302000
1018 16.75580000 -24.34590000 -38.35550000
1019 7.45042000 -3.01068000 14.79080000
1020 0.12377200 -15.40930000 -4.26326000
1021 -34.34620000 60.62730000 30.49710000
1022 2.65060000 0.93421800 0.87605100
1023 -2.74315000 -18.09900000 -2.01713000
1024 18.18670000 -28.00130000 -27.18780000
1025 -0.20432900 0.20830900 3.23217000
1026 -4.90348000 4.22298000 2.37353000
1027 -7.21323000 25.01570000 -10.69380000
1028 0.98964900 -5.62746000 4.86440000
1029 1.78333000 4.59295000 4.61830000
1030 -5.19109000 -22.99730000 2.43947000
1031 -6.76684000 9.11047000 1.67670000
1032 4.03540000 -0.94159200 7.23938000
1033 5.43887000 17.28240000 6.07123000
1034 5.36282000 2.78616000 1.48781000
1035 -6.06025000 11.91740000 -3.36027000
1036 0.84588300 -3.90129000 -6.02167000
1037 4.01080000 4.72428000 6.89334000
1038 -0.86196800 -2.75585000 2.55485000
1039 -8.33068000 -9.91687000 -4.02018000
1040 7.57687000 -14.96070000 -2.61058000
1041 0.12751100 6.36536000 -1.70998000
1042 -4.31036000 -4.52373000 -0.74911200
1043 3.97281000 2.70624000 -1.77494000
1044 14.01810000 -19.95550000 -13.92970000
1045 -0.66477300 7.39435000 4.68047000
1046 -2.07870000 4.80319000 -2.27032000
1047 17.44080000 -3.36858000 23.36520000
1048 5.25227000 -16.71820000 -6.80709000
1049 -15.53340000 4.21224000 -8.44658000
1050 -10.64700000 31.15780000 -15.16220000
1051 30.59850000 6.27810000 -32.47780000
1052 -3.25085000 -4.43393000 15.65050000
1053 -6.57327000 -24.96020000 2.86835000
1054 9.52269000 41.78520000 -32.24640000
1055 -1.68954000 -10.76750000 7.48179000
1056 5.96513000 5.32661000 3.63036000
1057 13.47570000 -28.77510000 31.65730000
1058 -10.95160000 4.83239000 -6.03843000
1059 -1.95566000 1.71971000 -8.82047000
1060 23.87410000 36.55520000 -23.51950000
1061 9.62420000 -13.35650000 -4.11222000
1062 -6.85959000 -14.90630000 -4.93171000
1063 -54.19000000 4.08588000 -5.86640000
1064 1.51304000 17.72130000 5.24219000
1065 11.46430000 -9.65759000 3.17839000
1066 4.19575000 -14.15870000 10.58710000
1067 -8.31608000 2.79380000 4.28512000
1068 -0.33165000 10.41350000 -0.13408300
1069 37.58080000 17.31770000 3.28392000
1070 6.96215000 1.75470000 6.53951000
1071 7.52174000 3.28921000 2.56392000
1072 -28.59870000 -38.77260000 -10.21680000
1073 -6.41581000 4.98671000 -0.02542070
1074 1.59698000 4.63628000 3.41712000
1075 11.98190000 6.65958000 -9.13498000
1076 1.91343000 2.98127000 7.67809000
1077 2.57726000 -6.13058000 -2.71384000
1078 -50.61700000 -36.28140000 29.23210000
1079 -0.24878800 9.20531000 -11.30010000
1080 -0.04031290 7.94274000 -0.00727459
1081 12.14860000 31.72070000 -19.18940000
1082 -6.69537000 -4.01156000 -4.28557000
1083 11.06050000 3.11784000 -2.34202000
1084 20.73380000 6.75498000 -12.76300000
1085 -11.82530000 -2.15371000 4.96226000
1086 7.65756000 -2.96289000 -2.65531000
1087 18.49050000 7.34111000 -4.78421000
1088 -12.17720000 -6.48333000 -0.43680200
1089 -15.87090000 -4.08968000 1.31752000
1090 29.23220000 2.10084000 23.08990000
1091 -2.13138000 2.02814000 -1.19791000
1092 -12.15490000 -3.99849000 3.99748000
1093 15.93520000 5.25480000 -16.02830000
1094 -4.48668000 -4.23708000 -2.06667000
1095 -15.67180000 4.27143000 -3.99508000
1096 -4.06252000 -15.76340000 -7.67987000
1097 7.79392000 1.71553000 4.58750000
1098 1.69287000 0.58443400 2.88396000
1099 5.34665000 34.48690000 35.81910000
1100 8.41995000 -10.08900000 -3.05182000
1101 -1.35587000 -2.25081000 0.55961300
1102 -7.07879000 10.87720000 -57.25610000
1103 4.27613000 13.30600000 3.93001000
1104 1.42439000 -1.82336000 -1.40085000
1105 -19.31850000 -47.15820000 49.03580000
1106 -1.61166000 3.62142000 1.52215000
1107 -1.82097000 0.29805600 -8.96637000
1108 2.66852000 3.27030000 -5.79968000
1109 -8.24092000 -11.64680000 0.09431490
1110 -23.44430000 23.34160000 -32.27560000
1111 0.70460000 -10.20560000 1.64559000
1112 10.32080000 8.95680000 7.47146000
1113 19.68020000 76.23890000 -17.70040000
1114 -41.09850000 -31.34480000 48.10960000
1115 10.78440000 -10.23390000 -9.72904000
1116 -43.01070000 29.27680000 -63.96200000
1117 -13.23870000 -68.75380000 1.30192000
1118 13.69010000 -1.32274000 -6.31066000
1119 13.74760000 17.77140000 23.89860000
1120 15.36200000 -25.72440000 -9.74185000
1121 3.61462000 4.29985000 7.68011000
1122 4.13146000 9.09640000 -11.66470000
1123 -39.76790000 4.62370000 -3.59361000
1124 4.16464000 0.20280200 11.08510000
1125 -2.01661000 -1.47418000 -2.03377000
1126 42.42800000 21.04850000 8.57080000
1127 -9.68399000 1.36836000 -3.24339000
1128 -8.82618000 -11.65390000 -1.33069000
1129 9.59278000 7.11440000 -11.42890000
1130 -13.96260000 0.29040300 10.20200000
1131 -1.87701000 -3.85339000 -1.22686000
1132 0.52230200 12.14220000 -12.60760000
1133 -0.10408200 0.02995890 14.05580000
1134 3.40277000 6.13151000 -4.96135000
1135 3.94343000 -36.36710000 -18.87010000
1136 -4.53002000 2.24704000 -3.74437000
1137 -14.27920000 -7.58310000 8.67084000
1138 4.50203000 36.26290000 9.46369000
1139 -13.96950000 -8.44248000 11.55160000
1140 14.03930000 -7.32495000 -0.57230600
1141 16.82070000 1.73284000 4.81196000
1142 -8.47461000 -8.43399000 -3.03464000
1143 -5.81559000 4.68163000 -6.99895000
1144 -35.98180000 26.22920000 -6.43486000
1145 0.17857600 2.81297000 4.44018000
1146 7.43675000 -6.89731000 1.35247000
1147 12.19880000 3.34534000 -42.35870000
1148 -2.82893000 -4.98168000 6.57143000
1149 8.12220000 -7.61341000 16.32600000
1150 31.49560000 12.29830000 40.32610000
1151 0.86548500 1.57465000 -12.45140000
1152 -1.72084000 -7.47168000 -4.12183000
1153 -15.40980000 -41.98670000 -3.22991000
1154 -7.53951000 19.29180000 -10.05520000
1155 -1.28942000 1.74894000 -12.21340000
1156 4.42865000 -19.37810000 38.27160000
1157 5.58921000 9.28990000 -11.73930000
1158 -4.67178000 3.62495000 6.96218000
1159 -9.04990000 29.79460000 -24.12850000
1160 4.93785000 -1.48067000 -1.91500000
1161 0.69988300 -3.61327000 -2.36632000
1162 22.82810000 -35.12830000 24.75700000
1163 -5.21450000 4.91112000 -2.30373000
1164 -12.69560000 5.49094000 -4.07861000
1165 10.17160000 6.17207000 -8.98899000
1166 -9.70756000 -2.31366000 1.25063000
1167 -10.73490000 3.88468000 4.20676000
1168 26.55180000 5.73637000 -20.97350000
1169 3.26596000 0.10607400 10.78230000
1170 -7.26432000 -19.79860000 5.75924000
1171 -17.57500000 18.76540000 12.98230000
1172 1.64872000 -6.69384000 -2.70793000
1173 -1.09940000 0.44019300 4.22266000
1174 -5.04860000 0.53692500 -4.31702000
1175 11.86090000 5.88739000 -17.30390000
1176 -40.53170000 -3.81518000 16.13750000
1177 7.62821000 6.72432000 4.66079000
1178 2.01089000 2.47636000 5.82062000
1179 -5.52900000 -37.90740000 -55.57600000
1180 -4.93942000 -18.62600000 52.20880000
1181 -52.71750000 -23.67810000 -92.67540000
1182 5.30561000 -9.15921000 -46.89210000
1183 80.78530000 -26.68080000 51.24260000
1184 15.55830000 7.34573000 2.20930000
1185 2.42233000 7.94751000 1.16843000
1186 -8.83905000 -9.53370000 -15.20390000
1187 -6.25838000 3.35702000 10.11400000
1188 -4.74459000 -7.08400000 -0.13763700
1189 -13.88510000 -10.05400000 -7.35510000
1190 4.65542000 -0.69332300 -11.43330000
1191 1.15211000 11.67890000 0.34685800
1192 22.48460000 36.11490000 28.72820000
1193 1.43581000 4.46161000 3.63456000
1194 -1.38390000 -8.46813000 -4.13156000
1195 -18.33330000 -36.65840000 -17.90870000
1196 11.24790000 7.82805000 -4.27230000
1197 5.44645000 3.63668000 -1.83460000
1198 -7.11619000 2.53135000 17.79630000
1199 8.86319000 -5.21707000 -3.65955000
1200 -1.65538000 1.82965000 -6.88272000
1201 -25.56860000 15.91140000 5.74259000
1202 0.41771300 -1.88556000 -2.06773000
1203 -0.81468000 -6.04616000 10.71970000
1204 12.48110000 -11.52400000 -41.49410000
1205 -4.00321000 -2.87643000 2.09467000
1206 3.30008000 -6.74456000 1.77767000
1207 -8.08806000 20.03180000 55.86730000
1208 -1.08632000 -5.20612000 -4.38639000
1209 5.17758000 -0.00715447 -4.40263000
1210 -5.45893000 -12.59210000 -22.30870000
1211 5.62190000 3.49061000 5.69017000
1212 -7.07194000 0.21991600 4.63692000
1213 52.88310000 30.06380000 -10.58570000
1214 -9.03883000 -0.12882400 -6.67470000
1215 1.63877000 -8.13539000 -1.50167000
1216 -25.78720000 -22.76490000 9.12307000
1217 -0.48397000 4.23191000 -3.11699000
1218 -9.90962000 1.68452000 -5.07417000
1219 -7.33995000 -1.08425000 -5.82026000
1220 8.36731000 -18.35930000 9.50903000
1221 13.72640000 10.84740000 -0.85253200
1222 -5.85695000 12.49170000 6.17623000
1223 -4.02612000 -1.76280000 1.33263000
1224 -27.49850000 6.21965000 5.33808000
1225 -2.13056000 -9.18033000 2.98174000
1226 1.68200000 -15.00820000 18.63650000
1227 -4.92307000 15.33080000 -23.71730000
1228 -22.98860000 22.28280000 35.18310000
1229 -2.39391000 -1.62136000 -19.36270000
1230 -10.61300000 9.68154000 -27.60400000
1231 62.33980000 42.23320000 64.80150000
1232 2.08797000 22.14730000 27.69270000
1233 -7.71744000 -20.26940000 22.25460000
1234 21.81220000 11.57830000 -16.39870000
1235 0.40349900 -0.72769300 0.89342700
1236 -3.87605000 -5.70572000 -1.90623000
1237 -10.68840000 -37.94200000 4.75880000
1238 9.20483000 -1.15593000 3.13360000
1239 -15.01530000 20.60600000 -5.57309000
1240 3.95646000 -2.04764000 5.89568000
1241 4.59241000 -10.84480000 -2.30225000
1242 4.43936000 -7.93410000 0.60948300
1243 -2.20010000 4.74408000 0.26758900
1244 -3.39524000 1.04410000 3.85532000
1245 1.43267000 1.53956000 -0.26767300
1246 -12.17280000 8.15180000 -23.25990000
1247 -3.44312000 -4.49108000 4.25649000
1248 6.44613000 0.85904300 -2.83576000
1249 23.51830000 8.32803000 2.77213000
1250 -9.37624000 -1.45493000 1.47613000
1251 -0.70968700 12.19840000 7.83549000
1252 -14.04870000 21.00650000 14.65020000
1253 3.76109000 1.47703000 3.88399000
1254 -1.79731000 -3.14376000 4.65651000
1255 -8.50493000 -2.24085000 -30.59950000
1256 4.69786000 -3.87877000 -1.98541000
1257 6.58737000 -4.22621000 11.57270000
1258 -7.73664000 -5.22350000 7.49241000
1259 1.49714000 -2.72803000 0.14418800
1260 1.89315000 -5.77015000 44.68440000
1261 1.94492000 -5.42174000 -3.39559000
1262 3.22124000 11.97970000 -13.63290000
1263 -19.32530000 -46.71170000 -61.12890000
1264 -17.61010000 42.87650000 28.66710000
1265 23.56960000 -16.43480000 -27.31850000
1266 -11.51540000 -31.67530000 -10.97550000
1267 81.71260000 -5.61340000 1.79061000
1268 -23.45430000 -27.49580000 9.00326000
1269 -2.77235000 25.80670000 32.66210000
1270 -5.74338000 9.26340000 -3.54103000
1271 -6.45694000 1.10900000 6.42672000
1272 6.12681000 -3.80542000 -7.87091000
1273 32.78640000 9.01192000 4.50891000
1274 2.92930000 -2.41974000 -3.33758000
1275 -0.76149200 0.43380100 -7.44553000
1276 -11.59700000 -18.02510000 -18.83020000
1277 4.57498000 6.12551000 5.96206000
1278 -9.31530000 -9.24648000 0.99245400
1279 14.61250000 -12.60630000 -11.24150000
1280 -15.06480000 4.77037000 2.21049000
1281 4.69696000 5.84241000 8.04543000
1282 -26.90030000 -1.29804000 9.20779000
1283 -8.47905000 7.77394000 -4.97074000
1284 -7.28499000 5.06743000 5.70950000
1285 19.89970000 -4.12342000 -19.30330000
1286 0.05971940 0.95895400 -0.92825700
1287 11.14540000 -0.11972800 15.70900000
1288 -32.81450000 -36.42390000 6.36602000
1289 7.82858000 7.16491000 -1.29691000
1290 11.77010000 3.39306000 -4.49909000
1291 18.83530000 5.91528000 15.15240000
1292 11.05800000 11.52680000 -4.18165000
1293 2.76397000 2.30906000 0.18677600
1294 2.16133000 -5.24899000 -36.53690000
1295 0.06054910 -5.49710000 15.95980000
1296 -14.35600000 3.13206000 4.12369000
1297 18.33230000 -8.12801000 -26.73880000
1298 -7.64181000 7.43659000 10.65200000
1299 -4.72065000 1.89279000 -0.56290900
1300 3.37073000 13.77440000 62.36740000
1301 -4.59554000 -2.95105000 -3.69253000
1302 5.75870000 9.00813000 11.29460000
1303 -0.18185400 -24.62290000 -42.85660000
1304 -3.27382000 4.00536000 -2.52291000
1305 -9.74781000 3.36045000 -5.30617000
1306 -2.53424000 1.42030000 9.12445000
1307 7.24404000 -2.27244000 2.46755000
1308 9.17719000 17.89440000 6.57438000
1309 2.21747000 5.14568000 0.85412300
1310 0.72728100 -1.45936000 -3.48147000
1311 -3.37957000 -6.77279000 -8.77118000
1312 -66.11630000 -6.97883000 -12.13980000
1313 -24.61410000 -1.91942000 -46.31250000
1314 -39.07630000 -2.67071000 -6.73174000
1315 2.19923000 14.93150000 85.53440000
1316 -6.25225000 6.24530000 -7.11851000
1317 13.87010000 0.99394500 -18.47340000
1318 2.79182000 0.66594300 -33.14630000
1319 -1.96836000 8.54992000 18.60740000
1320 -9.11621000 -2.29545000 -0.63125000
1321 -22.09490000 -1.75387000 31.62400000
1322 4.20134000 0.98399800 -0.92400400
1323 8.85692000 -0.72988000 2.20255000
1324 39.19170000 1.52570000 -40.54100000
1325 -10.01760000 6.35555000 -0.51540300
1326 -5.88231000 -3.86202000 -5.84261000
1327 7.57068000 0.95588800 17.99570000
1328 -9.42478000 0.31593900 8.43601000
1329 3.10999000 1.92745000 -5.72962000
1330 -15.22770000 -27.49230000 4.25637000
1331 10.42150000 17.08540000 1.45000000
1332 -7.58882000 6.26084000 2.56013000
1333 15.38880000 -39.43150000 -41.74660000
1334 -0.84410700 6.54552000 7.37179000
1335 0.63700500 4.05733000 1.34210000
1336 2.38278000 32.83560000 55.22770000
1337 -3.52690000 -7.11804000 -0.93807200
1338 -6.09756000 7.88276000 -8.95426000
1339 -0.33552200 -14.65450000 23.12350000
1340 -0.06501660 -11.56060000 -5.47934000
1341 10.36580000 -3.84268000 -17.75110000
1342 16.41890000 18.21680000 -8.02325000
1343 -2.84621000 11.40810000 -2.46853000
1344 -11.36340000 4.21926000 11.76020000
1345 -27.08610000 -6.24562000 -30.16450000
1346 -4.30917000 -9.50947000 6.68157000
1347 12.79600000 1.43968000 6.53458000
1348 17.28160000 22.51420000 15.37020000
1349 -0.55844500 -7.65380000 4.63702000
1350 -2.74922000 5.33439000 -4.47398000
1351 0.77280100 -8.93483000 -16.94030000
1352 2.21034000 -2.60167000 4.61906000
1353 10.77970000 0.26383600 6.84139000
1354 -15.65730000 11.75710000 40.11580000
1355 -4.42653000 10.29080000 -16.76050000
1356 -7.93358000 -17.95560000 -12.57390000
1357 17.14430000 33.95760000 -13.22610000
1358 -8.48064000 -1.87721000 -2.12154000
1359 2.00824000 -6.08582000 -2.33569000
1360 11.34100000 -27.38000000 21.66310000
1361 0.04650400 -1.73419000 -7.42520000
1362 -6.21701000 -3.42346000 0.13403300
1363 -43.80850000 21.99830000 -29.00750000
1364 5.49132000 0.89365500 5.88735000
1365 10.22900000 -4.98204000 -1.77481000
1366 -15.47120000 -27.28400000 -7.62361000
1367 5.08275000 9.06145000 3.98984000
1368 4.73097000 5.23630000 5.62494000
1369 18.47200000 -1.43828000 9.79916000
1370 2.25438000 -4.06970000 -5.14461000
1371 -2.42279000 -4.76079000 0.88772700
1372 6.46119000 6.12099000 4.06196000
1373 10.62500000 5.17311000 10.09630000
1374 43.36300000 -6.17498000 20.64680000
1375 -8.87762000 -13.06260000 -4.64526000
1376 8.99611000 17.25800000 11.89670000
1377 35.11350000 -3.59703000 -5.22913000
1378 -1.45058000 33.53380000 38.36370000
1379 -48.17260000 -18.79870000 -53.06950000
1380 6.38223000 -11.37790000 -25.61350000
1381 -15.77310000 -41.69160000 101.24800000
1382 43.69960000 24.25720000 -52.81050000
1383 19.60980000 -4.25798000 -4.82359000
1384 -14.84930000 10.78700000 6.22425000
1385 4.87957000 -3.76687000 -11.90740000
1386 -5.64526000 12.62160000 2.19653000
1387 9.81357000 -18.89520000 -2.02308000
1388 4.27693000 -5.43549000 -2.90628000
1389 12.20130000 44.91300000 -6.18629000
1390 5.82883000 -2.89692000 1.91476000
1391 5.30250000 1.51826000 8.51672000
1392 -7.09708000 -22.69670000 -14.37700000
1393 -11.21340000 2.83079000 -0.83891900
1394 -7.98783000 -3.92866000 8.22231000
1395 1.59720000 -11.64150000 -1.39903000
1396 -11.06440000 25.08130000 20.96340000
1397 -11.95110000 -7.54284000 -1.88022000
1398 6.14682000 -0.84792500 -4.79659000
1399 8.61984000 -19.73870000 -27.22120000
1400 6.80522000 7.01289000 15.95810000
1401 16.07250000 2.27691000 1.69045000
1402 -33.30790000 24.90350000 12.80500000
1403 -2.32567000 -6.24567000 2.34619000
1404 -3.22058000 1.88605000 -6.97194000
1405 9.24359000 -15.11830000 -1.15680000
1406 -0.42796500 -4.90838000 -0.17659400
1407 6.02152000 0.78130900 0.89280400
1408 2.73951000 0.87982600 -2.78517000
1409 -12.32090000 5.39302000 -5.24504000
1410 7.23749000 -20.61780000 26.70320000
1411 7.79757000 0.36998700 21.65970000
1412 4.55933000 12.54490000 -21.01980000
1413 -3.89072000 -49.25190000 21.74560000
1414 27.70920000 -3.52922000 -32.03810000
1415 -87.35940000 -130.03500000 -53.85950000
1416 -88.34260000 -51.30710000 -21.08060000
1417 -33.33580000 82.69480000 30.53800000
1418 16.34650000 -36.48830000 7.28309000
1419 35.46760000 -8.53048000 -23.07660000
1420 -23.21460000 -3.35810000 4.15180000
1421 0.01304760 -5.31804000 8.87456000
1422 2.30633000 -1.14188000 -8.43613000
1423 29.55000000 25.81990000 19.42630000
1424 0.92851800 7.77284000 18.45520000
1425 -0.96177300 -9.61721000 -15.84610000
1426 -20.94790000 -13.44160000 -15.49510000
1427 4.28268000 -2.27352000 3.25316000
1428 -8.66294000 2.02643000 -1.84889000
1429 -1.73505000 20.46690000 -3.35852000
1430 -0.97077800 -0.21635200 11.83160000
1431 4.99955000 -5.42792000 -0.81286500
1432 -8.68375000 -42.47880000 -4.48960000
1433 -7.45509000 7.37370000 -7.97340000
1434 7.46994000 9.42055000 3.92315000
1435 -14.19250000 36.16840000 35.13930000
1436 3.62149000 -3.95638000 -4.59786000
1437 -2.87305000 3.39691000 -0.44308900
1438 0.37195100 -12.92460000 -28.86950000
1439 -8.77880000 0.32641100 5.23451000
1440 7.06559000 -9.49246000 -1.73957000
1441 46.61480000 5.02841000 19.86920000
1442 -27.56550000 -8.43127000 -1.97769000
1443 4.31854000 -5.41654000 -9.77158000
1444 -3.04838000 36.75520000 -19.93610000
1445 2.71279000 -8.89050000 -5.11472000
1446 -3.01049000 -18.13840000 3.63740000
1447 3.91113000 2.12217000 22.08610000
1448 8.04962000 4.77960000 -11.57630000
1449 -3.50503000 0.69506000 -4.95149000
1450 -2.92291000 14.65020000 12.10640000
1451 -0.80966300 4.19672000 -7.05978000
1452 0.93548600 -15.82360000 5.22109000
1453 -3.16896000 5.14119000 -20.83750000
1454 -4.12565000 -9.38711000 14.18770000
1455 7.10909000 -5.93461000 2.40012000
1456 -7.23619000 -4.61311000 1.66909000
1457 0.92989000 -5.51803000 2.51977000
1458 -10.64720000 -20.96490000 -8.96160000
1459 4.99212000 10.14480000 -1.38793000
1460 6.10734000 5.87672000 -5.41383000
1461 8.26329000 -40.33890000 46.91400000
1462 81.80220000 155.98000000 28.89250000
1463 -4.70590000 -37.41610000 -9.04012000
1464 -0.98684900 -8.80996000 -6.07804000
1465 98.24550000 55.96560000 44.50590000
1466 -20.42110000 6.87253000 -24.63510000
1467 -19.34450000 -1.71352000 12.95000000
1468 19.83750000 9.43993000 0.87264500
1469 -6.66343000 1.24380000 -6.77895000
1470 -2.47556000 5.25200000 3.19439000
1471 -6.28178000 -19.42340000 -13.88810000
1472 8.37552000 4.17600000 -8.12522000
1473 -3.55359000 3.39064000 -0.12561500
1474 -9.60246000 -11.53160000 16.22920000
1475 6.40439000 4.48739000 1.13777000
1476 2.45452000 1.57066000 1.41842000
1477 12.18720000 8.89095000 5.44253000
1478 -0.80731300 -4.25919000 -2.93802000
1479 0.59135200 -0.29666600 -5.87293000
1480 -20.37130000 -21.83390000 4.68270000
1481 -6.77256000 7.59698000 -12.54110000
1482 8.49409000 -8.15167000 -15.82070000
1483 2.79204000 53.75860000 2.17545000
1484 12.98790000 0.69480300 -3.31344000
1485 -5.09631000 -2.20308000 9.33852000
1486 24.65920000 -9.35311000 -7.03065000
1487 -22.50680000 -13.41730000 3.02085000
1488 -4.35972000 -8.28538000 3.36482000
1489 5.01957000 -0.63957900 19.05570000
1490 -13.89640000 -2.44076000 6.74566000
1491 -1.75167000 2.99841000 -9.12790000
1492 33.81010000 -7.19722000 1.87810000
1493 -15.16320000 -2.48994000 -4.23979000
1494 -9.51385000 7.91789000 1.70438000
1495 -24.80120000 -29.84320000 -16.41020000
1496 11.32560000 5.41307000 -3.63185000
1497 1.52638000 11.91720000 4.18584000
1498 -0.32990000 -6.15849000 25.00470000
1499 0.30663500 12.49150000 -16.14480000
1500 7.42331000 9.26030000 -0.91729300
1501 4.23929000 -12.25530000 -6.95525000
1502 2.04099000 0.34728200 -0.88742800
1503 8.87087000 2.35228000 4.96499000
1504 -11.75630000 2.86598000 -0.89666200
1505 2.49127000 -6.85835000 -4.07598000
1506 8.04068000 21.72010000 21.12230000
1507 4.11505000 -1.71716000 10.66390000
1508 -19.21070000 22.58090000 1.68516000
1509 -32.79000000 -7.43332000 -2.29454000
1510 28.81650000 -4.28689000 16.64840000
1511 -22.83540000 -0.32028400 -8.88843000
1512 -96.84560000 -19.00170000 3.75230000
1513 32.34910000 15.70230000 13.71740000
1514 -26.72850000 14.83120000 3.41552000
1515 -14.81540000 17.56900000 -58.25050000
1516 -7.27188000 -18.17900000 49.63130000
1517 8.69100000 -1.49714000 -10.17960000
1518 -2.87945000 3.24026000 -7.81481000
1519 49.12710000 1.89429000 -14.55960000
1520 -6.21074000 -0.06302040 -5.67349000
1521 23.26850000 30.92190000 -10.74190000
1522 -2.97885000 -5.61646000 1.49896000
1523 -5.25685000 -3.65261000 6.48669000
1524 -40.71350000 -22.83230000 6.97856000
1525 7.59879000 -0.19857900 10.29040000
1526 16.08050000 3.41920000 2.99707000
1527 -4.03393000 -3.41777000 -2.15097000
1528 -7.95203000 -18.26720000 14.76910000
1529 -2.74973000 4.57021000 -16.54240000
1530 0.33875600 6.34759000 4.93338000
1531 -53.08590000 -3.48436000 7.45887000
1532 12.72390000 -3.22493000 -15.47710000
1533 14.13550000 -2.95443000 9.22931000
1534 36.78490000 3.75885000 29.97400000
1535 -0.80391000 -1.71883000 -5.70295000
1536 -4.68459000 -0.46019900 -1.99680000
1537 1.92527000 -5.03050000 -20.68460000
1538 -8.98019000 5.11539000 -0.84933500
1539 -5.11268000 11.22240000 4.27265000
1540 -1.64981000 6.65714000 -7.93011000
1541 3.19768000 -2.73847000 3.50843000
1542 24.21200000 20.22410000 -3.59699000
1543 -1.28393000 0.04773640 -2.18183000
1544 2.15321000 8.12039000 2.45345000
1545 -26.88920000 -7.56196000 18.66050000
1546 10.34120000 58.58670000 -19.67830000
1547 -18.91120000 -20.11820000 2.34231000
1548 -61.83950000 -115.98000000 54.76240000
1549 107.01600000 -43.12550000 -18.17030000
1550 12.05050000 14.36100000 9.90594000
1551 5.14406000 -16.59930000 13.61970000
1552 -17.99450000 37.99500000 -40.60180000
1553 10.70170000 6.39148000 6.15874000
1554 -12.80010000 -4.19808000 11.23980000
1555 12.31990000 23.41210000 7.43926000
1556 7.83941000 -6.33137000 -2.96044000
1557 -14.25160000 21.20630000 7.13331000
1558 10.00390000 3.97720000 -2.98810000
1559 -15.06260000 -1.11901000 8.53059000
1560 -8.54028000 -31.48500000 14.52250000
1561 4.74990000 4.07168000 -4.77993000
1562 -5.34772000 -0.10605500 -1.20408000
1563 -4.05172000 1.42160000 -6.29113000
1564 4.61139000 -11.16660000 -16.78630000
1565 1.19369000 -3.39767000 1.07740000
1566 2.52254000 -4.91022000 7.81778000
1567 22.92150000 -19.46850000 -3.38752000
1568 0.90368700 -4.17000000 7.92104000
1569 -6.38080000 -5.22739000 -2.34995000
1570 -6.36528000 55.34290000 -1.41888000
1571 -0.27551800 -17.91500000 6.12361000
1572 4.12926000 -2.13919000 1.23595000
1573 -2.54350000 -14.76380000 12.92030000
1574 -0.63063600 8.55216000 -3.79068000
1575 0.97382700 -3.85119000 -0.31421500
1576 -1.41322000 0.94610400 -11.17680000
1577 5.23153000 -2.25370000 0.02780010
1578 29.13040000 17.85850000 -39.50130000
1579 -2.49330000 4.57203000 10.52530000
1580 1.90047000 0.50761500 3.80669000
1581 -5.73581000 -20.19360000 -16.78690000
1582 34.03540000 30.86950000 33.89220000
1583 -26.76750000 -19.26580000 -4.93106000
1584 -11.09310000 -22.31280000 -12.38050000
1585 89.07690000 104.50500000 -22.04840000
1586 2.64051000 11.56930000 -21.76500000
1587 -17.02730000 15.17970000 17.52710000
1588 12.49950000 -16.91150000 -13.99440000
1589 -2.29185000 6.06221000 3.97723000
1590 -12.19980000 7.07390000 8.21418000
1591 18.59160000 -18.40170000 -6.05769000
1592 -0.13621200 -4.72655000 -1.81802000
1593 -6.01448000 12.15130000 1.17150000
1594 -13.53000000 -3.62946000 -15.97180000
1595 -1.62817000 -0.54664600 -0.45255500
1596 -9.59296000 14.69810000 6.69396000
1597 6.62258000 7.23507000 -10.11730000
1598 -3.07411000 -0.00449870 2.99823000
1599 0.67629700 5.45986000 9.23525000
1600 24.38510000 -16.64970000 36.97520000
1601 -1.65846000 -0.84266200 -10.30750000
1602 -5.02299000 4.36591000 -2.87083000
1603 -24.00340000 4.74351000 -38.55050000
1604 -1.61256000 -9.55760000 -1.76964000
1605 3.20202000 -1.66652000 -0.20438400
1606 -18.10740000 1.34195000 30.64850000
1607 1.47525000 6.40316000 -1.10232000
1608 3.10309000 3.10247000 -1.43668000
1609 14.41810000 5.11229000 15.64310000
1610 4.19394000 -5.13203000 -0.97259800
1611 0.27637000 -7.34609000 -16.96520000
1612 -2.20778000 4.32657000 5.28923000
1613 5.53064000 0.63520000 3.10926000
1614 -1.94664000 -0.21041700 -2.85270000
1615 5.28706000 16.05210000 -33.04970000
1616 2.45117000 0.49648200 -2.29103000
1617 4.81392000 3.02681000 6.29021000
1618 -1.31593000 -16.41660000 23.87850000
1619 7.46332000 -1.39611000 -1.85051000
1620 1.92221000 -5.44497000 1.11761000
1621 -9.85364000 16.24030000 18.42900000
1622 -3.69302000 -14.74390000 -13.24110000
1623 -2.50223000 -4.57594000 1.38052000
1624 -6.30609000 1.33938000 -11.13530000
1625 7.77116000 9.29260000 -0.68179500
1626 -7.64122000 21.20330000 -0.42292800
1627 1.27286000 -1.71817000 0.92187900
1628 -4.73053000 -4.21304000 3.16040000
1629 -21.67160000 -63.13100000 10.90610000
1630 -16.37860000 -6.59404000 -2.12076000
1631 0.09597900 -26.93670000 29.17700000
1632 -5.62956000 -1.09304000 -0.01112020
1633 1.64051000 27.22550000 50.68510000
1634 4.41351000 2.09651000 1.59550000
1635 14.70510000 -6.31248000 -20.48790000
1636 -25.68400000 16.55980000 -57.23830000
1637 -3.69770000 -9.33958000 -6.85845000
1638 10.30950000 -8.58927000 -7.07924000
1639 -29.10450000 2.84610000 25.95790000
1640 9.72488000 -8.14930000 6.12236000
1641 54.07470000 0.54513200 13.26040000
1642 2.71625000 5.81555000 -7.56474000
1643 -5.90289000 6.23725000 11.00120000
1644 -9.28253000 -9.44259000 -9.85138000
1645 0.50145000 2.53371000 2.24002000
1646 -8.03057000 0.83202200 -3.98798000
1647 -5.88858000 -13.61260000 11.32440000
1648 -8.22903000 -2.85454000 36.53590000
1649 9.57205000 3.93134000 -4.46618000
1650 1.60823000 0.68503100 1.20657000
1651 2.03174000 -20.09390000 -30.62780000
1652 6.81436000 11.07220000 1.55432000
1653 -7.17110000 2.14348000 -7.41094000
1654 -2.73471000 19.03460000 38.93640000
1655 5.30039000 -0.18490000 -4.71409000
1656 -2.63890000 -9.86521000 -6.96894000
1657 -4.05770000 15.36020000 -19.33710000
1658 1.02702000 -11.09080000 -3.57490000
1659 6.14792000 -0.04470490 5.82491000
1660 -6.05255000 -2.25098000 2.20640000
1661 2.22337000 4.31100000 9.49541000
1662 -5.14950000 26.35450000 -30.15360000
1663 -9.71048000 10.53250000 -5.33609000
1664 -4.39154000 -3.36017000 0.84338700
1665 0.85151600 -1.02674000 6.26254000
1666 43.67220000 -18.42080000 13.85630000
1667 -100.33500000 -43.49410000 -33.78500000
1668 8.47085000 6.24731000 11.17910000
1669 6.74936000 31.70190000 -57.00510000
1670 6.70495000 -4.09644000 2.17788000
1671 -0.33967200 9.05477000 -42.94770000
1672 -9.55943000 -1.45599000 57.69270000
1673 -7.32905000 0.86626100 -11.98490000
1674 4.36265000 3.28618000 3.51567000
1675 7.01100000 -3.46513000 -12.33030000
1676 -1.85222000 -5.41296000 2.02556000
1677 28.83080000 11.59950000 -10.28760000
1678 -0.52199700 -4.03374000 1.07115000
1679 -14.53730000 -5.68440000 3.54552000
1680 -3.78005000 -24.96560000 6.79274000
1681 -0.83896700 18.52020000 4.27904000
1682 -3.69602000 4.72632000 -8.50535000
1683 1.87083000 -1.74061000 10.85630000
1684 -40.64330000 26.87230000 -11.92890000
1685 20.48350000 -11.85720000 15.97730000
1686 -0.65215600 -3.45205000 3.14538000
1687 11.93740000 -48.08370000 -3.41972000
1688 -0.18329600 6.32435000 4.14539000
1689 6.39604000 4.88316000 0.09858020
1690 12.81210000 9.58758000 -19.86990000
1691 -1.26781000 6.66439000 2.41940000
1692 -4.34363000 7.21998000 -5.69234000
1693 -11.71330000 0.73737900 14.44330000
1694 5.96341000 5.61963000 -2.26900000
1695 -3.98996000 3.05355000 -2.51642000
1696 2.59791000 -0.37511900 2.08288000
1697 1.07009000 -6.70232000 -8.00280000
1698 4.13598000 15.61230000 50.78430000
1699 0.99119200 5.13787000 0.73213400
1700 4.40182000 -2.56981000 -3.86293000
1701 -11.17710000 -20.69870000 -59.51010000
1702 -0.80497900 51.34210000 -13.29790000
1703 1.50117000 -89.57530000 9.53942000
1704 -3.55364000 -30.65350000 -3.12890000
1705 101.75600000 32.83090000 56.02940000
1706 12.99210000 4.33295000 -0.77933000
1707 -9.31217000 29.53300000 -11.65600000
1708 -13.75130000 -4.61332000 -0.99182900
1709 1.52589000 -10.60170000 7.97142000
1710 6.55709000 -1.19424000 1.33839000
1711 47.71890000 22.81750000 -9.50921000
1712 -0.40503500 -7.66347000 14.26160000
1713 -23.92210000 -6.54523000 17.25080000
1714 -3.04813000 7.04325000 -0.12303100
1715 -1.36966000 -1.52784000 2.61694000
1716 -1.74803000 -33.31500000 -0.23288800
1717 0.56174000 9.73638000 -5.51812000
1718 0.57429200 9.62677000 5.96003000
1719 1.05670000 4.50548000 -3.65419000
1720 6.01902000 -8.77145000 -18.62000000
1721 4.23643000 0.36545800 -6.93676000
1722 -4.05819000 1.11508000 2.03179000
1723 -27.71850000 -17.72880000 -12.47260000
1724 9.79338000 0.22699700 -3.16049000
1725 -2.42907000 13.84170000 12.00960000
1726 -10.97810000 7.00339000 8.02024000
1727 5.63257000 -0.27846200 -2.14255000
1728 -3.83402000 2.09144000 -8.88667000
1729 7.87522000 12.08030000 -6.81899000
1730 0.69101000 -2.75773000 8.06582000
1731 -4.28096000 -3.73447000 4.86226000
1732 7.39641000 -5.99347000 -3.94631000
1733 -1.55369000 3.18654000 -2.02415000
1734 38.83830000 14.93960000 -6.23489000
1735 -15.78010000 -7.54329000 1.45616000
1736 -0.08722790 -2.40851000 0.71230400
1737 -42.08960000 -8.92536000 24.76750000
1738 22.84680000 12.12910000 -22.59470000
1739 0.90496800 -3.90414000 19.52470000
1740 28.15110000 -82.62650000 -37.86030000
1741 0.96523000 63.72010000 -2.33448000
1742 -8.58695000 5.34705000 -19.02740000
1743 2.34417000 0.76121300 -9.68257000
1744 4.57188000 14.81690000 16.11420000
1745 -1.72270000 -5.32274000 -6.66683000
1746 -6.68285000 0.57555000 -7.23157000
1747 -27.49360000 -28.80240000 -2.51915000
1748 7.36934000 -4.53148000 -2.33303000
1749 10.03070000 5.62052000 5.46446000
1750 9.76507000 32.46710000 -6.27780000
1751 -4.50646000 -8.02122000 1.22072000
1752 3.27683000 -4.33534000 0.49113100
1753 19.27820000 -11.25080000 -25.98560000
1754 -7.16582000 0.03971640 5.45001000
1755 9.97053000 12.84330000 -2.87983000
1756 -20.50170000 -7.94263000 11.36390000
1757 -12.29040000 -0.52974600 12.78800000
1758 6.48366000 4.08296000 3.53880000
1759 -12.36800000 -8.88417000 1.02764000
1760 -1.80655000 -0.11630500 6.61977000
1761 -3.66192000 3.39447000 0.92444600
1762 22.75370000 6.20907000 -18.44180000
1763 3.04682000 -3.17294000 4.55638000
1764 6.60605000 4.87725000 -0.41809800
1765 -16.35710000 -1.45129000 -7.11332000
1766 8.61872000 -4.11188000 7.77329000
1767 2.08774000 5.70310000 -2.74955000
1768 3.22511000 4.87538000 -1.57168000
1769 2.08410000 -1.52510000 -3.33333000
1770 4.29027000 2.56021000 2.51328000
1771 21.49060000 -4.12285000 0.59413100
1772 -7.48292000 -2.00007000 -7.61391000
1773 -3.02409000 1.32472000 -0.15195800
1774 -21.91320000 7.81577000 5.57252000
1775 -9.00900000 -12.33310000 -0.75315800
1776 4.71247000 7.85112000 2.24988000
1777 9.66999000 -28.65830000 15.55600000
1778 4.65627000 9.27511000 3.34465000
1779 -3.43613000 9.83577000 -6.45749000
1780 -3.35133000 3.42788000 -4.87583000
1781 4.99210000 -9.50889000 14.52400000
1782 16.33750000 31.08900000 -15.42190000
1783 -3.55378000 -14.09670000 -1.05546000
1784 2.12655000 5.17533000 1.43821000
1785 -40.81610000 -40.11390000 -31.68650000
1786 36.41860000 6.78278000 24.63340000
1787 4.77078000 -19.99840000 6.37353000
1788 59.81850000 -68.98100000 -3.39406000
1789 -69.97260000 95.33390000 51.38890000
1790 22.82730000 -1.35049000 14.51210000
1791 11.49080000 1.52086000 -7.18603000
1792 23.64730000 0.09207730 16.01900000
1793 -8.36734000 -2.84635000 -1.67060000
1794 -1.08463000 -3.65380000 4.87295000
1795 -4.36890000 1.27417000 5.28090000
1796 -5.05911000 0.78317300 -0.15593100
1797 -5.75218000 3.96398000 2.64191000
1798 -11.31820000 2.92340000 -8.06363000
1799 3.14926000 3.40354000 0.12374500
1800 2.10529000 -7.52020000 -1.98517000
1801 37.79940000 20.07420000 -12.90370000
1802 -6.31313000 8.16793000 4.50307000
1803 -20.18320000 -7.21747000 -1.12897000
1804 -2.20106000 -28.97420000 12.27030000
1805 4.92274000 7.67522000 -0.52539000
1806 -7.84538000 -0.86383300 -1.67265000
1807 35.73840000 16.66830000 -5.53379000
1808 1.22059000 -2.57396000 0.54760900
1809 -13.23140000 -1.60047000 1.05783000
1810 -26.42740000 -26.64460000 -9.70384000
1811 1.32314000 2.55705000 2.80325000
1812 4.26597000 3.36800000 12.59820000
1813 22.71280000 41.86420000 66.71250000
1814 11.79100000 4.78692000 -3.38768000
1815 -11.86370000 7.65132000 -9.17602000
1816 -35.04180000 -28.38250000 -53.22140000
1817 -2.58360000 -1.61761000 -10.15980000
1818 10.27580000 1.59712000 6.69281000
1819 -6.31380000 10.95070000 37.02620000
1820 -8.26998000 8.93450000 -7.56261000
1821 -1.60690000 -3.09399000 -0.38775600
1822 -0.49289200 -26.80630000 -17.72620000
1823 11.60640000 0.32772900 0.51526700
1824 -7.42810000 1.13060000 -5.28557000
1825 -10.54040000 -0.24930600 -7.88593000
1826 11.51860000 4.43414000 -0.09612090
1827 2.20631000 -1.22068000 1.26476000
1828 5.37128000 5.32015000 2.99361000
1829 -5.18351000 6.17862000 5.79727000
1830 -22.18370000 -1.28373000 -27.99490000
1831 6.71228000 -0.78571100 14.37580000
1832 11.05970000 -2.57904000 5.58770000
1833 -3.15127000 -4.48234000 42.21570000
1834 39.54370000 4.72579000 -30.39770000
1835 16.46940000 -31.55510000 -26.29900000
1836 27.12060000 -16.79340000 -19.04290000
1837 -53.50090000 84.76070000 -98.07070000
1838 -13.63250000 1.02413000 31.30660000
1839 -21.50820000 -28.97590000 12.85100000
1840 5.64712000 24.41800000 29.11240000
1841 6.98631000 0.40994000 -2.55544000
1842 3.24143000 -5.34834000 -12.11510000
1843 17.26870000 -34.37360000 15.17040000
1844 -13.33940000 4.79587000 -5.74943000
1845 3.52443000 11.66980000 8.22574000
1846 -4.10035000 2.19775000 8.50326000
1847 -1.20623000 5.22117000 2.20585000
1848 -4.81079000 -13.11000000 -1.18732000
1849 6.57751000 -5.69936000 6.07475000
1850 3.54500000 4.81914000 -5.53364000
1851 -4.09169000 7.30239000 -8.20401000
1852 -25.13590000 -13.53410000 -10.45320000
1853 -0.30769900 2.40610000 2.59960000
1854 -0.50823300 -0.48581800 1.63023000
1855 5.60850000 33.13030000 20.65290000
1856 2.36576000 -7.78093000 -14.21160000
1857 8.80507000 -0.35319000 -2.45786000
1858 -4.53269000 -17.96440000 -17.13480000
1859 3.98154000 1.95858000 -1.47854000
1860 -4.00608000 0.77287900 -3.10186000
1861 -24.68790000 13.52680000 -2.09182000
1862 4.05613000 0.24101800 6.88536000
1863 16.77160000 -6.00601000 0.12158000
1864 10.24910000 5.47280000 -2.86343000
1865 -1.14163000 -8.49246000 -3.19183000
1866 -21.03840000 -5.38598000 7.20145000
1867 -7.21754000 -1.09283000 -1.92912000
1868 9.32663000 -2.89526000 3.74995000
1869 -20.70300000 56.96510000 -49.61150000
1870 38.91300000 -33.01680000 53.94010000
1871 6.44349000 -23.77040000 9.55671000
1872 34.39480000 0.10027300 7.81190000
1873 -16.70020000 39.48060000 63.97350000
1874 -24.30890000 -3.39319000 -4.31782000
1875 10.79960000 25.94340000 -26.25950000
1876 13.41310000 -21.99950000 9.40562000
1877 -7.67223000 -5.34636000 20.15000000
1878 -2.30154000 -2.74795000 -0.59991200
1879 -20.91630000 -16.00290000 -9.80094000
1880 2.39364000 -5.14333000 -1.29175000
1881 6.00622000 4.64852000 7.56277000
1882 14.59350000 33.45640000 -15.44330000
1883 -3.63735000 8.92847000 10.19630000
1884 2.94732000 -16.11860000 1.26261000
1885 -11.64810000 -12.36790000 -3.88442000
1886 3.87962000 6.99878000 9.35351000
1887 -8.82704000 9.70056000 1.83726000
1888 14.73790000 2.06099000 -6.80669000
1889 -10.37260000 0.60962800 5.94293000
1890 7.10520000 -8.07003000 1.16007000
1891 -17.96710000 -7.22609000 -2.68579000
1892 2.68949000 -2.19132000 -0.94239500
1893 3.73328000 -5.42860000 2.08169000
1894 13.56450000 17.81490000 -4.41571000
1895 5.49695000 -6.38770000 -5.38124000
1896 -8.39417000 -3.83046000 -7.59333000
1897 -17.28620000 -5.33347000 13.09310000
1898 -1.83487000 -4.61703000 2.73600000
1899 -2.38730000 6.22920000 -2.19509000
1900 22.05740000 -8.35763000 24.44080000
1901 0.57369900 16.25370000 -11.46850000
1902 2.12065000 -1.29235000 -3.03737000
1903 -16.18950000 -6.50429000 -13.98870000
1904 9.70889000 -6.47787000 -4.08729000
1905 0.23795700 -1.82973000 -2.40034000
1906 17.02480000 4.96589000 8.61161000
1907 -0.02050340 11.07020000 0.71326000
1908 -7.47356000 5.73308000 7.23282000
1909 -22.69270000 -12.90260000 -8.25984000
1910 1.34615000 8.92910000 3.42936000
1911 -2.54007000 -0.15038600 2.63788000
1912 -2.28565000 -10.52770000 -17.43990000
1913 7.35967000 -1.85553000 2.00817000
1914 6.79565000 -0.19408600 4.00878000
1915 -23.13820000 16.40440000 -7.21820000
1916 -1.53254000 -0.68981800 0.43965900
1917 7.93172000 -6.43426000 7.49555000
1918 23.29180000 -13.48060000 19.20200000
1919 0.82812500 5.97262000 -0.54789700
1920 -3.25291000 -0.67489400 -3.58791000
1921 -1.77909000 14.99600000 -8.52056000
1922 6.99971000 -10.97100000 2.78230000
1923 -4.36966000 -1.10668000 3.88590000
1924 -23.20640000 28.40320000 -14.51470000
1925 -3.88910000 3.96709000 -0.82144700
1926 9.55435000 -11.81980000 11.48410000
1927 18.95750000 -5.95607000 -0.25261800
1928 3.53452000 3.84796000 -0.81434700
1929 -6.52803000 -4.86279000 -3.98253000
1930 -1.39511000 -2.97300000 6.70911000
1931 -2.47145000 -0.89388600 -3.40576000
1932 -2.86191000 -21.16410000 -49.46830000
1933 3.34121000 9.22413000 5.31303000
1934 -4.35183000 3.23382000 4.53282000
1935 58.50450000 15.04440000 -6.89692000
1936 -60.50950000 11.11260000 51.04300000
1937 3.38071000 -10.68320000 -2.22790000
1938 82.39720000 -30.32260000 -82.39240000
1939 -43.02840000 42.21430000 -10.47530000
1940 -9.41330000 6.58850000 15.26790000
1941 -9.94147000 2.50108000 -1.41470000
1942 -5.38773000 30.69040000 -50.92850000
1943 2.47385000 -10.74450000 13.87850000
1944 1.28540000 -6.81778000 9.88933000
1945 -15.10680000 -4.41629000 20.57060000
1946 14.23640000 -0.93727900 8.02785000
1947 -1.99242000 -10.29530000 -9.55193000
1948 -16.80630000 51.64520000 -21.35410000
1949 21.13060000 -8.27792000 7.18497000
1950 3.62725000 -12.01520000 -3.36034000
1951 8.74981000 -11.54590000 11.26300000
1952 4.90803000 5.61694000 4.67094000
1953 -10.27800000 -7.54426000 3.28570000
1954 3.55306000 -17.41270000 -11.96600000
1955 -3.81476000 4.55452000 6.80873000
1956 3.55613000 5.02890000 -0.29760000
1957 -2.34222000 25.21020000 24.48880000
1958 0.72598100 -2.91786000 -7.83287000
1959 -7.07771000 -0.69911600 -1.86549000
1960 -0.74757100 -13.94110000 -18.31350000
1961 -2.58397000 -3.61011000 -0.28483600
1962 -7.07251000 6.44525000 10.73350000
1963 -5.68284000 -39.50350000 -8.60263000
1964 -3.66599000 -3.24547000 9.79033000
1965 2.38241000 -0.94296900 -3.88368000
1966 32.35710000 32.66800000 -5.59887000
1967 -1.17653000 6.60113000 6.10804000
1968 0.26603200 0.52864500 -3.78434000
1969 -1.47512000 2.10060000 -0.74721600
1970 1.07815000 9.67410000 4.60289000
1971 4.04176000 1.46361000 -0.37266100
1972 -27.67850000 -14.22220000 -48.78210000
1973 21.76010000 -2.19302000 17.65390000
1974 2.31856000 -5.49199000 16.09890000
1975 20.76620000 -16.84690000 8.75119000
1976 -11.08090000 5.33628000 -2.81693000
1977 -11.06700000 7.73138000 4.33394000
1978 -10.86870000 19.50470000 -14.13420000
1979 -3.23144000 -4.57340000 -1.34385000
1980 -4.15461000 3.13230000 -8.73886000
1981 2.09259000 -20.93370000 32.42600000
1982 6.39010000 -5.01137000 -1.01427000
1983 -7.32627000 -2.41092000 0.69581000
1984 16.76890000 11.30180000 -23.98140000
1985 2.33084000 2.71885000 -2.70713000
1986 7.15193000 0.85280600 10.51890000
1987 -11.95140000 9.20890000 -3.61618000
1988 -3.62540000 2.40209000 5.73270000
1989 -1.18236000 -3.29968000 9.28944000
1990 17.18300000 -10.74490000 -7.66130000
1991 -6.82751000 7.39501000 4.18085000
1992 0.59345000 3.53384000 2.40445000
1993 3.42366000 18.39680000 5.54051000
1994 -8.83906000 -1.75976000 -3.65939000
1995 -4.76850000 -2.53826000 -7.85242000
1996 5.31859000 -17.64110000 -0.33121700
1997 -0.11987500 -4.64774000 -9.38009000
1998 -0.75805600 -20.25530000 8.82344000
1999 2.56646000 12.16270000 -2.23365000
2000 -10.59480000 -3.38662000 6.04793000
2001 0.01840990 1.26629000 -15.84730000
2002 10.61360000 -13.03940000 32.25760000
2003 51.48230000 -16.93780000 -5.40385000
2004 56.87630000 -7.81531000 27.60360000
2005 -65.66180000 53.62760000 42.98770000
2006 -24.33380000 -25.54470000 4.14474000
2007 10.48130000 -24.08850000 37.33560000
2008 15.61680000 20.06820000 -39.46700000
2009 -12.62450000 -8.01318000 7.86609000
2010 14.65790000 3.22081000 -0.94068200
2011 2.78442000 3.52820000 39.35590000
2012 -0.68551700 1.26873000 7.40605000
2013 -4.83655000 -6.29976000 0.53965800
2014 -28.96210000 12.61560000 11.74910000
2015 10.04470000 18.62930000 -10.88730000
2016 -4.82453000 5.92173000 -5.95261000
2017 29.08350000 -26.76960000 -2.61008000
2018 -2.69265000 7.97304000 4.06915000
2019 -2.71219000 -4.93098000 0.92290200
2020 -35.04280000 -15.96540000 -32.23360000
2021 -1.30557000 8.40594000 2.91118000
2022 0.52652300 -0.46577200 -0.07959070
2023 18.96720000 11.96410000 9.37342000
2024 -1.24028000 -10.75060000 -7.91240000
2025 -0.80417900 -3.85550000 2.92175000
2026 19.26310000 -1.34684000 37.00760000
2027 -6.60096000 -2.63439000 -15.99950000
2028 -8.88520000 -3.52484000 -7.39877000
2029 -0.32637100 17.51520000 10.36770000
2030 -1.33691000 1.19867000 8.41356000
2031 10.28170000 -3.35839000 13.15180000
2032 8.21729000 -13.43320000 -41.88950000
2033 -5.86122000 1.00793000 -0.74744400
2034 -1.76087000 4.72889000 5.23069000
2035 -33.36780000 7.92558000 -13.41520000
2036 4.30384000 -8.32823000 6.40763000
2037 -4.37414000 -4.12028000 1.39306000
2038 -1.34962000 -5.24048000 10.34360000
2039 4.43146000 -3.31524000 2.85200000
2040 9.23640000 11.07400000 -15.30960000
2041 5.12072000 5.08458000 16.18280000
2042 5.94749000 -2.88904000 -6.16009000
2043 -6.59542000 0.33167100 -7.44283000
2044 5.12818000 0.40869400 1.40380000
2045 5.74083000 -6.92981000 -6.18262000
2046 -13.31380000 20.41350000 -14.16160000
2047 -3.60785000 1.26530000 -5.63139000
2048 1.01750000 -1.72719000 9.28838000
2049 25.14720000 15.02840000 34.58090000
2050 -47.48610000 6.05236000 -5.02915000
2051 6.29783000 -2.16101000 -4.27483000
2052 23.10400000 6.91197000 1.05424000
2053 -75.05070000 -22.83240000 -57.35320000
2054 -8.44527000 11.95500000 -5.49600000
2055 -2.26074000 33.17700000 8.00185000
2056 12.95970000 1.66355000 23.82300000
2057 -0.13426700 2.82349000 -2.69532000
2058 -2.38335000 9.73097000 -5.42984000
2059 -28.47400000 -25.65640000 -13.63580000
2060 9.95872000 4.92199000 5.78658000
2061 6.60001000 7.40812000 -8.48355000
2062 11.37530000 -9.19692000 -0.11765000
2063 -4.83150000 5.32368000 -5.00051000
2064 -13.77650000 -3.17524000 -0.93248600
2065 5.66001000 26.02720000 -7.00861000
2066 1.77001000 -7.92760000 -6.38328000
2067 0.34572300 -6.98954000 1.58061000
2068 -23.89750000 -28.64740000 -1.60867000
2069 3.22784000 -2.74477000 5.43967000
2070 8.32662000 8.23973000 13.74660000
2071 12.75560000 9.71725000 8.47775000
2072 4.73574000 -1.38817000 1.89841000
2073 -0.72757000 1.83953000 -3.73939000
2074 -25.91620000 -19.12570000 -18.17780000
2075 16.09440000 0.03293230 19.64550000
2076 6.41903000 13.31580000 -9.53241000
2077 4.53610000 8.17435000 5.46397000
2078 -6.50246000 -0.61973000 3.28212000
2079 9.42010000 2.81808000 -1.05970000
2080 7.20767000 8.71558000 -18.48190000
2081 4.91070000 6.76810000 -6.55378000
2082 3.92105000 -4.89409000 -0.69428100
2083 10.05510000 -23.36580000 31.77890000
2084 -13.26790000 5.16869000 -4.76447000
2085 -8.67338000 2.60062000 3.45497000
2086 -3.33046000 5.70306000 -15.24820000
2087 1.09253000 3.74439000 -4.35609000
2088 2.11147000 -2.19393000 6.30092000
2089 -19.72020000 3.55054000 -6.20939000
2090 8.98736000 -0.76616100 10.44530000
2091 2.42245000 -6.77175000 4.83850000
2092 13.54610000 -4.52391000 2.28748000
2093 4.64674000 6.14902000 -4.30560000
2094 -4.21572000 1.10362000 -2.41012000
2095 -36.25590000 15.02900000 -6.69843000
2096 -2.23520000 9.47222000 -5.39375000
2097 -3.61393000 -5.20003000 3.94504000
2098 40.54990000 -8.07565000 3.68889000
2099 3.07758000 -8.98575000 0.91329400
2100 -5.63404000 -7.02457000 1.41648000
2101 33.17460000 4.82347000 -8.91290000
2102 -13.22180000 -4.94073000 7.69441000
2103 -15.68110000 -3.36333000 -1.66376000
2104 -10.51810000 31.81020000 3.19215000
2105 -6.70376000 -4.48661000 6.51685000
2106 7.32621000 -8.60526000 -3.42536000
2107 -2.32579000 -23.81020000 -28.73120000
2108 0.25587500 3.38086000 2.87490000
2109 4.68535000 10.26290000 8.35068000
2110 -8.10621000 2.33040000 11.44870000
2111 2.46201000 -16.98600000 -6.62958000
2112 -17.35970000 45.95000000 15.50020000
2113 5.64419000 -2.43617000 -0.05345910
2114 -13.98500000 -2.74031000 1.83884000
2115 28.12140000 -54.90210000 10.81880000
2116 -65.28650000 22.21780000 -24.91020000
2117 54.54980000 -15.01710000 4.91194000
2118 162.78800000 -129.57700000 144.31200000
2119 -13.51490000 60.88490000 -16.82300000
2120 -5.67814000 -8.69653000 4.05929000
2121 -14.13250000 -51.11060000 11.95170000
2122 -18.55270000 -3.09796000 24.60170000
2123 3.37807000 -9.11393000 -0.10739000
2124 -0.99344500 -11.06880000 1.09713000
2125 18.95720000 10.56340000 17.44750000
2126 2.54017000 -6.13877000 -25.28810000
2127 5.07595000 5.89596000 5.09346000
2128 -14.68720000 -0.72562100 -4.95301000
2129 4.14008000 2.24508000 5.36090000
2130 3.66302000 3.13442000 -4.85479000
2131 -9.39351000 -2.75028000 -3.95898000
2132 3.15068000 5.22050000 -1.84948000
2133 7.95206000 6.06151000 -7.34044000
2134 57.37350000 -38.20600000 27.00580000
2135 -13.95360000 5.32777000 5.80660000
2136 -18.43390000 -5.25797000 -6.19191000
2137 -44.09510000 39.24600000 -29.94940000
2138 4.36370000 -9.38440000 5.98033000
2139 4.05820000 3.47054000 -2.08173000
2140 22.64310000 -5.81767000 -15.50590000
2141 -0.76740200 12.87720000 2.09714000
2142 -8.97120000 1.44546000 7.49969000
2143 -14.13610000 -5.37397000 2.24637000
2144 4.16310000 -1.76552000 0.11054700
2145 5.62653000 -4.84369000 4.20837000
2146 6.56791000 9.55918000 13.17150000
2147 0.30764400 -2.85865000 2.37290000
2148 1.66794000 -1.30872000 1.96559000
2149 -8.68799000 -14.41200000 -25.81820000
2150 -6.98150000 7.65690000 3.00572000
2151 4.34243000 -0.52788600 3.99501000
2152 11.20480000 3.22020000 0.90216600
2153 -4.12603000 -2.66780000 -0.85472700
2154 3.02687000 2.91009000 2.21477000
2155 -17.21820000 8.28875000 6.65136000
2156 -0.89312500 -6.25022000 5.07784000
2157 3.78105000 -4.93448000 1.46106000
2158 29.84870000 14.76540000 -33.92500000
2159 -4.27858000 0.72602600 4.15214000
2160 -2.66700000 3.59580000 -4.34544000
2161 -23.63230000 -33.53030000 51.81480000
2162 1.77727000 -3.45137000 -4.99051000
2163 3.32125000 1.02722000 -2.84466000
2164 4.23767000 48.14820000 -15.97940000
2165 -8.24817000 -7.23800000 4.07016000
2166 -7.87477000 -16.79060000 -2.57441000
2167 -9.52480000 15.78440000 -24.59560000
2168 2.83329000 8.99467000 -4.50093000
2169 0.66394300 5.39282000 -3.38503000
2170 20.93250000 -22.45130000 35.94980000
2171 0.17411800 5.18519000 1.54260000
2172 3.05020000 -0.42355400 -9.73455000
2173 -0.32289500 -4.63404000 -26.47460000
2174 -0.44689900 0.81397600 9.15993000
2175 -6.10887000 -0.87093900 11.51860000
2176 1.26340000 -11.03890000 5.04297000
2177 -2.10474000 9.34296000 2.10791000
2178 16.64660000 -21.76200000 3.34636000
2179 -2.08159000 -2.48242000 0.96702700
2180 3.58025000 6.29274000 -4.18927000
2181 38.37980000 -14.57110000 10.53540000
2182 -58.74410000 1.31794000 10.74800000
2183 51.06820000 -37.16990000 -24.34080000
2184 38.11160000 -11.13950000 -2.95739000
2185 -135.07200000 164.24000000 -151.57700000
2186 -27.96250000 -20.63700000 4.75727000
2187 -17.51400000 -8.76508000 30.39580000
2188 0.25787100 -38.07540000 -49.32740000
2189 -0.80959900 13.01290000 -5.00884000
2190 7.65359000 2.31697000 1.98676000
2191 45.74680000 37.58320000 17.41010000
2192 -7.53241000 -1.73199000 -0.77390400
2193 -31.89480000 19.44450000 -9.31152000
2194 3.80635000 -3.52179000 1.61747000
2195 14.82020000 -6.30945000 10.63600000
2196 -11.19310000 -2.85434000 -26.01870000
2197 7.00061000 1.58234000 9.14678000
2198 0.43859400 -2.41722000 -2.74935000
2199 -0.85531700 -7.23942000 5.15926000
2200 -3.31470000 -30.69540000 6.89041000
2201 0.16370400 2.87188000 -1.44770000
2202 -13.30350000 6.98886000 7.33502000
2203 -27.05980000 16.96550000 -5.25320000
2204 9.37513000 -2.79547000 0.76364300
2205 8.65843000 -1.61149000 3.07663000
2206 20.03550000 9.21996000 -30.88920000
2207 -6.51848000 -4.20502000 0.55743100
2208 -2.37239000 -0.15714100 19.84980000
2209 17.06430000 -12.32800000 8.38161000
2210 -4.91440000 1.34159000 -5.03949000
2211 -6.82905000 3.41526000 9.82604000
2212 -2.14010000 2.38953000 0.64279800
2213 9.87162000 6.27458000 5.51678000
2214 14.61320000 11.61280000 -33.65410000
2215 -8.05898000 4.00760000 7.24755000
2216 -7.34334000 -4.37938000 -14.11400000
2217 -3.15249000 -18.54280000 68.74670000
2218 -53.45880000 68.58770000 -57.76080000
2219 60.27940000 -5.18213000 -21.84480000
2220 34.03070000 -35.87850000 0.21780600
2221 -65.40520000 16.77820000 6.92039000
2222 -8.17136000 15.42360000 -1.01962000
2223 -1.75157000 -15.88860000 2.84072000
2224 -13.14460000 51.76370000 -21.22250000
2225 1.32716000 -9.14858000 9.64178000
2226 -0.15675500 8.23010000 2.20742000
2227 -13.58640000 -12.89200000 2.44427000
2228 3.54840000 -4.56319000 3.89319000
2229 11.08660000 12.50510000 20.15410000
2230 6.85814000 -6.84210000 -12.41530000
2231 -7.34024000 4.43201000 -4.80876000
2232 10.47330000 -31.77610000 -18.54770000
2233 3.24054000 6.34158000 6.81811000
2234 -3.34292000 4.95493000 -0.21111100
2235 -5.65080000 3.70610000 9.21322000
2236 12.85570000 17.09920000 14.14740000
2237 13.27530000 -9.05341000 4.84800000
2238 3.12283000 -4.00036000 -14.33440000
2239 -22.28010000 -4.61978000 -2.51870000
2240 -4.55181000 -3.78996000 7.23245000
2241 -2.31414000 7.97982000 14.99620000
2242 26.19850000 -0.13166000 2.21170000
2243 2.73557000 -1.75976000 -2.12287000
2244 3.93713000 1.63815000 5.98768000
2245 -21.29190000 0.78290600 -15.21320000
2246 1.08845000 0.63737100 -3.15042000
2247 0.16872000 -2.59330000 -2.05058000
2248 -6.95264000 0.45186200 -6.72806000
2249 4.10102000 10.10180000 7.61801000
2250 -12.50790000 7.17499000 -26.43780000
2251 6.82975000 -4.57130000 4.95091000
2252 -0.15979700 4.27784000 4.98126000
2253 55.86880000 -11.47600000 32.44880000
2254 -42.38850000 -5.47543000 -39.09850000
2255 0.40904500 -9.50278000 -10.61920000
2256 21.18050000 -43.57350000 -11.64200000
2257 -61.66050000 34.51340000 77.23140000
2258 -12.45550000 -25.95920000 -24.65680000
2259 16.95190000 12.54960000 21.28490000
2260 -12.82750000 -7.82728000 -38.96780000
2261 -2.29755000 -2.52611000 -0.15551500
2262 -2.10162000 4.34127000 3.71491000
2263 -2.86824000 -23.36270000 19.23880000
2264 -2.77260000 9.58569000 -9.91239000
2265 -2.25413000 15.69520000 -3.80255000
2266 3.63408000 4.23094000 7.64734000
2267 -2.92161000 1.62986000 -0.98114600
2268 8.52208000 -0.96397800 16.86520000
2269 5.04189000 -0.04023130 -4.32036000
2270 -3.79069000 -0.54479700 -13.55230000
2271 4.10833000 -3.68558000 2.47391000
2272 1.47378000 -5.63457000 -8.39844000
2273 3.36272000 -4.73179000 9.78893000
2274 -10.35560000 6.13541000 0.85998400
2275 5.89422000 28.27050000 0.43852800
2276 -0.71793600 -14.55240000 -0.45536600
2277 8.39267000 -0.74410900 0.50472300
2278 -2.47010000 -20.13720000 2.45284000
2279 0.45584700 -0.53343100 7.03110000
2280 3.14605000 17.15000000 -0.77095600
2281 -32.04070000 -6.51944000 8.88744000
2282 17.44390000 4.80089000 -16.95930000
2283 -3.46351000 -8.66640000 -2.66770000
2284 4.45787000 -4.76863000 7.54352000
2285 -0.35082200 -9.04669000 -2.05447000
2286 1.87274000 10.46540000 2.04627000
2287 3.00579000 10.90820000 0.37950200
2288 6.48524000 -2.12766000 -5.36052000
2289 -48.68170000 -27.96980000 -18.83620000
2290 10.94360000 3.49419000 0.27874200
2291 34.54220000 -74.61790000 36.68100000
2292 3.38190000 -10.94240000 -2.09228000
2293 -5.21928000 49.64740000 6.07191000
2294 6.13556000 9.68096000 -10.45190000
2295 2.92093000 -5.48695000 -20.12680000
2296 -11.87070000 1.70773000 51.88210000
2297 0.71511300 4.34367000 -1.33351000
2298 -2.00782000 -3.69320000 -1.71237000
2299 -15.62060000 7.27975000 10.91720000
2300 9.02110000 -6.72113000 5.38779000
2301 0.30483000 -0.17620400 0.84480100
2302 13.22680000 -2.45150000 -12.00020000
2303 -2.26146000 -0.40058900 2.29681000
2304 -2.00619000 1.00841000 5.98867000
2305 26.87260000 -33.93650000 -6.64714000
2306 -5.93547000 17.47760000 3.24542000
2307 -8.13881000 0.62465400 10.52730000
2308 -17.96120000 15.39220000 -15.75630000
2309 2.07139000 8.87592000 6.75043000
2310 2.34140000 -5.04190000 6.22131000
2311 6.21222000 3.36635000 -18.39340000
2312 -1.77521000 -0.15360200 5.95039000
2313 -1.15353000 -5.16621000 -1.21469000
2314 14.42480000 19.58940000 2.79879000
2315 -1.60367000 -4.65387000 -0.94305000
2316 -5.50157000 -11.16570000 -1.76166000
2317 2.39975000 -16.61930000 17.96030000
2318 4.71087000 8.87383000 2.22083000
2319 -14.20340000 6.84080000 -1.24811000
2320 24.26170000 -28.23950000 -21.83330000
2321 -10.31590000 5.02762000 8.28032000
2322 3.17866000 9.99989000 0.39178300
2323 4.10381000 30.80900000 -13.11210000
2324 -4.79641000 -0.34376800 -7.91030000
2325 7.81125000 -10.65600000 11.06540000
2326 -24.16820000 -21.09610000 41.49710000
2327 -0.37206200 -0.39181600 1.65295000
2328 4.38746000 5.82430000 2.82477000
2329 2.36185000 3.28033000 -45.69300000
2330 -11.87910000 5.74587000 5.73644000
2331 10.40050000 -9.04219000 -1.08205000
2332 -5.93184000 7.91054000 5.58794000
2333 4.77281000 -0.24436800 -3.21778000
2334 -10.21870000 29.31430000 2.72225000
2335 -6.19994000 2.97209000 6.96976000
2336 8.88117000 -11.34880000 4.01820000
2337 22.34940000 -43.32050000 -16.76990000
2338 0.59673900 41.79090000 -27.63440000
2339 4.01390000 -16.96430000 12.02720000
2340 10.82790000 -19.71950000 -3.65873000
2341 -23.23790000 94.94550000 -0.88261100
2342 -8.26175000 -6.58636000 -14.47340000
2343 -0.45786200 21.15280000 -4.25319000
2344 -5.98299000 -48.78530000 17.74240000
2345 -0.99852900 8.73772000 0.87787800
2346 -2.39743000 -1.73972000 -7.93702000
2347 19.92130000 44.64970000 4.09893000
2348 -5.33114000 -0.87392300 -1.25609000
2349 -21.21310000 -7.41325000 33.41610000
2350 4.31665000 10.64100000 -4.49598000
2351 9.60550000 -12.36040000 5.36430000
2352 5.64277000 9.90840000 -41.37940000
2353 -0.98611200 -1.69884000 2.64135000
2354 -0.50052400 0.01430230 4.05427000
2355 4.94848000 -0.78145800 2.06682000
2356 16.02040000 -24.66200000 -5.18531000
2357 -10.83090000 6.55961000 -6.86082000
2358 -2.86646000 9.59348000 3.09900000
2359 -28.12990000 -17.76580000 3.85475000
2360 6.61855000 8.32038000 -6.99891000
2361 2.68900000 -3.09210000 2.50321000
2362 31.50370000 18.24120000 -11.17580000
2363 2.57304000 2.68702000 0.40972900
2364 1.21584000 -4.91888000 2.12046000
2365 -14.24570000 -5.37415000 16.06980000
2366 -2.30108000 1.08774000 -0.89709300
2367 -8.35195000 -4.62740000 -1.36969000
2368 1.02964000 -2.30538000 -2.57336000
2369 -2.13228000 -6.72872000 -18.42830000
2370 18.93850000 19.96790000 14.24800000
2371 -9.96210000 7.80432000 11.95520000
2372 -7.86533000 -12.80770000 10.05960000
2373 38.64270000 -18.00460000 -17.80860000
2374 -12.90150000 -17.99210000 12.69140000
2375 18.40330000 -33.75050000 22.85700000
2376 2.76609000 7.42907000 14.24900000
2377 -32.93240000 -12.52040000 -48.98040000
2378 -7.54883000 18.32810000 21.30850000
2379 9.35759000 25.38320000 15.02780000
2380 1.76677000 -16.24270000 -12.19720000
2381 5.41840000 4.94103000 26.25390000
2382 -16.89140000 14.46280000 9.69625000
2383 -27.76020000 -44.83190000 -3.47718000
2384 8.29096000 6.96356000 -0.89668000
2385 -10.36170000 -0.79396400 10.27550000
2386 -1.72077000 12.27470000 -3.72897000
2387 -1.75458000 3.98521000 8.76026000
2388 10.72730000 3.05891000 5.78743000
2389 -3.00287000 -3.94652000 6.90396000
2390 -15.41860000 -4.80865000 -10.31090000
2391 11.47820000 -6.57257000 -15.94330000
2392 31.61110000 1.68145000 -12.80250000
2393 -1.42539000 -0.74997400 -5.07188000
2394 5.95354000 7.01765000 0.51617600
2395 -43.28870000 -18.78440000 13.35180000
2396 19.94920000 1.83574000 -0.79159400
2397 -1.52459000 0.80586000 -3.54635000
2398 19.74330000 28.50870000 -1.39895000
2399 1.73831000 -0.41896100 6.02725000
2400 4.08003000 -13.67440000 2.28225000
2401 -7.31154000 11.72920000 -9.51982000
2402 3.18654000 -2.70975000 4.24194000
2403 2.79214000 0.28018200 -1.14616000
2404 -4.03265000 -0.40221700 -3.27578000
2405 -0.20793200 4.41385000 3.78909000
2406 20.49690000 5.21711000 3.45999000
2407 -4.81916000 -6.27724000 -3.95885000
2408 -3.60169000 -9.94280000 -4.89067000
2409 8.81193000 3.54952000 -38.02340000
2410 -14.93240000 9.81813000 10.87240000
2411 6.42202000 -15.20950000 8.10472000
2412 28.09330000 -15.58390000 -13.13520000
2413 -41.09880000 2.02047000 -32.71390000
2414 9.48057000 15.73610000 21.10870000
2415 21.49400000 14.28790000 -0.37993600
2416 -17.15800000 6.57876000 24.68270000
2417 -4.17528000 1.12039000 4.42134000
2418 -5.83854000 -6.85812000 -12.42020000
2419 6.62131000 -12.61300000 -6.96636000
2420 5.52181000 5.56426000 3.78708000
2421 6.83120000 8.58429000 -7.06555000
2422 -44.70380000 -16.55210000 2.21818000
2423 -0.85472500 -7.67242000 2.40603000
2424 -3.61539000 -11.06370000 -1.61456000
2425 62.60870000 49.88430000 4.68944000
2426 -4.38074000 -6.88738000 -7.24251000
2427 -16.42440000 -17.97250000 -5.12260000
2428 -13.53840000 -8.72144000 -5.71278000
2429 6.33335000 4.89421000 7.30798000
2430 -0.98101800 5.72630000 0.64765900
2431 18.52770000 9.27345000 -3.89413000
2432 1.98268000 9.06268000 0.59058200
2433 -2.11408000 -4.49355000 2.60198000
2434 -1.63072000 -1.86474000 -7.55667000
2435 -3.33462000 1.38665000 1.47120000
2436 -3.75836000 -6.68038000 4.48869000
2437 17.22110000 26.78450000 8.57975000
2438 -2.94523000 -6.33237000 8.22718000
2439 -7.25504000 -3.67388000 -2.08937000
2440 4.75048000 22.36000000 -18.60520000
2441 -6.19686000 -2.04545000 -1.00463000
2442 5.72854000 -11.23730000 -3.06174000
2443 0.23968500 18.77120000 4.99213000
2444 -1.26183000 -3.17422000 -0.39135600
2445 4.59551000 -5.06809000 1.42127000
2446 -4.72152000 -11.41460000 -17.31360000
2447 -2.03548000 -8.02145000 3.75972000
2448 1.55820000 -3.93964000 4.57233000
2449 38.79290000 28.37400000 13.92740000
2450 -11.21590000 -6.38562000 7.09512000
2451 -18.71380000 -2.48093000 -9.24289000
2452 -20.31320000 -31.13990000 -11.32170000
2453 6.42907000 -2.46843000 0.57011200
2454 2.26098000 6.25313000 7.36262000
2455 14.86050000 -23.50190000 -14.37450000
2456 -2.38029000 4.65957000 6.35412000
2457 -2.59948000 2.83733000 -1.95066000
2458 -32.82520000 35.05540000 12.39740000
2459 4.23040000 -4.74944000 2.78590000
2460 4.20453000 -10.03700000 -2.16670000
2461 0.90204900 -0.70399700 -7.08487000
2462 -4.40084000 -1.77770000 -4.41946000
2463 1.52523000 -0.10097900 -7.43458000
2464 16.48840000 6.21934000 42.86760000
2465 -3.38665000 -7.62618000 -13.15730000
2466 14.19370000 -8.09197000 -2.09533000
2467 -15.26490000 9.01239000 -3.83235000
2468 10.09730000 -1.89360000 -7.72334000
2469 5.57596000 -11.93070000 6.60888000
2470 -6.34006000 12.92410000 -5.00063000
2471 -3.31524000 -0.35278500 7.15015000
2472 -5.22567000 12.77730000 -43.16740000
2473 0.82274700 -0.57374400 7.81560000
2474 0.93159900 -12.26550000 3.33476000
2475 60.61240000 -24.62600000 82.86600000
2476 -45.25400000 -41.09390000 -6.26782000
2477 5.37241000 -3.26345000 -2.68847000
2478 92.11160000 -120.76800000 37.96050000
2479 2.03178000 17.27850000 -24.28790000
2480 7.13465000 14.75400000 -2.12200000
2481 -22.59460000 -14.31410000 -20.62740000
2482 -18.19080000 10.50100000 -4.11512000
2483 -9.61816000 -8.59804000 7.88917000
2484 1.59900000 4.80376000 1.56671000
2485 -1.06002000 16.55390000 -12.40440000
2486 16.21130000 -5.30562000 -12.62790000
2487 3.02593000 -29.30200000 13.31090000
2488 6.33188000 15.82350000 6.30512000
2489 -5.93402000 2.17647000 5.77037000
2490 0.51282500 13.05720000 14.98680000
2491 0.14267100 -9.86935000 -12.78860000
2492 -9.88658000 5.75814000 -3.83667000
2493 7.04486000 4.73330000 -1.53905000
2494 -43.12720000 -41.35150000 18.43500000
2495 5.81222000 -8.76299000 -8.60388000
2496 -0.90664900 3.57176000 3.87691000
2497 36.51470000 6.58445000 3.56711000
2498 -11.21000000 3.43336000 0.37192400
2499 -10.15260000 -1.97077000 6.24346000
2500 15.74960000 17.83750000 -19.97220000
2501 -14.69230000 -2.92162000 -4.38863000
2502 -1.92601000 6.74855000 1.08298000
2503 3.07219000 -4.54226000 10.36530000
2504 -6.33517000 -1.01778000 -2.09381000
2505 8.22050000 -8.77805000 -4.71119000
2506 7.72059000 -0.08935580 5.18608000
2507 2.93751000 -15.24220000 2.41966000
2508 0.40550600 2.29116000 -19.02610000
2509 5.17319000 -18.21300000 10.67640000
2510 1.96515000 13.43170000 17.17290000
2511 10.30920000 14.73310000 22.74350000
2512 -32.08180000 -18.24820000 -40.02800000
2513 27.98400000 -12.84000000 -35.80030000
2514 11.30200000 -13.61110000 -14.52300000
2515 -98.62780000 168.55000000 -18.13730000
2516 3.44339000 4.74363000 -20.57000000
2517 6.31333000 44.76970000 -22.25620000
2518 -28.43610000 -30.96790000 -14.01310000
2519 -10.18810000 -9.53229000 -1.39270000
2520 -6.94143000 -7.86115000 -9.00739000
2521 1.19543000 4.45708000 56.45860000
2522 2.61755000 0.34304100 -0.91922200
2523 3.44752000 5.54388000 -0.83992600
2524 25.11980000 -6.50746000 -29.42410000
2525 -0.98948600 5.26454000 9.73739000
2526 -0.57132900 3.80717000 -6.07079000
2527 -17.91920000 -22.56980000 42.26300000
2528 -7.39334000 -0.10543200 -6.05213000
2529 2.73883000 -0.74124300 -14.43240000
2530 30.04660000 9.04122000 20.53500000
2531 -3.61968000 1.08008000 7.60325000
2532 3.48750000 0.86325800 -2.48125000
2533 -10.62850000 10.00670000 -48.18260000
2534 -3.87864000 -6.07320000 11.76900000
2535 -7.62690000 -7.70867000 -5.04187000
2536 8.50637000 35.21300000 2.30459000
2537 3.49275000 8.58917000 0.10928100
2538 -9.09837000 -10.68880000 11.95730000
2539 -15.15960000 -16.50360000 1.69253000
2540 -3.25662000 -6.32350000 -0.94874600
2541 2.10891000 -7.52705000 4.90614000
2542 34.34670000 10.87550000 -22.23250000
2543 -7.40553000 1.16849000 4.76349000
2544 -0.22030800 -3.23499000 12.66830000
2545 15.97430000 -1.78133000 16.71280000
2546 -5.27796000 6.08411000 -5.20586000
2547 -8.42538000 -5.58727000 -8.36134000
2548 -11.14060000 0.07711360 -2.15973000
2549 -0.58857400 2.75151000 -4.98698000
2550 2.42259000 -5.55435000 3.46170000
2551 -13.04870000 -21.18970000 -22.19060000
2552 10.63250000 3.86928000 13.75220000
2553 7.27590000 4.44255000 3.83114000
2554 -12.65490000 11.12720000 -20.32270000
2555 -2.01810000 -6.21260000 4.80157000
2556 5.04960000 2.62547000 7.58704000
2557 -26.02980000 6.59879000 -49.67310000
2558 -2.12544000 -7.36174000 14.10270000
2559 10.02970000 -10.49210000 5.78366000
2560 5.13230000 12.18730000 18.87770000
2561 14.14140000 -2.52237000 4.27207000
2562 1.27988000 -7.87292000 -1.00190000
2563 9.83914000 28.10090000 32.78040000
2564 -3.23795000 -11.72370000 -6.43883000
2565 2.35863000 0.42296900 1.90861000
2566 -4.06659000 2.22332000 -17.45800000
2567 -2.85821000 -1.59258000 2.74750000
2568 4.19229000 -3.87542000 0.18738100
2569 -20.10860000 -10.52410000 21.40320000
2570 -1.20345000 7.52735000 -8.06524000
2571 10.57700000 5.81616000 -9.14139000
2572 0.20964300 -5.38382000 -5.21229000
2573 -11.25720000 13.71460000 -0.74716500
2574 6.25402000 -7.67874000 10.90820000
2575 -14.24690000 -15.79160000 -9.31532000
2576 -0.16941600 8.39599000 -1.19114000
2577 29.65360000 0.70447700 40.94600000
2578 -18.41250000 13.62610000 7.33287000
2579 -5.24938000 -39.10670000 -2.33718000
2580 7.94969000 -10.26540000 2.31461000
2581 -75.00510000 7.18817000 32.37150000
2582 7.79737000 25.01770000 7.88254000
2583 36.67880000 17.98580000 11.28230000
2584 -7.49422000 -21.54380000 -29.12090000
2585 -0.02026790 3.70588000 1.28961000
2586 -1.73322000 -2.22924000 -4.46337000
2587 -40.08380000 -4.05738000 14.42650000
2588 -6.26042000 7.69438000 -4.72366000
2589 3.70592000 3.67090000 -3.37178000
2590 1.58174000 1.66750000 0.09153450
2591 13.87380000 8.96696000 5.49892000
2592 16.29200000 -16.52650000 -9.70733000
2593 -2.18468000 -0.11829300 2.65487000
2594 -2.16290000 11.65660000 5.11144000
2595 -4.45840000 4.50314000 -2.14567000
2596 10.87090000 -0.90773300 25.22980000
2597 -2.46233000 -3.00741000 -8.88734000
2598 -0.09087790 6.89451000 -1.40456000
2599 14.03140000 -7.09287000 -13.81010000
2600 -2.73465000 4.46145000 5.00004000
2601 -4.44043000 5.32880000 -0.38039500
2602 -10.41670000 -2.02249000 -23.86150000
2603 -0.55473200 1.90979000 5.21284000
2604 0.29911700 5.03499000 10.99650000
2605 -1.10984000 -13.52860000 -2.68124000
2606 2.48993000 0.10114300 -0.41979600
2607 3.10922000 0.08967930 -0.53745300
2608 2.70421000 3.20767000 4.58214000
2609 0.94992700 -2.23365000 -9.36609000
2610 21.71610000 7.97514000 5.44361000
2611 2.08153000 -0.97298800 -2.68069000
2612 -11.67020000 -1.93468000 -2.87791000
2613 7.11451000 17.81940000 5.51788000
2614 -11.62190000 -3.87052000 13.82550000
2615 -0.69368000 -10.22580000 -12.50430000
2616 3.59670000 -10.88520000 1.33970000
2617 2.11620000 59.89340000 -44.31780000
2618 8.57179000 4.46926000 21.66780000
2619 -3.53454000 -3.87817000 11.24990000
2620 -4.00676000 1.28935000 1.37935000
2621 -0.36335300 -3.54943000 -2.73444000
2622 7.87576000 -2.92135000 4.93526000
2623 -21.42430000 14.35180000 9.95844000
2624 -0.77649100 -3.20292000 -9.42499000
2625 5.03940000 -5.04099000 -6.76904000
2626 -20.42940000 -14.43480000 7.75494000
2627 7.22384000 2.78822000 -6.29450000
2628 -0.15340700 2.93967000 -3.67605000
2629 7.50294000 9.52552000 27.00270000
2630 0.90425400 -1.47765000 -1.76953000
2631 15.79240000 1.34101000 -6.92534000
2632 -26.35390000 -14.29050000 -2.15851000
2633 17.35130000 2.72423000 3.62755000
2634 -8.83131000 9.91480000 -4.75820000
2635 -19.56640000 -17.28350000 2.23339000
2636 13.08910000 4.58541000 -3.67323000
2637 -13.71840000 5.11420000 -7.87953000
2638 -11.76510000 8.00699000 -5.39337000
2639 7.10735000 2.90461000 -2.03281000
2640 15.12310000 -10.05140000 -3.48020000
2641 -4.36229000 8.85563000 0.93113200
2642 6.19355000 -9.55150000 -4.22098000
2643 1.93614000 -10.08540000 5.14459000
2644 4.75358000 33.93220000 5.06496000
2645 -3.59587000 1.04810000 1.53810000
2646 -3.55374000 -2.85214000 0.79364300
2647 35.27660000 -2.61468000 13.96910000
2648 -8.07299000 -5.20285000 1.09816000
2649 -2.50380000 0.60360200 -3.40824000
2650 -4.27801000 -13.03620000 7.46262000
2651 8.66233000 9.12144000 2.04327000
2652 0.25398000 -0.02806250 -1.63612000
2653 -13.30660000 -1.32351000 -21.01620000
2654 2.87362000 0.99551300 3.37815000
2655 -2.12303000 -9.41247000 -4.93126000
2656 24.62340000 2.72290000 1.44059000
2657 1.70834000 8.55466000 3.55788000
2658 5.70243000 2.36793000 -3.06755000
2659 -65.57540000 -8.04324000 10.54480000
2660 9.69477000 8.22209000 0.52935500
2661 -5.41964000 23.54920000 -14.85270000
2662 13.37180000 2.29007000 4.27761000
2663 12.21880000 -1.35430000 3.99877000
2664 9.67969000 -13.99770000 4.13852000
2665 1.25441000 -15.52410000 -3.44182000
2666 -7.94368000 1.78271000 2.52044000
2667 -3.48378000 -0.23318900 -3.45952000
2668 -3.44758000 -32.10170000 12.98770000
2669 9.19111000 7.22707000 -1.15285000
2670 2.09611000 2.27425000 -6.62467000
2671 -6.10235000 25.55770000 2.48454000
2672 4.81386000 0.97197300 -4.08954000
2673 -8.96836000 -4.93784000 0.53263700
2674 -0.49733400 -7.87642000 -4.51899000
2675 1.26248000 13.05220000 12.37060000
2676 28.34980000 15.76560000 -35.84230000
2677 2.73282000 -4.30210000 4.73911000
2678 -6.62738000 -7.88029000 4.61152000
2679 -34.44600000 11.06100000 -25.17270000
2680 5.47593000 31.86830000 45.98470000
2681 -22.71550000 -32.63190000 -25.40110000
2682 0.96344600 -23.09440000 -6.53663000
2683 -24.50850000 -18.38530000 6.67157000
2684 18.08380000 13.28370000 -4.07717000
2685 36.84700000 7.77963000 -2.93302000
2686 -48.06310000 14.58630000 -15.24730000
2687 -3.42572000 -3.00709000 0.32869200
2688 5.85467000 -11.15690000 9.54914000
2689 -16.82610000 -35.37810000 66.78670000
2690 12.51260000 11.00620000 -10.37000000
2691 2.38916000 6.79696000 -48.51500000
2692 3.00381000 -2.16874000 0.90634300
2693 -0.06679950 7.37412000 10.99060000
2694 3.29209000 21.56290000 4.44069000
2695 5.16370000 -7.77186000 1.32134000
2696 -4.72053000 -8.57791000 4.84945000
2697 3.85158000 -2.10354000 4.93581000
2698 8.65780000 8.56651000 3.26519000
2699 -5.24989000 -3.27560000 1.63473000
2700 7.34118000 -8.73244000 -0.31404000
2701 -0.93032100 14.03590000 -15.45080000
2702 4.56519000 3.80392000 -0.50652900
2703 2.93555000 -12.43440000 -3.13977000
2704 -5.86972000 -10.74850000 -5.32142000
2705 1.11712000 -0.33511000 3.64004000
2706 12.13310000 -5.68600000 3.80538000
2707 0.61578700 -7.87057000 -26.77410000
2708 -12.81240000 1.87245000 6.61196000
2709 -0.39969800 14.55700000 10.84250000
2710 2.75688000 2.93815000 8.82488000
2711 -2.31821000 -16.93230000 -7.09429000
2712 -9.86405000 53.94340000 -0.16609500
2713 0.84332300 -1.21524000 1.36276000
2714 7.89795000 -12.66670000 7.21287000
2715 41.63260000 -54.40530000 -41.29750000
2716 -87.67950000 50.55480000 45.98100000
2717 2.98930000 -21.49270000 -14.73910000
2718 46.72730000 -34.46370000 -28.62410000
2719 77.25980000 8.99238000 45.01130000
2720 1.49304000 26.16930000 -28.68870000
2721 -46.60290000 6.81040000 -3.00609000
2722 -3.60856000 4.75283000 6.65874000
2723 6.18431000 -13.97370000 8.49624000
2724 -0.66743900 6.84856000 2.48367000
2725 8.12431000 -4.21939000 16.41620000
2726 3.50810000 -2.58525000 -7.81133000
2727 -8.77154000 -4.96422000 -6.45633000
2728 9.51428000 -3.93174000 -3.85126000
2729 -4.72403000 6.41568000 -2.31278000
2730 -11.64330000 2.51113000 5.42916000
2731 -9.83651000 -18.51340000 -6.51314000
2732 3.00749000 -3.01932000 8.74842000
2733 9.32002000 10.93940000 3.08091000
2734 -5.61344000 12.71050000 -17.87190000
2735 4.99665000 -0.86697000 -2.73605000
2736 -10.18050000 -5.80698000 4.27003000
2737 17.48460000 1.50334000 -11.85680000
2738 2.71822000 -1.20173000 8.62269000
2739 -12.92740000 12.28090000 -0.17206800
2740 -42.54070000 -4.75289000 -8.63128000
2741 5.40146000 1.32403000 5.31931000
2742 20.66710000 -6.38414000 3.20905000
2743 22.28220000 21.25000000 19.32960000
2744 7.23403000 -15.18640000 -11.95530000
2745 2.90274000 -4.87377000 7.18635000
2746 -32.00640000 -2.10482000 1.44881000
2747 5.87250000 -3.90905000 7.27405000
2748 8.27108000 -0.35646500 -9.14239000
2749 -18.74630000 6.33551000 31.50760000
2750 13.38190000 -6.42143000 -4.69273000
2751 4.67504000 -6.77735000 -1.06549000
2752 25.13430000 23.33720000 -15.98080000
2753 -6.73132000 -3.54023000 0.19064700
2754 5.58389000 7.14837000 -13.73060000
2755 -41.32420000 -32.72170000 -15.80230000
2756 5.78484000 7.51646000 2.75251000
2757 14.66700000 0.04698390 7.14862000
2758 2.50080000 0.65670800 1.33370000
2759 -0.54425900 -7.14207000 2.52300000
2760 -14.06120000 21.42060000 49.91750000
2761 -3.52333000 5.15442000 11.83980000
2762 -1.69706000 7.17920000 -8.01745000
2763 28.73310000 -2.60645000 -34.62380000
2764 -22.80960000 -58.17640000 -51.74680000
2765 -51.27420000 -49.03960000 -46.42940000
2766 -8.86966000 21.52260000 -6.92136000
2767 34.48990000 -0.77215100 23.26810000
2768 -36.18740000 4.07008000 10.98830000
2769 14.73830000 6.72037000 -14.44490000
2770 -18.44860000 8.37741000 -0.30827400
2771 -3.72117000 1.80685000 4.42774000
2772 -0.41263900 2.84822000 4.33019000
2773 12.69070000 -2.45455000 -6.02251000
2774 0.47060500 -5.33398000 1.71328000
2775 -6.52929000 33.65630000 -15.30340000
2776 6.13017000 -4.41730000 2.23870000
2777 5.72019000 -6.33062000 1.64269000
2778 -16.49960000 -13.86150000 -5.68235000
2779 6.47251000 -1.07234000 4.58382000
2780 -1.29717000 0.44487100 6.76521000
2781 7.28373000 2.57114000 -4.27654000
2782 -9.11472000 -22.48560000 -0.98128400
2783 1.84348000 11.57200000 -5.51362000
2784 2.36501000 3.85999000 -5.79177000
2785 -13.63770000 -11.74260000 33.97820000
2786 -0.52794400 5.37521000 -10.80730000
2787 8.28558000 2.34696000 -9.22972000
2788 -5.98669000 -12.81820000 28.35000000
2789 2.32011000 2.31475000 -0.57347600
2790 3.40232000 5.65599000 -11.98270000
2791 17.35110000 20.51470000 -9.89078000
2792 -5.20395000 -2.16284000 -8.93619000
2793 -4.42466000 -0.61357600 -4.99514000
2794 -1.04633000 -10.24350000 14.81560000
2795 -1.93831000 1.07163000 -4.06572000
2796 -3.31341000 -17.41760000 -4.37950000
2797 3.11492000 -8.55935000 -0.99740500
2798 -2.96427000 2.42591000 4.08346000
2799 18.31290000 28.69040000 53.48300000
2800 4.98127000 -35.44530000 2.04126000
2801 -12.70160000 -55.18460000 -26.21260000
2802 -11.11410000 -15.61830000 -16.32270000
2803 7.65655000 55.93110000 46.06770000
2804 4.87844000 -8.74967000 -1.17728000
2805 30.19170000 -2.25193000 4.72958000
2806 -23.33380000 11.20400000 -18.56220000
2807 11.81320000 -0.72191700 5.04827000
2808 3.76701000 -5.71255000 -0.34503000
2809 -43.15970000 1.17964000 7.81836000
2810 3.16553000 -0.13234900 -6.61241000
2811 84.24420000 2.44153000 -5.20532000
2812 -23.05130000 9.16300000 2.95037000
2813 -17.33000000 -6.61936000 5.03851000
2814 -33.23390000 -15.78110000 3.48823000
2815 18.28500000 -3.05989000 -5.15043000
2816 1.20351000 14.43850000 2.01749000
2817 -5.42078000 -2.02028000 3.92971000
2818 22.54000000 37.56900000 -12.37990000
2819 9.32030000 -6.49518000 8.81054000
2820 -1.13719000 -27.29280000 2.18717000
2821 9.59869000 -10.74430000 11.22440000
2822 -0.63928500 0.95414600 2.07673000
2823 -1.24290000 6.59838000 2.11539000
2824 -7.18766000 16.13340000 -22.23050000
2825 7.77233000 -5.26348000 -4.50737000
2826 -0.89327600 -1.29955000 -7.98972000
2827 -1.80832000 -5.71121000 7.60718000
2828 -3.43921000 -1.58145000 4.11177000
2829 -4.44021000 -3.22137000 4.08695000
2830 7.01262000 4.73384000 3.80844000
2831 -1.99426000 16.75770000 -2.73150000
2832 20.07490000 -8.90048000 32.07940000
2833 -15.98720000 -2.75523000 -5.56371000
2834 -8.95571000 -10.51940000 14.61000000
2835 6.72502000 19.97790000 18.11240000
2836 23.37720000 -7.05590000 -17.33970000
2837 -3.75321000 13.16050000 2.58879000
2838 -38.19150000 -33.03880000 -10.94670000
2839 6.06870000 73.00200000 -35.08360000
2840 -0.67133500 13.45500000 34.45050000
2841 -29.32180000 25.69040000 -9.35637000
2842 -7.69668000 -15.29490000 14.45200000
2843 7.01513000 5.90485000 8.19877000
2844 1.89330000 -5.58554000 0.45560900
2845 15.26560000 2.09126000 -28.74660000
2846 -7.23367000 -9.08202000 4.90378000
2847 0.95905700 -2.61532000 2.65376000
2848 5.03879000 -9.26080000 -1.83209000
2849 1.79722000 5.48703000 4.42707000
2850 3.44299000 9.79472000 5.87021000
2851 -8.79706000 14.43900000 -12.88910000
2852 -1.06841000 -4.01289000 13.58940000
2853 10.34270000 -2.32760000 6.46196000
2854 -4.76859000 -21.26420000 -7.19601000
2855 -1.54901000 2.50036000 -4.42935000
2856 6.49926000 2.48666000 9.82255000
2857 9.91721000 2.88025000 -61.73820000
2858 4.67130000 1.64230000 -2.98869000
2859 -0.70264500 1.84055000 18.65840000
2860 -24.84510000 6.12643000 41.69140000
2861 -0.24944000 2.07464000 1.08566000
2862 2.51621000 -0.14578400 6.92920000
2863 4.78541000 34.37780000 6.46128000
2864 -4.08254000 -2.27711000 -18.98040000
2865 -6.65032000 -19.32280000 4.78660000
2866 2.09011000 -37.48980000 11.88360000
2867 2.39905000 2.73082000 0.77249800
2868 3.81639000 6.39697000 -5.05068000
2869 12.18480000 17.64800000 -18.81940000
2870 3.14221000 0.82528000 1.70496000
2871 4.92279000 -8.20605000 -6.84664000
2872 -13.40060000 0.18468700 23.94180000
2873 1.69256000 -12.47710000 -2.73939000
2874 -8.88072000 4.86552000 -0.96759700
2875 -25.32730000 35.11870000 16.85930000
2876 2.71460000 -2.92129000 -0.87154200
2877 -1.22712000 0.75027300 -1.99500000
2878 15.07050000 -22.14800000 -18.24870000
2879 0.59565500 0.46378600 -0.19913100
2880 7.19717000 -2.82866000 -0.09851680
2881 13.98990000 5.56744000 -21.26760000
2882 7.52820000 -10.86140000 -4.41658000
2883 -4.02517000 -1.48010000 5.08949000
2884 -18.17870000 -2.77596000 13.64280000
2885 -4.46166000 -1.84626000 6.17937000
2886 4.83386000 -6.09940000 -8.88014000
2887 -10.07910000 17.27950000 8.93415000
2888 -3.75189000 6.26014000 3.26808000
2889 4.25520000 4.28796000 2.10928000
2890 32.68620000 11.83600000 1.76631000
2891 -4.97393000 1.51363000 -4.59719000
2892 -14.29400000 -18.16980000 -8.25303000
2893 -4.43437000 -24.66990000 -6.58795000
2894 -3.06613000 4.05177000 10.18650000
2895 6.49790000 7.64425000 1.30017000
2896 3.27534000 2.02366000 -2.76656000
2897 -1.63254000 -4.97530000 -6.20739000
2898 4.88401000 8.36737000 10.33520000
2899 -0.94310800 -3.92731000 -8.96114000
2900 -11.38200000 27.11320000 -4.36226000
2901 -17.25670000 2.36154000 -18.66560000
2902 21.22330000 18.31640000 -38.82790000
2903 -17.12060000 -12.00680000 -1.93408000
2904 -48.96990000 -37.11950000 -81.94120000
2905 5.44460000 8.70443000 18.95390000
2906 28.53170000 -10.90280000 4.34555000
2907 2.95389000 5.26196000 -23.98870000
2908 -3.37734000 2.62573000 -8.40062000
2909 -2.93586000 -16.39020000 -0.91277600
2910 -10.40900000 0.54028600 -7.67080000
2911 -17.19570000 50.63160000 38.25240000
2912 2.23689000 0.21550900 -0.15565000
2913 -1.69794000 8.83130000 -16.82690000
2914 -4.74246000 -9.86874000 7.93452000
2915 -3.44985000 -13.65050000 -1.60054000
2916 13.20060000 -12.90260000 37.22540000
2917 2.09406000 0.90510200 -7.30342000
2918 -9.77542000 7.02848000 -6.46211000
2919 6.01286000 -4.02182000 -5.14379000
2920 -17.33880000 27.55860000 -8.39314000
2921 9.44376000 7.01140000 -10.29840000
2922 14.15930000 -3.02102000 7.08300000
2923 49.18650000 -58.41850000 -10.14170000
2924 6.68775000 -8.17617000 -0.08875190
2925 -23.43720000 12.49720000 1.15044000
2926 -40.39440000 11.99620000 18.22730000
2927 2.56475000 3.96185000 2.60542000
2928 14.21380000 -0.75777300 -4.40333000
2929 23.87880000 -16.07130000 -15.07890000
2930 -2.62053000 18.16720000 0.84711100
2931 -12.18830000 -3.80891000 0.69751100
2932 1.57379000 2.95892000 18.54480000
2933 -11.31210000 -3.26788000 -7.67700000
2934 53.82510000 36.05620000 -14.06510000
2935 -25.24860000 0.75317100 -2.72022000
2936 0.74071600 4.94119000 -3.17686000
2937 -6.69111000 -55.15730000 43.56620000
2938 -20.15530000 37.95280000 -26.90030000
2939 -14.36060000 -7.94142000 5.95059000
2940 -51.46120000 12.88740000 -31.69430000
2941 67.25340000 50.58830000 85.98100000
2942 1.23637000 -18.23910000 8.61203000
2943 22.08090000 14.29260000 -23.64530000
2944 -3.07941000 -31.67760000 16.36960000
2945 -3.85799000 5.66094000 1.73096000
2946 -11.52730000 1.58482000 1.50032000
2947 -27.44200000 20.72410000 12.50230000
2948 -0.59986800 11.21790000 3.46550000
2949 -0.41126700 2.77796000 -0.44768300
2950 32.00180000 -17.09630000 18.48710000
2951 -1.38157000 -12.57340000 -3.85442000
2952 -2.41971000 0.67139200 -18.96900000
2953 -15.06980000 28.15870000 -8.65102000
2954 -10.45160000 -7.77798000 0.07235180
2955 6.87573000 -7.91955000 -5.14677000
2956 33.56930000 12.55450000 13.13930000
2957 -12.88690000 9.06197000 -7.15906000
2958 -16.14590000 -6.87769000 19.09230000
2959 13.47650000 -8.95061000 -8.70078000
2960 -3.88231000 6.70850000 15.18600000
2961 -5.31087000 -8.08578000 2.27809000
2962 -11.08750000 -7.24972000 -33.25460000
2963 -1.42176000 -0.23198800 -2.35321000
2964 0.58143200 -0.96724100 -2.38972000
2965 -1.39617000 13.29700000 14.83910000
2966 1.04117000 0.18405300 -5.70782000
2967 7.51999000 -6.27030000 1.13083000
2968 -17.11020000 9.78056000 30.93660000
2969 2.52767000 1.66743000 6.69246000
2970 -5.07581000 -1.71907000 -1.42238000
2971 -1.15654000 -38.37130000 -67.33270000
2972 13.90730000 5.74099000 0.55599900
2973 1.00992000 6.34319000 18.47210000
2974 23.26010000 32.56390000 34.92980000
2975 -6.12764000 -10.82600000 -10.82260000
2976 -9.37917000 -3.69664000 -4.36160000
2977 -23.09710000 21.89130000 -9.97342000
2978 4.45167000 5.87347000 0.04905390
2979 14.75560000 -18.77940000 -3.96445000
2980 1.70088000 -14.44550000 14.65460000
2981 -2.29250000 -7.48404000 8.81838000
2982 23.77470000 30.03090000 -37.62520000
2983 -2.49077000 0.56990900 2.10618000
2984 -1.91043000 1.61227000 22.94030000
2985 -20.33440000 -97.99860000 51.51600000
2986 -8.83069000 21.09850000 -20.15490000
2987 -27.46740000 -64.91950000 -21.57030000
2988 -88.82310000 -65.55940000 -14.42550000
2989 92.54770000 18.91080000 -6.94384000
2990 -12.49640000 -0.58251800 31.30620000
2991 -35.93190000 37.72390000 18.93820000
2992 8.04325000 -43.96970000 -43.00420000
2993 3.53472000 10.03160000 -1.14935000
2994 -1.46068000 -0.53329300 14.19510000
2995 40.49270000 12.53060000 5.45666000
2996 5.05153000 1.33556000 -7.05660000
2997 -4.82666000 -47.11320000 13.62360000
2998 -2.00373000 7.53158000 -5.48305000
2999 -2.26726000 6.52465000 2.69477000
3000 1.60730000 21.15130000 -3.18405000
3001 -4.49193000 6.26304000 -0.71162700
3002 0.07060300 -0.89635600 4.71438000
3003 15.02790000 -7.17558000 2.12410000
3004 13.32450000 -11.84040000 -13.45810000
3005 2.53471000 6.28090000 1.18451000
3006 -6.58521000 -4.22829000 10.16840000
3007 -13.96000000 14.30210000 25.52210000
3008 3.58415000 4.65558000 9.90524000
3009 -6.40438000 -11.02800000 2.52005000
3010 4.90805000 10.91340000 -51.74250000
3011 2.60093000 -2.40063000 -5.87619000
3012 -12.05350000 -6.88333000 4.98623000
3013 -1.49256000 22.00750000 16.24790000
3014 -7.36926000 -4.46084000 7.28363000
3015 4.62274000 3.07863000 -9.03390000
3016 3.46742000 -20.03970000 6.45128000
3017 -3.38420000 0.49397300 2.25728000
3018 -8.13239000 13.45580000 15.35590000
3019 2.45301000 -2.92432000 -2.18403000
3020 -0.82787000 -10.42090000 14.30250000
3021 9.87523000 1.43966000 20.33330000
3022 29.73760000 33.98500000 -4.46411000
3023 -16.60760000 -18.95320000 12.45030000
3024 -30.51090000 -2.13512000 7.69318000
3025 42.50710000 20.46960000 27.32300000
3026 5.75943000 17.46440000 -29.23550000
3027 -6.92660000 0.04726320 36.77040000
3028 -9.43698000 -1.88494000 -4.20543000
3029 7.31330000 3.39036000 2.12974000
3030 -6.85601000 -2.20731000 -1.71563000
3031 32.65910000 -15.09970000 -1.73667000
3032 -4.97972000 1.61423000 -4.14527000
3033 -1.27249000 3.18050000 -6.33590000
3034 -27.18160000 -3.80471000 -10.88720000
3035 1.92875000 11.14650000 19.57500000
3036 -10.90650000 -4.42260000 2.80181000
3037 41.19390000 9.46710000 0.95696100
3038 -6.89329000 8.72025000 6.27774000
3039 -24.39840000 -4.38160000 -0.85074500
3040 19.87630000 -9.83472000 39.48660000
3041 0.04101680 1.63634000 -3.66460000
3042 5.27191000 2.58561000 4.40859000
3043 -23.37140000 2.96731000 -32.53470000
3044 9.48988000 -0.65453500 -0.34638700
3045 -11.54990000 3.94238000 -16.70980000
3046 -1.57199000 -5.88307000 -7.16826000
3047 2.70324000 4.03778000 6.78342000
3048 -3.00518000 3.07720000 3.21150000
3049 3.40678000 -1.25640000 -9.05711000
3050 7.85421000 -11.44290000 4.58754000
3051 2.65915000 0.97817000 -13.11640000
3052 -15.41000000 -3.57176000 -5.70835000
3053 6.24355000 2.50974000 -0.20994600
3054 -4.51679000 -5.60311000 -2.99241000
3055 17.09620000 -8.88574000 49.33270000
3056 -1.71721000 -2.54543000 -21.11170000
3057 -6.95808000 -7.45991000 -12.90090000
3058 -25.74120000 -2.29370000 -40.21500000
3059 1.00249000 9.30086000 12.39330000
3060 10.41950000 10.47750000 7.05606000
3061 2.48745000 14.98800000 36.98670000
3062 7.11014000 -4.43396000 2.30570000
3063 1.14691000 0.49108100 -5.19733000
3064 0.67804900 0.27665200 -11.44530000
3065 -3.45718000 5.20582000 -8.12414000
3066 42.79920000 -9.63607000 8.09787000
3067 -15.17760000 -2.73694000 6.89002000
3068 8.14656000 -0.13573300 3.26637000
3069 6.74460000 -25.53050000 -23.29170000
3070 -5.96205000 54.92110000 26.52760000
3071 8.15625000 -44.94430000 -10.48860000
3072 -23.19520000 -13.20780000 7.81934000
3073 27.15080000 85.48370000 -42.06460000
3074 5.52132000 -22.68710000 -13.17070000
3075 30.72490000 -5.53968000 52.60420000
3076 -9.26345000 4.37848000 -66.28640000
3077 -3.48962000 -9.20782000 3.29753000
3078 -2.44209000 5.42045000 10.26820000
3079 -25.45560000 -26.56020000 7.54013000
3080 1.03984000 3.78791000 1.26528000
3081 5.42517000 6.46580000 -3.28424000
3082 26.61130000 8.18145000 -33.80130000
3083 -4.65504000 -5.23531000 1.28513000
3084 0.67020200 -1.21881000 11.84090000
3085 -14.05320000 -20.70310000 20.54160000
3086 -0.28749300 0.71827800 -3.14895000
3087 1.56220000 4.60491000 -5.63499000
3088 33.22560000 37.01680000 -22.21770000
3089 -12.98770000 -1.44102000 3.05530000
3090 -1.07701000 2.12582000 -0.28220400
3091 -15.10490000 -3.43643000 26.80340000
3092 -1.43490000 2.02237000 -0.97107100
3093 6.78053000 -0.72095700 4.59855000
3094 -4.29838000 -10.81600000 -11.90690000
3095 13.69800000 1.36537000 -0.74690300
3096 -6.80867000 -0.19260800 -7.72960000
3097 -4.95561000 -20.10500000 10.48210000
3098 -4.26637000 6.55042000 2.98409000
3099 0.55422400 3.16011000 6.38971000
3100 -1.94707000 -1.73849000 -5.29918000
3101 -0.46621700 -0.66285800 7.26352000
3102 -1.99196000 -4.55600000 1.13175000
3103 1.43856000 -26.69220000 -29.35610000
3104 3.74617000 2.43795000 7.46555000
3105 -6.99278000 10.06240000 -6.74320000
3106 -3.07121000 38.17900000 31.48050000
3107 -6.87713000 4.13573000 -4.09258000
3108 7.99459000 -10.95570000 5.42989000
3109 11.88220000 -4.40905000 11.20390000
3110 -1.23104000 -7.32643000 8.39147000
3111 2.76229000 3.81087000 -14.09010000
3112 9.26969000 8.49384000 -21.40860000
3113 0.33383500 -3.13710000 -1.11776000
3114 -7.58387000 -6.44402000 -0.44582600
3115 2.44022000 6.60879000 32.12520000
3116 1.62569000 5.96648000 3.94702000
3117 4.49639000 -0.68883000 2.58793000
3118 5.97999000 -14.34050000 -10.90520000
3119 -9.00659000 -2.88726000 -10.05110000
3120 -0.87348700 -4.47491000 -4.60842000
3121 -3.95064000 7.97102000 -9.61395000
3122 -9.48040000 10.44020000 9.18505000
3123 -7.21179000 5.64943000 -10.89710000
3124 14.24330000 -33.30750000 0.80277300
3125 -3.11707000 -4.26842000 5.12157000
3126 5.78969000 2.50241000 -2.16523000
3127 -24.91150000 -3.69394000 0.29281900
3128 6.02951000 0.47560500 1.81177000
3129 12.00430000 13.41790000 4.04864000
3130 5.28549000 5.63557000 -8.41966000
3131 8.22717000 1.13901000 -8.36129000
3132 16.11160000 -34.64160000 41.88530000
3133 0.09851820 5.52335000 -1.36050000
3134 3.69803000 5.00681000 2.96559000
3135 -37.59820000 -10.16000000 8.23193000
3136 48.16150000 58.99290000 -6.62045000
3137 -29.59300000 -46.12420000 23.14350000
3138 -31.07820000 -14.97420000 -1.48223000
3139 -7.51350000 57.73890000 -41.79630000
3140 3.10895000 -0.52708100 31.58180000
3141 27.39050000 -27.10220000 0.08782020
3142 -43.52550000 18.98260000 -2.46526000
3143 14.46500000 -4.23934000 7.70157000
3144 6.73450000 0.14335000 6.47913000
3145 20.44310000 4.50980000 16.20850000
3146 -6.33349000 9.69949000 -3.87161000
3147 -3.19843000 -0.98603300 -3.75741000
3148 -4.96161000 -18.17340000 -23.91170000
3149 -1.23560000 6.38152000 2.37473000
3150 4.92645000 -3.01968000 2.93840000
3151 -3.08354000 23.27220000 -12.12700000
3152 8.56952000 -8.60494000 -3.37499000
3153 2.25998000 4.42216000 6.99460000
3154 18.01470000 1.37331000 21.67270000
3155 -6.15491000 -3.11936000 7.73727000
3156 3.63655000 -20.67420000 5.70841000
3157 -12.08840000 -22.75580000 1.45754000
3158 0.19901300 2.10913000 -6.81220000
3159 9.07959000 4.91357000 9.16460000
3160 -17.10580000 29.87550000 -21.31530000
3161 -12.66320000 -3.87870000 11.59910000
3162 -4.43843000 -16.42750000 -3.52490000
3163 13.74400000 -1.44939000 -39.53710000
3164 2.71762000 8.94177000 7.45844000
3165 1.44489000 20.00350000 22.54310000
3166 -5.75470000 -3.37038000 -7.25918000
3167 1.20537000 -4.84229000 -9.58066000
3168 0.42984200 -1.71627000 -4.16159000
3169 9.85894000 16.01110000 50.07450000
3170 -8.24885000 4.51525000 2.36504000
3171 0.71466600 -11.98550000 -9.95136000
3172 -16.89170000 -37.54400000 -18.27980000
3173 -3.99485000 4.02587000 18.89440000
3174 -1.16909000 1.23222000 5.61304000
3175 21.08480000 -6.42434000 -7.04735000
3176 2.36864000 -5.69603000 -3.04780000
3177 1.11637000 2.23476000 -8.41187000
3178 -7.90349000 19.18130000 -32.38620000
3179 5.20766000 9.27954000 -1.17955000
3180 -8.92300000 3.91746000 2.29411000
3181 10.75290000 -0.57277700 57.00660000
3182 1.74738000 -3.36449000 -2.57056000
3183 4.03694000 -5.85775000 -16.07900000
3184 15.79130000 -49.55930000 -9.71260000
3185 -3.00027000 9.24440000 7.66131000
3186 5.05033000 13.15210000 -3.14623000
3187 -4.86080000 41.33420000 3.19054000
3188 -6.42636000 -0.07197710 1.55896000
3189 -4.97511000 -6.31944000 -2.91281000
3190 -20.45770000 2.13293000 -22.74660000
3191 -6.98897000 -10.66540000 1.14073000
3192 -2.38893000 -2.12013000 3.28644000
3193 16.68650000 -7.77732000 6.45272000
3194 -4.76966000 4.84392000 -4.13007000
3195 1.83580000 -8.18603000 1.65177000
3196 0.74190700 8.25203000 2.87534000
3197 -2.39575000 7.50710000 -10.34020000
3198 18.82680000 10.53820000 -17.89060000
3199 -9.22627000 10.35240000 1.33133000
3200 5.73393000 -6.17845000 -1.02176000
3201 -10.94340000 -32.82000000 -21.32740000
3202 1.49545000 23.51800000 43.68010000
3203 1.46623000 -0.07100550 -1.44746000
3204 -17.41610000 -29.73030000 -24.31110000
3205 42.38010000 37.68810000 -37.76620000
3206 -13.00630000 6.81757000 -8.63253000
3207 21.86570000 7.63343000 -1.77348000
3208 -8.18419000 -26.29890000 -30.65730000
3209 3.37134000 -1.61195000 -1.05314000
3210 10.44590000 9.79306000 20.25850000
3211 -12.99270000 -0.32494500 32.03180000
3212 0.08451600 1.63242000 0.06414240
3213 -2.00447000 1.65349000 2.60494000
3214 18.44270000 3.35594000 -18.59710000
3215 -8.19676000 3.64552000 -3.16969000
3216 0.78370200 -4.19345000 -2.30831000
3217 -11.27750000 -3.54736000 32.16300000
3218 3.05200000 3.88487000 -4.25097000
3219 0.90949300 5.46318000 1.66143000
3220 34.18530000 20.14160000 17.51180000
3221 -9.28428000 13.38960000 -4.80303000
3222 -1.69275000 2.57244000 -5.79811000
3223 -49.44860000 -18.43590000 -14.88230000
3224 2.45462000 5.03513000 -2.65352000
3225 5.10520000 -2.21988000 -11.84300000
3226 12.84820000 -12.96660000 15.41710000
3227 4.86435000 -4.57870000 -11.17880000
3228 10.28670000 -11.00420000 8.82667000
3229 -24.26060000 18.63750000 -2.54158000
3230 10.29160000 -14.38090000 -0.15630400
3231 6.89089000 -2.38172000 -9.09960000
3232 -6.45382000 4.91216000 8.17634000
3233 -0.69076500 0.25426400 2.75978000
3234 7.57674000 -2.86181000 3.73203000
3235 28.12960000 -6.19448000 -14.42930000
3236 2.65944000 5.33048000 5.90199000
3237 -0.34346300 3.89903000 -3.88510000
3238 -33.90230000 8.55676000 4.88817000
3239 -10.76500000 3.10778000 -0.79863500
3240 -0.86820700 -1.18331000 -1.58397000
3241 36.52830000 -22.27000000 -9.44759000
3242 -9.26735000 2.21496000 -3.75662000
3243 8.40344000 13.32530000 -2.77995000
3244 -29.09540000 3.20349000 46.93560000
3245 7.56829000 -2.89071000 -5.89138000
3246 6.18541000 -0.96357400 -12.46780000
3247 -32.80410000 24.06450000 25.39590000
3248 5.95653000 -10.59330000 -2.09060000
3249 1.97696000 -6.10542000 -4.16544000
3250 -12.11360000 -29.70000000 -22.44150000
3251 0.47326400 9.80120000 -6.06273000
3252 27.33070000 12.19890000 8.94382000
3253 18.79470000 -34.70870000 15.70810000
3254 -7.15994000 17.14980000 -3.48613000
3255 0.48432900 10.92180000 -4.86242000
3256 -5.17766000 18.93310000 -6.05614000
3257 5.62132000 0.20122300 -4.23283000
3258 0.19697200 4.28149000 -0.99946200
3259 -10.90840000 -37.86400000 5.68895000
3260 -3.86438000 5.20875000 0.52802000
3261 6.18370000 9.16475000 -2.03621000
3262 1.70191000 2.14565000 -3.56499000
3263 4.66467000 -1.09021000 4.03662000
3264 -64.04790000 41.82120000 -17.04860000
3265 10.56310000 -3.82201000 -4.36079000
3266 8.62900000 -7.35875000 2.90509000
3267 50.63360000 -22.89320000 50.58080000
3268 0.83429100 11.20530000 -68.06300000
3269 -16.91540000 -30.51120000 47.90610000
3270 20.46820000 -13.81730000 18.69250000
3271 21.82510000 23.95130000 -22.57030000
3272 -3.47151000 -2.86728000 19.76950000
3273 -22.43390000 9.75565000 19.36650000
3274 20.62850000 1.96086000 -1.67944000
3275 -7.23992000 1.67808000 1.66052000
3276 -1.58207000 -4.37187000 4.12407000
3277 -1.14812000 -4.12506000 -28.88590000
3278 6.13650000 -7.14611000 5.53516000
3279 -10.45300000 28.61620000 -4.52888000
3280 5.43896000 -4.67913000 -1.68162000
3281 -2.73133000 -7.98701000 7.52132000
3282 3.30607000 -18.58960000 24.30560000
3283 -1.84377000 5.26386000 2.02397000
3284 -4.50109000 6.42681000 -7.09331000
3285 3.80308000 -2.88998000 -11.02500000
3286 -13.09930000 10.86490000 52.35040000
3287 4.91799000 -4.33959000 -11.42550000
3288 4.42757000 -7.61229000 -2.10598000
3289 -0.99678200 -3.52386000 -24.21620000
3290 -5.76315000 -7.42434000 -0.27598300
3291 1.96564000 -5.64969000 -0.56744300
3292 32.40250000 37.75090000 29.49080000
3293 -17.96810000 -19.22970000 -5.43807000
3294 -0.84088400 -2.11872000 -0.12415400
3295 0.36175100 3.55566000 -39.49470000
3296 -3.17418000 -0.69101000 -0.54087400
3297 -0.18162600 -6.89290000 11.90590000
3298 0.54157800 3.44799000 8.91831000
3299 7.53709000 -4.60979000 -0.73252600
3300 -6.56566000 -4.75969000 -16.69340000
3301 2.34228000 6.44318000 -1.45108000
3302 -3.54416000 15.47390000 16.16210000
3303 17.42590000 3.67672000 17.14800000
3304 -78.23460000 -4.62384000 34.98180000
3305 8.95667000 -20.34550000 -11.07400000
3306 -1.18762000 -37.22480000 9.58127000
3307 0.58153700 54.25640000 1.26262000
3308 5.86290000 -6.32804000 -58.68520000
3309 13.10480000 -0.42603700 -16.09710000
3310 11.88390000 -14.90950000 -7.73984000
3311 -0.54597800 -6.64872000 7.47267000
3312 -8.36391000 15.46420000 8.32207000
3313 -15.66870000 -34.28620000 4.01370000
3314 5.53456000 1.65923000 -2.04680000
3315 0.39474500 -1.64671000 1.99517000
3316 11.22600000 67.25940000 20.43560000
3317 6.92937000 0.53267800 0.94297600
3318 -8.70201000 -5.31093000 -12.10520000
3319 -8.49359000 -51.52000000 -12.51710000
3320 4.93447000 18.07300000 12.71170000
3321 5.02254000 7.77274000 -4.14784000
3322 -34.68120000 -14.49540000 -31.03990000
3323 11.63310000 5.45367000 5.13842000
3324 3.22213000 6.39773000 -5.20630000
3325 18.34210000 1.14120000 31.30050000
3326 2.84142000 -5.96054000 5.57883000
3327 8.38455000 0.49057500 1.40430000
3328 3.78178000 3.82491000 -35.15860000
3329 -2.32840000 2.92755000 -0.70846400
3330 -0.24129700 -3.02291000 -6.82521000
3331 7.34201000 5.56971000 0.44045300
3332 -5.19920000 -8.93083000 9.79019000
3333 -3.55033000 0.33663400 11.25840000
3334 -22.98980000 18.02210000 29.94520000
3335 -6.95217000 -6.87099000 2.89031000
3336 1.64146000 -2.57104000 -2.38804000
3337 -9.71006000 -6.56040000 -32.32590000
3338 1.79722000 1.49993000 -5.78433000
3339 4.67547000 -4.81708000 -2.61908000
3340 40.70280000 -13.97290000 18.76180000
3341 2.03679000 -1.83720000 1.08005000
3342 4.52214000 9.53061000 -9.13655000
3343 -46.67690000 22.01280000 1.06183000
3344 -3.40716000 1.39927000 -4.86177000
3345 3.81878000 -10.53580000 -2.76671000
3346 8.07475000 -2.43665000 0.91716300
3347 5.65774000 -6.81812000 15.51380000
3348 -15.93180000 10.60470000 -49.89400000
3349 10.89550000 0.57235200 6.34158000
3350 -6.29753000 -6.27557000 8.56567000
3351 7.21551000 -2.68090000 3.13333000
3352 63.49910000 44.90010000 4.88144000
3353 -3.08213000 -1.96489000 -6.58537000
3354 -6.32984000 0.24053700 -10.76980000
3355 -26.80050000 31.24030000 33.87450000
3356 12.66030000 -4.83681000 -34.33620000
3357 27.53660000 0.32352900 -12.09930000
3358 -16.72860000 -11.11340000 -0.67978500
3359 8.22611000 -3.67369000 8.61136000
3360 -0.73103800 1.35863000 0.59940200
3361 -13.17020000 20.11200000 3.37888000
3362 9.19589000 -1.26564000 -8.46614000
3363 0.81143600 4.29109000 2.01518000
3364 19.42710000 -8.41713000 5.22934000
3365 -0.78187100 -5.52398000 1.16977000
3366 4.75332000 2.46133000 -1.11139000
3367 8.83735000 -27.19560000 3.54096000
3368 -0.79310600 3.03332000 7.47462000
3369 -9.14453000 10.08110000 -0.62883200
3370 -13.20000000 9.26636000 -2.10282000
3371 2.95095000 -4.82840000 4.14626000
3372 9.15469000 -4.42385000 1.91720000
3373 9.59703000 21.64820000 -23.05740000
3374 -4.14000000 3.12958000 10.19250000
3375 -0.14712700 -0.74239300 4.55073000
3376 -7.51216000 -23.64790000 -4.40034000
3377 8.50970000 -4.21409000 -0.98701100
3378 -6.21971000 6.80119000 -1.83534000
3379 -8.87508000 9.78910000 11.58940000
3380 5.43884000 1.76479000 -0.85595100
3381 -2.56112000 -4.66456000 0.46756500
3382 -4.39955000 1.41372000 -33.11370000
3383 1.61573000 6.74007000 5.77263000
3384 1.64443000 0.57985500 5.32695000
3385 -2.03843000 -6.79343000 31.80280000
3386 2.65554000 0.72858000 -5.90148000
3387 -0.65996000 -1.72341000 -9.73463000
3388 -12.43510000 32.76110000 -13.73900000
3389 3.53966000 -0.65314900 0.75186500
3390 2.04443000 -6.88528000 -0.54318400
3391 0.62354800 -31.15140000 14.18530000
3392 7.15125000 -1.37302000 -4.40277000
3393 -2.99786000 -0.26712100 -2.27288000
3394 25.36400000 24.75850000 -4.29299000
3395 -9.17685000 -1.50948000 8.10507000
3396 -10.71030000 -1.81376000 1.83464000
3397 -13.83480000 -11.89130000 -3.41522000
3398 -2.83954000 3.58632000 1.90495000
3399 11.07840000 -6.51043000 -2.90250000
3400 -25.53090000 -35.65990000 -0.64014900
3401 4.22910000 3.04611000 9.13236000
3402 1.22963000 10.22380000 -2.13381000
3403 5.14724000 -9.13046000 -3.31239000
3404 4.76837000 9.14361000 2.65666000
3405 3.40099000 -0.23278700 -0.91515300
3406 8.19354000 55.68510000 -16.22100000
3407 -4.24862000 -23.25460000 0.36666300
3408 -8.16670000 -16.47710000 10.73260000
3409 18.97710000 1.46643000 5.62597000
3410 3.54988000 0.72375700 6.98318000
3411 2.69780000 1.05484000 -13.14620000
3412 -10.79820000 5.19496000 0.37290200
3413 -4.49097000 18.26930000 5.80869000
3414 31.16650000 7.34832000 6.67492000
3415 -10.46400000 -10.46100000 12.08140000
3416 5.81393000 0.16661400 -7.19772000
3417 -67.81580000 -54.21260000 27.98300000
3418 38.28200000 -50.48380000 6.06301000
3419 -5.16999000 -45.45940000 -13.45300000
3420 4.65309000 -48.17190000 8.05143000
3421 -57.69850000 11.56450000 -6.12830000
3422 50.25480000 -6.30148000 -19.63920000
3423 -13.05230000 4.65577000 -15.06390000
3424 -23.63520000 -9.83909000 17.33880000
3425 7.93870000 7.28349000 -1.55819000
3426 4.39298000 2.85770000 10.48140000
3427 30.19660000 -21.87630000 -4.10846000
3428 -3.13644000 2.36054000 -4.69974000
3429 -4.51746000 -2.11636000 7.53528000
3430 4.03980000 -3.91958000 5.48331000
3431 7.58442000 7.64181000 4.95991000
3432 -18.55100000 -2.39707000 -9.89380000
3433 0.78102900 -6.12635000 1.52402000
3434 2.86937000 1.70678000 5.42909000
3435 3.46615000 1.58693000 3.36691000
3436 25.86660000 15.00590000 -45.08750000
3437 2.91683000 -1.71650000 -2.72848000
3438 -12.62080000 4.25264000 5.15297000
3439 0.64886400 -17.60140000 16.76870000
3440 -9.89873000 -0.11288000 10.00410000
3441 -2.54188000 6.38477000 0.74909300
3442 -16.75280000 32.72420000 -11.74150000
3443 -2.13206000 -2.59884000 -1.51030000
3444 -7.71912000 -3.07301000 2.24695000
3445 12.18650000 -4.35078000 -14.12370000
3446 8.89773000 0.68134000 -1.72896000
3447 3.77472000 -10.83820000 5.64744000
3448 -9.01758000 -2.14252000 1.94387000
3449 9.36869000 15.26520000 3.95788000
3450 -9.60817000 23.67110000 -45.59810000
3451 1.55974000 -0.44281200 2.70639000
3452 16.92080000 0.88482800 -1.38178000
3453 -3.45613000 20.66630000 38.85170000
3454 -20.71750000 37.97270000 -58.07130000
3455 -4.20723000 -36.81850000 21.88500000
3456 58.90750000 -91.69630000 105.80500000
3457 -7.34198000 67.69740000 22.04220000
3458 -15.44310000 12.29140000 10.02870000
3459 -8.83941000 9.13000000 10.52600000
3460 -0.06063990 -12.48820000 -34.08510000
3461 11.30300000 9.83770000 8.45149000
3462 -9.44595000 1.95068000 6.12733000
3463 52.04710000 15.02250000 11.51980000
3464 -5.74379000 -4.30233000 2.32845000
3465 -0.92909700 -5.32871000 -0.81084800
3466 -37.63240000 -1.99661000 -1.39509000
3467 12.58930000 3.05492000 -15.91340000
3468 12.88090000 14.46690000 -0.35022000
3469 -17.72050000 -16.58090000 30.81880000
3470 -6.49546000 9.89173000 -5.71714000
3471 5.86431000 4.07879000 -2.50721000
3472 33.68900000 -20.27350000 -10.89590000
3473 1.61058000 10.06070000 10.46630000
3474 -11.56730000 -6.49486000 3.96721000
3475 -24.18490000 14.77570000 -1.38762000
3476 5.26431000 0.67462900 -1.26366000
3477 -5.86573000 0.01217420 -2.58644000
3478 -26.48070000 11.11160000 -0.10182900
3479 10.65450000 -6.40623000 -0.15292300
3480 12.30980000 -2.16388000 -4.24584000
3481 8.83769000 -5.89037000 -2.36201000
3482 -2.43127000 0.36399600 3.05022000
3483 4.87898000 -0.18908500 -4.11620000
3484 1.95259000 8.84857000 20.18930000
3485 -7.03356000 -5.30788000 -12.46290000
3486 3.69779000 -7.63189000 -3.39824000
3487 -7.04487000 -1.91635000 -10.95770000
3488 6.03222000 3.84409000 4.75091000
3489 4.63955000 3.16305000 6.27578000
3490 13.01360000 9.92292000 -28.78260000
3491 5.15726000 -12.88370000 9.37472000
3492 -9.68732000 4.28835000 16.51100000
3493 8.97156000 -10.14520000 4.93142000
3494 -4.86663000 2.54956000 -11.68290000
3495 0.75872100 -8.90906000 9.41462000
3496 -13.07590000 7.72539000 -3.84906000
3497 0.50680700 11.18560000 4.69236000
3498 44.21510000 -48.15830000 -13.63830000
3499 -13.53760000 -1.32742000 -4.97556000
3500 -10.77760000 6.31660000 0.39077600
3501 -39.20520000 23.54050000 29.26310000
3502 25.15240000 79.00600000 -109.67600000
3503 -2.21507000 -15.81710000 14.52760000
3504 199.06900000 -19.10210000 176.74200000
3505 7.03835000 61.89660000 -9.37851000
3506 -14.67670000 -13.74700000 1.25124000
3507 -11.13270000 -16.77140000 -1.49394000
3508 6.01030000 14.39320000 12.29700000
3509 -1.79614000 0.38681600 -5.72722000
3510 1.52205000 -3.00723000 3.30040000
3511 -9.78239000 13.42750000 -28.32570000
3512 -1.91901000 -0.25776300 15.11530000
3513 -21.90780000 12.59550000 -5.17106000
3514 -4.06412000 -9.06716000 6.35554000
3515 8.35112000 -12.14780000 -4.57030000
3516 1.24617000 -16.89700000 3.28263000
3517 -0.65605800 19.37470000 -13.61310000
3518 16.33000000 3.84489000 6.82004000
3519 -5.76119000 -8.07982000 2.60767000
3520 -4.36558000 -10.78510000 23.68900000
3521 5.79757000 -7.41160000 7.11418000
3522 -5.96290000 -2.42828000 -2.66042000
3523 23.92770000 -5.18006000 16.87330000
3524 -1.91415000 12.21770000 -10.67520000
3525 2.66269000 2.63936000 -5.36147000
3526 -8.31934000 11.37120000 -11.30560000
3527 -5.45183000 12.48410000 -8.39016000
3528 2.12483000 4.93412000 15.81730000
3529 1.87083000 -39.90480000 -15.14350000
3530 -4.52673000 6.67346000 -1.07237000
3531 0.46761900 14.40430000 1.76056000
3532 -1.86474000 -2.95881000 5.34618000
3533 8.88967000 11.58210000 0.52959800
3534 -11.85280000 -7.26157000 -1.29625000
3535 -3.53932000 -10.22550000 -2.46957000
3536 1.91773000 1.06634000 11.00590000
3537 12.65260000 -4.61307000 -50.46750000
3538 -16.10520000 28.64460000 0.49949100
3539 0.02840550 -7.87499000 106.25200000
3540 6.56280000 -12.61590000 25.76980000
3541 -175.97900000 65.54220000 -196.15400000
3542 -28.29490000 -28.17980000 7.81178000
3543 -15.96770000 -16.39000000 1.02512000
3544 45.61380000 -18.71270000 -25.74230000
3545 -11.71490000 -8.16573000 -2.17040000
3546 -6.06920000 -8.27686000 4.02313000
3547 -17.69520000 101.18800000 23.81280000
3548 -4.16224000 -4.69240000 -1.40354000
3549 -1.26611000 -16.21720000 -26.09070000
3550 3.13039000 -2.52518000 -0.60128700
3551 5.04917000 5.78242000 1.24050000
3552 -22.57670000 -15.73260000 12.14890000
3553 10.11860000 1.52917000 6.38404000
3554 3.56093000 1.19594000 -8.62444000
3555 -4.15382000 6.19461000 2.46754000
3556 1.06553000 -22.00600000 15.51980000
3557 -0.71303800 -4.53205000 -3.20904000
3558 2.32662000 0.54079700 -2.01652000
3559 -11.69700000 -13.80050000 4.91873000
3560 -2.54463000 4.81214000 3.25920000
3561 -1.01588000 -0.02542000 1.08245000
3562 42.44770000 1.26517000 6.82622000
3563 -12.44570000 4.30813000 -3.32530000
3564 -5.31306000 -8.52020000 4.60612000
3565 1.73987000 -14.21610000 -24.99780000
3566 -1.01031000 -8.33620000 6.14419000
3567 2.01339000 3.27383000 1.34114000
3568 -8.12391000 10.41380000 4.20615000
3569 5.10334000 -10.79210000 -2.89718000
3570 -18.54330000 30.80000000 -4.61770000
3571 -2.40984000 -4.97185000 -9.89234000
3572 6.37788000 7.34479000 -5.58982000
3573 -36.34550000 5.26730000 53.12680000
3574 2.55374000 30.97210000 -29.45420000
3575 8.20985000 -3.25524000 18.75710000
3576 193.91700000 -191.84200000 155.09600000
3577 8.41801000 -11.56840000 -104.83000000
3578 18.24250000 -1.09938000 -18.00930000
3579 -9.95004000 25.29980000 -1.90326000
3580 14.37920000 -34.31000000 15.07510000
3581 -1.49475000 5.26696000 1.50542000
3582 -10.43590000 0.53080900 -13.51280000
3583 16.03100000 -11.56970000 -9.79020000
3584 5.97504000 6.69332000 -11.87400000
3585 -48.80850000 1.69270000 -7.61019000
3586 1.37587000 2.06309000 4.90055000
3587 4.21283000 -0.83717300 1.49711000
3588 12.26690000 9.62192000 -11.84440000
3589 12.73660000 -5.16732000 0.08114610
3590 -4.82329000 1.22302000 11.16750000
3591 -2.44024000 2.92056000 6.04096000
3592 5.62558000 12.89720000 -11.24800000
3593 -8.43259000 6.02621000 2.74919000
3594 1.34527000 1.79031000 19.20300000
3595 11.03250000 -48.86100000 -8.52002000
3596 -4.40075000 -0.20345100 3.01383000
3597 -6.71797000 9.60405000 14.46400000
3598 -29.35580000 23.85230000 16.51210000
3599 7.27279000 -2.98548000 -11.28650000
3600 18.08620000 -5.06436000 -14.66060000
3601 18.85430000 -12.69070000 -10.52000000
3602 -4.69183000 1.69425000 4.65776000
3603 1.20915000 9.01576000 2.65954000
3604 -6.25829000 5.55988000 0.79882800
3605 4.99390000 -7.99845000 -9.18133000
3606 -172.97200000 176.51100000 -154.17800000
3607 -15.03230000 -5.59662000 -5.27228000
3608 -6.02806000 14.01390000 10.19130000
3609 39.95820000 -21.24440000 -29.63580000
3610 -35.41910000 -25.15250000 26.00280000
3611 29.74910000 -6.89400000 12.71360000
3612 45.46010000 18.19170000 -11.00440000
3613 18.27280000 98.51100000 18.77700000
3614 -25.57150000 -49.43110000 6.61896000
3615 4.62317000 -54.04060000 -15.24940000
3616 -34.18510000 51.31890000 16.82180000
3617 13.20860000 -4.44936000 -1.96419000
3618 2.41496000 2.19020000 -7.50600000
3619 -6.77724000 -65.15870000 22.22260000
3620 10.71430000 8.24106000 -0.36826200
3621 -2.86382000 10.29420000 -5.68574000
3622 25.69250000 19.22930000 -13.95530000
3623 -2.28257000 3.07029000 0.23074800
3624 1.32437000 -2.43136000 -4.21517000
3625 -39.49770000 -9.88578000 3.40040000
3626 5.09679000 3.48870000 -1.58202000
3627 9.41475000 -2.99470000 8.66104000
3628 -2.75790000 -6.46577000 0.19526500
3629 1.54718000 7.83696000 4.73805000
3630 3.44864000 -9.84467000 -7.49957000
3631 13.62520000 4.69722000 -35.80550000
3632 -2.61772000 0.88974100 9.36081000
3633 -5.54035000 -1.80134000 10.83220000
3634 7.08757000 2.42924000 8.96484000
3635 -5.63260000 5.32395000 -0.66076200
3636 -4.74235000 -1.40968000 0.87409400
3637 14.55970000 10.78010000 -28.06080000
3638 -3.27011000 -5.63104000 13.82200000
3639 -3.76563000 -5.24553000 -2.63207000
3640 -4.94316000 -5.95496000 22.91660000
3641 -9.41966000 0.68448900 2.09664000
3642 -5.61946000 14.45820000 -7.58976000
3643 36.57470000 -9.62764000 17.54880000
3644 -4.20282000 2.38013000 6.43268000
3645 -10.37400000 3.49790000 -15.68630000
3646 -5.62432000 6.16224000 4.36532000
3647 4.51104000 8.88634000 0.49445800
3648 5.84867000 -0.32572700 -3.74167000
3649 -3.84746000 -2.09765000 -5.56179000
3650 -0.55320600 -4.30214000 1.34929000
3651 -2.69518000 -5.33089000 -2.40432000
3652 -3.21033000 -7.58891000 2.42984000
3653 -2.31865000 -2.37430000 -3.14980000
3654 5.21563000 3.07382000 4.64789000
3655 -5.12383000 3.69300000 8.75783000
3656 1.23454000 2.66905000 1.24484000
3657 16.32550000 -67.59100000 -45.44250000
3658 9.18565000 67.72810000 7.69758000
3659 26.73550000 39.29510000 26.07100000
3660 -16.78230000 -6.23204000 -16.91200000
3661 -48.54090000 24.07540000 68.19800000
3662 7.08230000 -15.33770000 -41.87660000
3663 -8.54135000 -1.82856000 -1.14471000
3664 -3.80823000 16.11260000 -36.00300000
3665 -1.45371000 2.75182000 11.60210000
3666 -7.50792000 9.28113000 5.37496000
3667 9.24516000 -33.07600000 14.58690000
3668 -11.51710000 3.38982000 -0.48786900
3669 3.86980000 5.08284000 3.95626000
3670 4.21309000 21.39280000 -17.53090000
3671 -9.16082000 0.54389900 4.11955000
3672 -2.05467000 -4.08984000 10.22160000
3673 11.60010000 -23.75850000 -7.55863000
3674 0.06825910 5.53975000 -6.17022000
3675 -3.06285000 11.53250000 13.47290000
3676 14.96910000 3.40935000 -13.34510000
3677 -0.73478900 5.41865000 10.71310000
3678 6.83503000 2.60525000 2.46115000
3679 -55.44150000 -15.44180000 -14.86090000
3680 17.61560000 1.27849000 3.53065000
3681 3.73720000 -1.76178000 8.29570000
3682 19.24920000 10.51570000 -10.40830000
3683 1.98649000 0.62665300 8.58911000
3684 5.85415000 -11.63760000 6.80074000
3685 -4.21473000 28.54710000 1.96277000
3686 -1.25449000 2.82824000 3.90232000
3687 -3.60243000 -1.23324000 1.88154000
3688 7.63034000 -40.85970000 3.01116000
3689 -2.01718000 8.46197000 6.68974000
3690 6.85409000 -6.14755000 1.98359000
3691 -16.27990000 31.80500000 -18.02900000
3692 -7.06528000 -9.56824000 -0.48706800
3693 -8.77040000 -15.16090000 1.20595000
3694 11.03610000 11.64090000 -4.73079000
3695 5.79046000 8.92608000 2.89802000
3696 -2.88266000 5.13734000 -2.37614000
3697 -4.70591000 -18.42590000 -27.52510000
3698 -0.12796000 -0.74003200 6.80631000
3699 2.46921000 8.19960000 4.71038000
3700 45.05810000 4.01009000 -4.69599000
3701 -0.77511600 -8.89307000 13.07780000
3702 -18.37200000 -3.45931000 -0.12971100
3703 -3.20214000 33.21430000 -1.40608000
3704 -6.53751000 -7.06438000 -1.36452000
3705 -2.54175000 -25.50450000 3.88964000
3706 -6.35789000 -11.25000000 -32.78560000
3707 -1.63480000 3.89177000 4.02904000
3708 17.72130000 18.07200000 -4.73911000
3709 -20.65910000 1.70672000 30.30950000
3710 3.10530000 -6.44900000 -6.68642000
3711 -8.98784000 -2.66502000 -0.07959240
3712 16.35520000 4.11559000 16.22810000
3713 -4.04676000 -1.41063000 4.16810000
3714 6.63519000 10.73680000 0.30873800
3715 -15.44510000 -16.38760000 -7.90205000
3716 0.90426300 1.13471000 1.22131000
3717 6.33075000 3.48486000 -6.32949000
3718 3.78965000 -2.21755000 1.25607000
3719 1.12379000 4.11702000 -5.61199000
3720 1.85618000 -2.51206000 2.65149000
3721 -12.82830000 -2.91050000 1.04081000
3722 8.00280000 9.22824000 -3.38552000
3723 9.43115000 -34.55680000 -21.99600000
3724 17.55980000 -45.19490000 -9.18982000
3725 5.86077000 25.95620000 0.19255500
3726 126.50800000 2.27321000 89.20310000
3727 -36.36620000 -31.57130000 -21.48530000
3728 -2.35607000 16.01260000 4.09819000
3729 -8.28553000 -12.82370000 44.53460000
3730 21.50650000 7.46593000 -58.56410000
3731 2.64139000 5.64883000 4.96975000
3732 -8.97405000 -8.71424000 8.70868000
3733 11.04150000 -5.29359000 10.32080000
3734 6.32763000 15.66720000 9.88487000
3735 -20.19640000 15.20100000 -1.35484000
3736 4.63160000 -0.92753400 13.33030000
3737 6.70921000 3.83343000 0.61689900
3738 19.26420000 -3.09669000 13.71290000
3739 -0.27504700 -6.64036000 -8.79609000
3740 -0.44980700 -2.18262000 -0.62390900
3741 -12.25340000 0.90761900 -13.52400000
3742 -39.46580000 3.34551000 8.28011000
3743 -1.51810000 -9.68645000 0.72707300
3744 1.80155000 -2.20107000 -6.00621000
3745 11.63460000 23.26120000 -15.24940000
3746 -2.92712000 -7.98279000 -7.62648000
3747 -6.76790000 -6.11686000 -9.35736000
3748 15.40150000 10.24950000 22.96960000
3749 -3.15240000 0.82202800 7.54073000
3750 -4.20365000 -0.18662300 -6.14810000
3751 -4.12505000 -14.24700000 -11.85810000
3752 4.64145000 3.71345000 3.50402000
3753 6.84976000 -0.62371400 -7.19170000
3754 -1.17128000 -5.60568000 4.07781000
3755 12.29470000 11.87420000 8.57633000
3756 -41.07940000 -5.76453000 -3.53565000
3757 4.81615000 8.26013000 -11.37510000
3758 -1.71910000 -10.74610000 -5.55119000
3759 37.01690000 46.01820000 24.42600000
3760 -43.69930000 -48.81300000 -12.77690000
3761 46.31280000 6.58600000 25.84000000
3762 37.07690000 31.10210000 17.35340000
3763 -137.66100000 1.53677000 -58.78920000
3764 -4.76510000 36.50630000 -3.31316000
3765 20.00690000 -38.15430000 -11.57100000
3766 22.01180000 6.91597000 -30.71100000
3767 2.94088000 -0.73982200 10.99180000
3768 -4.27670000 -11.84260000 -0.95856100
3769 -22.57260000 36.90880000 13.87650000
3770 2.41384000 1.21127000 1.38932000
3771 26.78310000 -47.42810000 -8.01977000
3772 2.51928000 8.08100000 0.38951000
3773 -6.81865000 2.32426000 -1.71836000
3774 -50.08340000 31.12830000 13.22440000
3775 14.42010000 -0.75194700 -2.96796000
3776 6.58117000 -0.50861900 0.97042000
3777 2.39825000 6.84358000 -0.81116900
3778 3.61451000 1.62823000 13.35180000
3779 -2.17596000 -1.53521000 -4.99253000
3780 -1.95099000 -3.93929000 -0.97470200
3781 11.58620000 -29.77170000 22.76680000
3782 -2.06063000 -1.31424000 -4.50727000
3783 7.51445000 8.66820000 7.68052000
3784 -9.46165000 11.39760000 -8.73641000
3785 -2.42637000 -7.39466000 -7.10750000
3786 -5.59003000 -6.17342000 -3.65268000
3787 -7.87930000 11.42800000 5.15429000
3788 5.95915000 -9.14117000 -1.40377000
3789 -1.10147000 2.94447000 -4.92184000
3790 -1.30658000 -1.90587000 5.34349000
3791 0.28770300 -9.29674000 4.41268000
3792 -21.44490000 -22.48740000 -17.24080000
3793 -4.22269000 3.77341000 3.34981000
3794 10.48710000 -4.78620000 -3.50664000
3795 17.02220000 -7.73283000 2.77768000
3796 -17.98520000 0.72980900 2.53069000
3797 99.76040000 -33.78050000 -26.94170000
3798 -4.00456000 0.44881300 5.15498000
3799 -43.78730000 -16.38610000 -47.56490000
3800 0.41530600 -2.00406000 10.65280000
3801 -14.54070000 19.47640000 -18.96710000
3802 -14.27260000 32.15850000 12.92240000
3803 -0.69451900 -2.83776000 -4.34016000
3804 1.52427000 -1.55526000 1.79998000
3805 35.34530000 -15.60110000 -36.69800000
3806 1.51691000 -6.02901000 5.84618000
3807 -4.61882000 3.55512000 12.94970000
3808 -14.97640000 25.40890000 17.18940000
3809 3.08399000 1.75635000 0.82650300
3810 0.37074700 1.10903000 -7.10063000
3811 7.97165000 -31.76910000 -2.52213000
3812 -1.40633000 3.88826000 5.40852000
3813 -0.11948500 2.16150000 9.36425000
3814 -22.90010000 3.31370000 -24.63890000
3815 -9.00859000 -3.19637000 8.13358000
3816 4.16001000 -20.14750000 4.61045000
3817 20.89100000 20.35730000 14.46590000
3818 6.97598000 -2.65029000 14.78190000
3819 -4.17059000 -4.85997000 -4.26738000
3820 -17.52320000 -4.24257000 -8.80820000
3821 3.29736000 2.27730000 4.50614000
3822 2.62459000 -0.26897300 -2.06083000
3823 3.67452000 -32.25880000 3.60719000
3824 4.44699000 12.52030000 4.95515000
3825 -1.50105000 -5.13363000 -5.06465000
3826 13.23990000 22.32080000 -36.92940000
3827 -0.28985100 -2.19947000 3.23755000
3828 -1.21975000 8.33403000 1.92816000
3829 9.55357000 19.85480000 13.89150000
3830 -7.65584000 6.77898000 9.59868000
3831 -13.36740000 4.38354000 -3.89979000
3832 -24.01170000 -76.96350000 -10.92710000
3833 1.19753000 5.49411000 6.74065000
3834 4.70122000 11.72780000 -10.31360000
3835 21.26310000 15.51800000 6.45916000
3836 -7.68942000 2.99396000 2.84054000
3837 1.26407000 6.32336000 -1.51771000
3838 1.40126000 2.19939000 8.63556000
3839 5.06671000 6.69066000 9.30536000
3840 -4.90594000 -25.25460000 -18.01910000
3841 -10.53050000 2.55728000 9.42831000
3842 4.80859000 7.02501000 1.90280000
3843 -30.11990000 21.23960000 54.33310000
3844 -0.43233300 -7.02977000 12.73200000
3845 49.28900000 -7.38802000 9.85194000
3846 16.89560000 16.34350000 -7.97029000
3847 -79.27640000 -37.52280000 23.05060000
3848 -4.51964000 17.23630000 -49.12640000
3849 2.00971000 3.53764000 -31.61350000
3850 -16.46890000 45.24910000 -4.81856000
3851 -3.62408000 -0.17644300 15.96940000
3852 -4.02455000 10.23470000 10.47650000
3853 -7.76955000 -38.17190000 43.86650000
3854 15.90830000 -4.31562000 -15.53850000
3855 26.59650000 -26.24710000 -2.24144000
3856 -16.13770000 8.58874000 2.50250000
3857 -4.18491000 -0.10184300 2.51707000
3858 21.70840000 24.54750000 0.50978500
3859 0.84537600 -3.32755000 -5.03666000
3860 -11.80760000 -4.73406000 1.67662000
3861 -4.99748000 0.22621900 -0.27312600
3862 18.78160000 22.29830000 19.39170000
3863 -3.64099000 -2.68428000 -4.90735000
3864 -6.92320000 -8.18347000 4.04395000
3865 -19.48800000 26.62250000 -41.66700000
3866 2.09217000 8.78207000 13.78430000
3867 9.42350000 -7.66578000 -9.28547000
3868 -9.35217000 5.02499000 -8.49027000
3869 5.70616000 6.64420000 -5.80955000
3870 1.09128000 -19.96810000 1.37804000
3871 -0.88874200 -15.55100000 25.83940000
3872 -1.47318000 3.05397000 -6.04554000
3873 -2.09972000 1.13826000 2.05235000
3874 5.54463000 -1.12074000 -5.72370000
3875 12.83170000 6.67582000 -0.49769500
3876 -17.11200000 -51.35810000 3.89580000
3877 -10.56350000 20.50670000 7.64686000
3878 11.59540000 3.31740000 -3.61928000
3879 9.19813000 68.06720000 -11.45060000
3880 -31.63250000 -39.60160000 0.98917000
3881 4.80266000 -10.21210000 -0.23638400
3882 17.79310000 -6.33485000 31.49280000
3883 -13.25420000 -43.57980000 6.39008000
3884 5.36165000 -0.77479300 -5.72644000
3885 15.16750000 28.65820000 -32.75570000
3886 -26.90990000 -25.32740000 20.19260000
3887 2.68190000 11.12580000 -0.22752100
3888 -0.05377890 2.94563000 7.88656000
3889 31.21690000 11.71050000 -0.09304320
3890 -4.31774000 -8.44680000 -7.70757000
3891 -4.68481000 5.34023000 3.16197000
3892 -25.15200000 -13.25720000 4.31363000
3893 -4.72812000 -0.10403800 -4.53621000
3894 5.28387000 -1.14751000 -3.04828000
3895 10.28500000 27.44520000 -2.85144000
3896 -6.28330000 -6.29545000 0.77378000
3897 3.30394000 -9.22041000 3.19439000
3898 11.64440000 4.79060000 7.11021000
3899 -5.76691000 -3.77710000 10.02500000
3900 -5.02896000 -2.04600000 -5.30789000
3901 9.98869000 -12.04820000 15.15550000
3902 -1.68995000 0.73957900 6.35375000
3903 4.08222000 1.50232000 -12.71150000
3904 -29.56530000 28.88530000 -35.97480000
3905 6.60408000 -7.62952000 2.29610000
3906 9.39021000 3.96731000 3.55487000
3907 -28.74420000 -12.49740000 -16.53050000
3908 8.66679000 -0.88061100 6.87993000
3909 12.84680000 5.13997000 0.04655420
3910 -12.01900000 -18.66930000 10.94070000
3911 12.21260000 11.09080000 1.67742000
3912 5.20967000 -6.18391000 -0.54871000
3913 11.00630000 16.79050000 14.44250000
3914 -4.37523000 -2.77602000 -0.03297960
3915 5.73207000 -4.17341000 -1.57632000
3916 -4.65317000 17.58120000 17.33560000
3917 1.61352000 -7.93102000 -1.45263000
3918 -2.74022000 -1.31508000 -4.89577000
3919 -18.77500000 18.29760000 0.94549600
3920 2.50676000 -6.83549000 -11.35720000
3921 2.79235000 -1.93742000 0.19403200
3922 10.33760000 -16.05700000 -0.15157200
3923 5.49950000 -0.11476000 -8.58324000
3924 -38.72870000 -2.22291000 21.59940000
3925 14.86000000 -6.06082000 -16.39920000
3926 10.75650000 3.13257000 -11.51900000
3927 11.10200000 14.80130000 -56.65750000
3928 -28.92340000 -2.63296000 26.74580000
3929 24.19370000 5.10858000 24.09360000
3930 4.46924000 1.29049000 6.77237000
3931 -33.46610000 30.01530000 -2.18635000
3932 11.27370000 12.27420000 -2.64706000
3933 5.21692000 -15.90550000 -0.50573400
3934 -6.78770000 24.72400000 26.54810000
3935 1.68083000 3.42866000 -0.00761199
3936 -0.98208700 -5.60691000 -3.75907000
3937 1.60189000 -24.91580000 -47.38030000
3938 6.72423000 9.78811000 12.44010000
3939 5.73669000 -0.02424550 9.05105000
3940 -8.21527000 -9.25919000 10.07670000
3941 1.95954000 -0.44844800 3.74017000
3942 -5.13211000 0.37883700 -2.81854000
3943 -24.48900000 9.68725000 -25.64770000
3944 6.44697000 2.54404000 0.71589300
3945 -11.69370000 2.82157000 2.87958000
3946 15.58910000 -8.07553000 35.22020000
3947 -2.32683000 -2.61098000 -1.82081000
3948 -3.15775000 3.52109000 0.44055500
3949 6.34623000 14.55390000 -15.55860000
3950 -0.33357800 -3.67427000 0.84989400
3951 2.74859000 -1.56679000 1.41127000
3952 41.89020000 -2.80161000 -10.04270000
3953 -5.12702000 2.17352000 7.40521000
3954 -13.48370000 -6.67924000 3.31655000
3955 -39.09020000 5.77983000 -2.50946000
3956 8.58621000 -0.30310800 0.88584800
3957 12.32850000 1.56191000 3.44264000
3958 18.66910000 4.73083000 -8.79821000
3959 -0.89573700 -7.93998000 -0.54832200
3960 -13.17370000 -2.25408000 -6.02781000
3961 -1.91149000 9.24225000 -8.97244000
3962 12.31690000 -7.03228000 14.16700000
3963 -0.19995600 6.84904000 -4.31304000
3964 5.03559000 -32.67640000 19.96180000
3965 -6.53904000 8.30904000 -5.78258000
3966 -4.53476000 11.23330000 -7.98712000
3967 6.17224000 19.64190000 8.29024000
3968 0.98973500 -2.62196000 0.11091100
3969 -2.03284000 -3.13298000 -2.93067000
3970 -7.17299000 -11.14220000 -3.81912000
3971 17.20740000 0.05501160 4.14976000
3972 -23.63070000 31.16580000 5.78056000
3973 -1.78522000 -12.35870000 3.95388000
3974 2.06962000 -2.28236000 -1.92855000
3975 -2.77722000 -29.11300000 35.30940000
3976 -15.67790000 -29.01330000 -26.56280000
3977 21.79670000 -9.15145000 14.68740000
3978 29.66320000 -38.00230000 29.82320000
3979 4.45044000 23.41020000 -24.43420000
3980 -26.45880000 -30.49640000 -0.20789000
3981 27.86420000 5.22934000 -4.34990000
3982 1.42986000 12.58670000 -19.37970000
3983 3.84170000 3.40680000 6.55336000
3984 -3.83583000 -2.61696000 4.08269000
3985 10.69500000 -27.17710000 28.93120000
3986 0.26631800 4.88050000 1.76367000
3987 -35.54280000 3.26111000 -15.57030000
3988 -4.46981000 4.85509000 -5.37598000
3989 -5.34891000 -8.17234000 -5.46319000
3990 8.36814000 -1.07488000 6.56092000
3991 5.73260000 0.75895300 11.78860000
3992 -1.38007000 15.85700000 -5.15346000
3993 3.18094000 -7.54598000 -3.16938000
3994 14.79750000 26.85180000 -26.87040000
3995 -6.13714000 -15.83580000 10.13820000
3996 0.57749500 3.50273000 9.63510000
3997 0.14364200 -10.05680000 21.49310000
3998 1.29545000 -0.93016900 1.85882000
3999 -5.55870000 0.95275400 -7.77539000
4000 5.15239000 -16.79850000 -20.95910000
4001 6.58879000 6.40160000 7.97348000
4002 1.45020000 -0.34431200 -4.44102000
4003 -22.24060000 11.21770000 -5.62499000
4004 -1.07997000 3.01574000 5.30976000
4005 1.99420000 -4.86009000 -1.42659000
4006 11.27840000 1.74497000 1.69518000
4007 0.28755400 5.32194000 -3.57630000
4008 -18.90830000 6.19789000 -41.30420000
4009 -0.35653000 -0.98095400 2.97242000
4010 3.85522000 2.19139000 4.63859000
4011 43.94080000 31.78580000 98.40120000
4012 -13.80860000 -36.82770000 -80.94600000
4013 39.00900000 21.22760000 53.67700000
4014 18.57690000 1.71107000 40.91480000
4015 -74.50570000 42.54980000 -31.18640000
4016 -0.88901600 -13.32730000 -12.17080000
4017 18.08160000 -1.34769000 -16.66150000
4018 -21.26680000 30.18370000 6.98822000
4019 1.44221000 -9.01435000 4.34073000
4020 8.47713000 7.02792000 -3.94550000
4021 28.21970000 -1.29024000 23.97500000
4022 -5.58024000 -2.81300000 -1.46609000
4023 -0.57148300 -5.58136000 2.75117000
4024 8.60683000 11.51190000 -26.71050000
4025 -7.85594000 -4.62684000 -5.50006000
4026 -0.60569700 4.93113000 -0.07574900
4027 -18.38720000 -11.55240000 17.40220000
4028 4.63291000 4.22080000 -5.36464000
4029 -3.58823000 -2.61773000 0.34933600
4030 47.55650000 -4.72680000 -12.22000000
4031 -10.88790000 -3.28953000 -3.40013000
4032 -14.20660000 4.22933000 8.08486000
4033 -20.54180000 13.82610000 11.77100000
4034 0.56777000 1.75835000 -4.93012000
4035 5.36810000 -2.69728000 -0.50166000
4036 -22.15190000 -45.77410000 1.28716000
4037 3.71526000 -0.73070200 15.23030000
4038 2.48283000 3.66071000 0.70230700
4039 24.44100000 33.50320000 -15.63830000
4040 -4.39648000 -2.66444000 3.24159000
4041 -8.83771000 -0.34577500 0.55786700
4042 -18.15200000 -15.97180000 -17.54500000
4043 1.69175000 -1.19084000 -1.27951000
4044 10.31060000 3.19261000 4.87933000
4045 -5.99753000 -3.62905000 10.36030000
4046 4.18395000 -6.07933000 -3.62508000
4047 -2.57070000 0.30643800 2.62906000
4048 26.71850000 69.29870000 1.56773000
4049 -2.34988000 -13.09970000 11.68000000
4050 -0.58177100 -2.43666000 -3.80226000
4051 -10.20010000 -18.98650000 -17.65490000
4052 -0.14009800 -0.52513800 -11.84880000
4053 1.97117000 -14.64860000 -2.85884000
4054 -3.20230000 -10.99680000 16.09120000
4055 12.25420000 -2.57201000 -7.13708000
4056 -3.44621000 -12.85320000 -6.57355000
4057 -15.11190000 34.28950000 12.62690000
4058 4.87266000 -13.21100000 -2.48110000
4059 2.49314000 -11.15340000 -0.38200300
4060 21.66280000 27.62210000 8.08147000
4061 0.57691300 -15.69730000 -6.19729000
4062 -11.81300000 14.27510000 -5.15040000
4063 -9.41733000 -38.28790000 -29.58530000
4064 5.00016000 2.18846000 2.67848000
4065 -1.70831000 9.88633000 -4.01967000
4066 2.89635000 -16.32340000 7.74700000
4067 -2.12005000 3.37968000 -16.99840000
4068 -2.84487000 15.15520000 12.42400000
4069 28.04270000 34.04670000 37.40740000
4070 -0.85025300 -12.93530000 2.72450000
4071 -4.51164000 -8.57240000 -1.70000000
4072 -14.03890000 -2.55948000 -13.77460000
4073 3.25890000 5.00622000 1.25698000
4074 -22.11360000 -4.73523000 -3.32098000
4075 7.92873000 10.39240000 4.66338000
4076 0.65637900 -0.15212700 3.61962000
4077 33.53320000 54.25830000 54.52790000
4078 -14.47780000 -14.13140000 -63.79370000
4079 13.65910000 -5.64944000 55.43170000
4080 -16.75730000 17.35730000 228.28600000
4081 -74.45400000 -33.24610000 -30.64120000
4082 14.09850000 1.90234000 -6.74852000
4083 -7.66163000 -51.88770000 -11.26920000
4084 -6.75792000 33.79540000 1.81807000
4085 -4.58286000 -6.02794000 -2.55191000
4086 7.26754000 4.48306000 -3.52707000
4087 21.29820000 14.88610000 7.60542000
4088 -1.66633000 -0.02776370 -7.15696000
4089 -7.17492000 -5.56728000 -1.39643000
4090 6.11978000 -15.47610000 11.79190000
4091 1.24037000 5.86529000 -5.66196000
4092 3.86013000 7.20385000 -2.10214000
4093 -14.84930000 -33.73330000 4.51451000
4094 -6.84362000 -0.88685200 6.00167000
4095 5.01164000 6.80844000 -4.84695000
4096 -33.62840000 11.93500000 5.58245000
4097 5.52742000 9.47461000 -7.68017000
4098 3.52920000 -2.47365000 7.57759000
4099 3.13332000 5.07642000 -22.52580000
4100 -4.16284000 -9.20929000 13.76640000
4101 -3.72339000 -5.21726000 -11.46890000
4102 31.30400000 10.49620000 -7.86953000
4103 -1.02037000 9.61824000 -2.77646000
4104 4.49472000 -0.22480800 -1.79216000
4105 19.12750000 7.03411000 3.34258000
4106 -1.41676000 -7.71008000 5.85155000
4107 -11.12030000 -0.47437200 -3.88849000
4108 -19.09060000 -4.46903000 8.58576000
4109 -2.01979000 -5.29285000 2.35768000
4110 0.76473900 -4.09802000 1.36367000
4111 25.11090000 7.12046000 7.33328000
4112 -0.65559800 0.41490100 4.24468000
4113 -6.45479000 -0.58876300 1.55551000
4114 10.11380000 12.14940000 -52.95960000
4115 -7.62516000 -9.44593000 6.06887000
4116 -15.88630000 -8.17412000 13.02970000
4117 14.48000000 4.16563000 16.46700000
4118 0.33129600 -3.12955000 5.31294000
4119 -6.90804000 -1.52266000 -3.25574000
4120 -6.96022000 -1.67013000 4.37108000
4121 0.37904100 -6.27523000 3.98735000
4122 14.21040000 12.11490000 -10.78880000
4123 -10.99770000 2.23544000 -6.44633000
4124 1.43291000 -14.19190000 -0.11321100
4125 13.33380000 3.13257000 4.21515000
4126 -52.36560000 -2.60346000 -44.74860000
4127 -2.54975000 4.16863000 9.49561000
4128 7.14011000 -9.67169000 -0.49169900
4129 40.28470000 0.77560300 -246.00400000
4130 -16.55980000 -23.51510000 -2.03367000
4131 0.49979400 17.53900000 7.45328000
4132 22.85700000 -17.94490000 -18.15490000
4133 -4.89957000 -6.72932000 -3.53741000
4134 3.51831000 15.17140000 9.91954000
4135 -13.46700000 9.49692000 -3.45842000
4136 2.33614000 -9.87229000 1.48103000
4137 -2.98607000 1.08506000 6.42637000
4138 -4.75888000 -10.32900000 0.15171900
4139 -4.09570000 -3.37848000 -0.25350700
4140 2.61200000 4.58693000 5.30397000
4141 20.60370000 20.89710000 -11.09040000
4142 -1.22270000 -2.84794000 -0.72034200
4143 1.76963000 -5.01332000 6.26068000
4144 21.25340000 -25.14010000 15.06870000
4145 -2.08434000 13.86060000 8.71365000
4146 -4.06651000 6.27246000 -5.14896000
4147 -28.06290000 -5.71552000 -20.53960000
4148 12.58000000 6.06367000 0.13083600
4149 -14.03700000 -13.58700000 5.47759000
4150 13.76420000 10.02860000 -10.08570000
4151 -13.55400000 -3.98145000 5.58701000
4152 -3.05504000 0.36968900 -11.43610000
4153 29.98970000 16.32180000 -3.12816000
4154 -3.68033000 -0.95533800 -10.12700000
4155 -8.73616000 -3.58385000 -4.25906000
4156 -6.63680000 24.37530000 28.94390000
4157 3.87925000 -10.69760000 -3.13781000
4158 -9.06302000 -8.08070000 4.85759000
4159 7.28690000 -14.66660000 -45.54260000
4160 -8.06267000 7.29406000 5.67834000
4161 11.47520000 5.00205000 -2.38648000
4162 -10.00430000 -13.49470000 39.47140000
4163 6.22313000 -1.43163000 -3.42588000
4164 -4.99445000 -1.74647000 -4.27598000
4165 -0.32793100 38.09630000 -14.65340000
4166 -1.53679000 -4.49890000 -0.28511600
4167 2.52582000 -0.65401400 3.08710000
4168 14.82510000 -14.98720000 16.62970000
4169 -6.74241000 -3.51797000 3.48701000
4170 -11.50750000 2.11991000 -2.08368000
4171 -9.75895000 -0.50735500 -29.46290000
4172 4.21258000 -0.83317400 13.15490000
4173 3.19171000 1.54529000 7.00058000
4174 3.52187000 -9.02914000 26.64290000
4175 5.30145000 1.39381000 2.41036000
4176 4.71640000 1.73777000 -2.75192000
4177 -30.52300000 25.49530000 23.13870000
4178 9.87578000 -0.79548300 -3.11371000
4179 4.18543000 -0.04622380 -10.99580000
4180 21.50360000 -58.98970000 -20.19230000
4181 -3.60504000 16.43630000 0.21933600
4182 2.16738000 -0.50987700 4.93829000
4183 -7.92314000 19.41430000 -11.22120000
4184 0.66633000 1.38550000 -3.51519000
4185 -1.54589000 -5.39185000 3.86349000
4186 -1.86457000 7.38634000 1.20285000
4187 -10.11610000 -16.82020000 4.78889000
4188 7.82672000 5.68953000 -10.13010000
4189 7.06902000 0.39348500 -3.27366000
4190 1.57896000 14.38140000 -13.64710000
