1 -149.60400000 -1013.87000000 -1230.99000000
2 -649.96600000 -116.13200000 -0.03350540
3 669.93900000 139.41900000 465.05400000
4 -137.70700000 827.89100000 392.45900000
5 -907.23900000 -408.95800000 -432.87300000
6 1861.69000000 -199.83700000 734.11000000
7 -867.28700000 -80.65560000 466.13300000
8 -313.17800000 563.94800000 -483.29100000
9 -620.99500000 -757.78700000 1175.69000000
10 -371.69800000 -1300.18000000 -558.82500000
11 299.56800000 1555.41000000 -285.01400000
12 1314.07000000 1173.24000000 -337.12700000
13 1080.85000000 -508.86400000 763.24900000
14 -585.06100000 -54.69480000 -173.20800000
15 -210.16300000 62.44640000 -396.24100000
16 -834.85400000 507.51300000 476.63500000
17 318.48000000 -498.78200000 -219.21900000
18 42.85760000 -207.65000000 300.91200000
19 257.47900000 42.03690000 -185.44000000
20 -80.79750000 -167.11100000 -263.15500000
21 302.99400000 -9.56057000 168.09300000
22 73.26540000 -48.33160000 -102.21200000
23 205.25600000 -143.75800000 74.80080000
24 -1262.72000000 475.18000000 195.63800000
25 724.36600000 1872.63000000 2289.45000000
26 146.04000000 -743.62700000 -612.96500000
27 -118.83900000 -1505.72000000 317.38000000
28 345.60500000 -194.78900000 -1995.05000000
29 -617.21900000 -98.47010000 -134.65500000
30 184.92500000 304.04800000 396.85400000
31 -1108.12000000 -236.00200000 -7.72186000
32 479.17900000 337.58100000 178.75600000
33 -134.79500000 -121.20600000 -108.50100000
34 508.96400000 323.44000000 -399.58300000
35 -523.38200000 -445.41600000 -109.51900000
36 875.20400000 1.78218000 861.48600000
37 -168.88200000 -57.48160000 254.51900000
38 -259.13000000 -14.94200000 -555.83500000
39 811.10700000 1774.31000000 -457.24800000
40 149.91600000 -2514.32000000 369.07800000
41 505.09500000 474.67200000 -247.15500000
42 264.96800000 974.92000000 727.59200000
43 771.03100000 2.80367000 -1065.21000000
44 132.67500000 -65.38940000 -90.91450000
45 -372.83100000 134.71100000 395.78600000
46 -1661.08000000 65.61610000 593.72600000
47 -144.32500000 -384.84700000 -366.87600000
48 660.15700000 12.90900000 269.21800000
49 -188.46000000 82.81340000 -382.99100000
50 -367.17100000 -3.79485000 -18.25690000
51 724.37500000 -551.86800000 -666.26400000
52 78.80230000 215.48900000 120.72100000
53 18.42120000 122.07800000 155.46800000
54 -591.91700000 561.38400000 201.79100000
55 -909.26300000 1201.85000000 -310.09100000
56 906.87200000 -999.12400000 808.15900000
57 408.74300000 -1418.48000000 -34.10030000
58 311.35400000 -920.76100000 -871.78600000
59 -1.65643000 119.93500000 -266.54000000
60 -15.31600000 162.68600000 176.82600000
61 -577.94300000 1110.65000000 -187.62700000
62 214.55500000 105.22300000 -224.81400000
63 17.08670000 -50.92570000 -182.92200000
64 70.65130000 315.36900000 6.02966000
65 -85.71290000 84.68060000 183.21000000
66 499.88000000 -443.22700000 -434.69900000
67 24.08360000 271.98100000 30.06860000
68 -319.65500000 45.33430000 0.32039000
69 52.40730000 -368.91300000 293.13600000
70 685.99100000 1590.21000000 -231.38800000
71 -685.62100000 -538.16500000 -118.43700000
72 -1712.95000000 -1065.71000000 1596.99000000
73 -322.63500000 -1221.75000000 -1229.16000000
74 1121.62000000 631.54000000 398.15200000
75 309.12300000 387.29500000 -837.76200000
76 293.07000000 1356.97000000 -718.02100000
77 101.01600000 -435.41900000 273.86300000
78 -432.41100000 -387.79000000 279.37700000
79 -19.82250000 -419.26700000 32.45250000
80 361.92900000 612.91700000 41.55790000
81 774.53800000 -1316.36000000 784.74700000
82 216.25600000 -11.87090000 -663.76600000
83 -230.38100000 143.27500000 12.07470000
84 -1264.34000000 373.19800000 -228.92100000
85 783.01900000 491.31500000 262.45900000
86 -988.19600000 -637.30500000 356.65400000
87 1288.45000000 1443.56000000 1370.97000000
88 -458.85300000 673.97100000 -1411.86000000
89 -94.90310000 -146.82200000 -384.26300000
90 143.24200000 291.81900000 -569.57100000
91 -624.69900000 -1380.51000000 -424.46800000
92 -121.12800000 528.97900000 236.79700000
93 587.01800000 384.30800000 -113.35100000
94 -325.89800000 -181.88200000 434.23900000
95 82.55480000 87.66280000 -26.58960000
96 -864.00800000 -873.41400000 226.14800000
97 146.62400000 405.38200000 -262.26400000
98 278.42300000 117.92400000 86.44960000
99 424.89500000 -822.42400000 801.23800000
100 -1652.27000000 1881.10000000 -83.80730000
101 1349.00000000 -1733.56000000 592.88500000
102 171.76500000 -23.51880000 596.97300000
103 820.19500000 -653.74600000 1.86304000
104 -259.48600000 -1.54405000 -111.60200000
105 -771.48400000 121.13700000 -285.02800000
106 -586.54600000 1577.11000000 -352.98900000
107 -99.28860000 -615.89100000 -224.82200000
108 439.22300000 -118.48500000 462.10400000
109 400.22800000 -168.85600000 -335.83600000
110 40.33280000 -204.48100000 -172.74900000
111 327.80100000 913.85100000 120.14700000
112 -86.26730000 -28.42280000 -232.33200000
113 -385.79000000 -299.40600000 -229.64700000
114 -49.29820000 -1103.51000000 487.04200000
115 -50.26010000 353.55500000 253.29700000
116 -647.82400000 -741.30200000 20.95110000
117 1679.72000000 -229.34700000 1161.48000000
118 1216.13000000 1001.61000000 -332.60900000
119 -240.81400000 -280.43400000 138.57600000
120 -162.46000000 -108.17400000 -304.56900000
121 -637.64400000 -0.30474800 -611.23900000
122 -367.26100000 131.20200000 84.21110000
123 243.81900000 30.95320000 38.88150000
124 -66.51980000 255.75400000 151.59600000
125 -25.06350000 -875.55700000 -26.40980000
126 927.43000000 356.48200000 -100.41300000
127 662.86400000 -133.20500000 115.99300000
128 -835.25600000 -352.57600000 -114.85000000
129 -243.87000000 1734.37000000 308.36300000
130 -1392.82000000 -1523.65000000 971.02700000
131 239.79600000 1059.87000000 -100.80000000
132 -1390.69000000 -524.36800000 -637.71400000
133 1058.17000000 -256.64200000 -1594.85000000
134 159.53900000 188.81900000 499.14800000
135 -372.01000000 156.07600000 79.57700000
136 873.05000000 498.83600000 -789.09500000
137 -21.32240000 127.76800000 846.29400000
138 -550.42100000 -190.57400000 347.56600000
139 291.90800000 97.14350000 269.55400000
140 -19.97120000 149.03500000 84.97560000
141 16.29890000 -127.56300000 -140.44800000
142 -241.70000000 -530.93800000 -118.37100000
143 -208.29900000 66.05330000 -450.81100000
144 -463.40000000 345.19600000 218.65600000
145 745.91700000 2727.67000000 1401.51000000
146 257.37300000 -711.93400000 -807.37400000
147 355.21400000 -1292.46000000 -243.34800000
148 171.46000000 -332.42600000 399.54000000
149 628.59600000 -984.95500000 12.60980000
150 -463.02500000 373.03500000 -1363.74000000
151 -784.68800000 -70.35500000 728.38100000
152 346.24600000 205.03800000 -225.99300000
153 85.84850000 28.01780000 242.06500000
154 -438.56600000 183.94100000 -287.56700000
155 446.94900000 -130.51400000 50.94470000
156 -1683.83000000 50.07110000 -1042.59000000
157 -324.40700000 82.52490000 -14.02110000
158 -135.13000000 -246.51600000 354.02300000
159 958.47600000 141.29600000 1116.89000000
160 840.91300000 -1189.96000000 93.17270000
161 49.88920000 -27.71260000 410.58200000
162 -564.77000000 -720.80200000 -3182.86000000
163 -425.54600000 500.37600000 126.02900000
164 -539.39200000 36.94860000 -420.19400000
165 325.50800000 682.86600000 -12.78540000
166 -586.64500000 441.24100000 638.28500000
167 -18.47230000 182.01000000 25.35090000
168 402.76700000 -313.74200000 224.73800000
169 330.42800000 -416.41200000 -562.98200000
170 -29.60630000 -266.63800000 -260.93300000
171 156.99900000 490.55300000 251.35800000
172 171.23600000 -281.37500000 -71.61770000
173 -99.50300000 116.66200000 -97.93830000
174 -139.85300000 139.81300000 164.28200000
175 1919.45000000 -710.39900000 1893.55000000
176 -1157.03000000 1915.50000000 -1183.91000000
177 -425.94000000 23.50390000 3157.21000000
178 540.09600000 -1340.77000000 -1054.76000000
179 307.08300000 994.96800000 42.86420000
180 311.27700000 -688.90300000 -150.67700000
181 -52.92140000 -41.27270000 -1173.40000000
182 -281.90000000 267.80600000 210.03500000
183 40.22680000 -114.36200000 277.77000000
184 451.40700000 415.48500000 364.06400000
185 -256.31200000 127.59000000 239.41300000
186 1258.34000000 -88.83320000 -34.67420000
187 -608.72100000 -444.59300000 62.01520000
188 -263.05800000 272.04000000 -510.27300000
189 -841.18900000 927.66100000 888.00300000
190 1683.62000000 -2391.44000000 -977.69200000
191 -221.03000000 612.43900000 415.18200000
192 -1972.74000000 1177.88000000 1030.44000000
193 -600.15500000 -1130.48000000 -768.88200000
194 43.55200000 110.90400000 206.93300000
195 -164.12100000 -72.90510000 -146.60900000
196 133.29000000 219.67400000 -1157.35000000
197 -237.27000000 68.18470000 125.47700000
198 -120.73900000 -453.46500000 384.98500000
199 46.49290000 166.89300000 233.41100000
200 -2.21592000 -45.60540000 -378.15100000
201 -669.63500000 515.10100000 587.06700000
202 -0.52836500 -15.41410000 -96.09610000
203 196.51500000 -46.60060000 -305.58900000
204 553.50300000 -651.24200000 448.21700000
205 1296.11000000 -145.41300000 2693.84000000
206 -393.43800000 900.50900000 -2157.59000000
207 1210.81000000 422.61700000 -725.62100000
208 -673.73800000 158.56500000 -432.72300000
209 342.69700000 420.56900000 265.26800000
210 271.93900000 -310.19000000 78.20000000
211 -399.11800000 100.23500000 921.81100000
212 282.88200000 -224.34700000 405.96700000
213 -455.46200000 -79.77850000 -269.43300000
214 328.00600000 5.08698000 -493.43200000
215 82.66860000 158.20500000 -304.51500000
216 268.03700000 -159.95100000 471.80400000
217 32.48310000 69.97610000 71.17900000
218 -181.38800000 484.66600000 -485.85900000
219 -211.92100000 -288.14200000 -300.23500000
220 -408.65900000 629.47600000 324.84200000
221 -491.00200000 164.09400000 -437.94000000
222 1014.61000000 -1815.60000000 1344.54000000
223 -1300.03000000 1637.80000000 -1347.02000000
224 -143.94500000 -622.46300000 -84.44790000
225 269.86800000 -214.24800000 88.92560000
226 622.36700000 390.36800000 -1223.98000000
227 -321.76600000 233.63600000 368.33300000
228 -256.88700000 -249.67700000 237.50500000
229 -31.45190000 34.85540000 168.15300000
230 -123.88200000 -358.43400000 -104.02700000
231 984.10300000 534.28200000 -820.14000000
232 -13.43410000 -116.48500000 286.30100000
233 -16.50100000 -117.13200000 18.58880000
234 -290.08600000 -65.40700000 244.82300000
235 2221.92000000 2334.89000000 -1163.38000000
236 -1003.37000000 -2138.08000000 2348.77000000
237 -2998.07000000 -827.31000000 -1749.87000000
238 514.77600000 640.81300000 -763.04000000
239 767.00400000 -357.57900000 444.29300000
240 60.79830000 857.28000000 673.03700000
241 852.10600000 128.73400000 1310.75000000
242 16.68200000 -130.84700000 -40.31450000
243 -173.40200000 -142.58200000 43.62860000
244 120.78700000 139.29900000 10.57120000
245 -179.67800000 469.11400000 47.46940000
246 851.79000000 -779.51600000 -496.44900000
247 -63.83890000 212.64500000 307.54200000
248 -307.73800000 95.92390000 238.85800000
249 -984.77300000 -44.56370000 -782.95900000
250 1542.16000000 -1625.72000000 2421.77000000
251 -234.76600000 548.90500000 -998.05200000
252 -1325.49000000 -248.92400000 -1920.90000000
253 258.49800000 1661.28000000 -752.40600000
254 -104.14600000 -682.15700000 520.58600000
255 -309.26400000 -495.69300000 288.06100000
256 69.87240000 1479.52000000 1526.38000000
257 -462.51500000 -160.68000000 -532.24800000
258 72.69850000 -226.11900000 -313.24700000
259 370.08700000 -86.94520000 -180.62200000
260 191.89100000 113.66800000 222.73400000
261 64.49730000 242.41800000 -731.77600000
262 435.93700000 392.05400000 566.14000000
263 141.26600000 -22.31620000 72.03870000
264 -999.35600000 -293.31700000 334.78900000
265 1815.66000000 -472.66400000 278.84500000
266 -2113.57000000 651.74400000 -534.33900000
267 2090.29000000 -324.54000000 864.33300000
268 217.94400000 470.81000000 -786.08300000
269 -71.24890000 120.25400000 322.07000000
270 -348.24500000 -519.37400000 447.38400000
271 -2869.43000000 -291.47400000 394.81100000
272 667.65400000 -95.71750000 -16.53470000
273 607.07500000 230.45200000 -48.37090000
274 695.58700000 -213.04700000 576.91300000
275 -97.42040000 -620.02400000 435.85800000
276 11.64710000 1108.34000000 -1037.31000000
277 45.28050000 97.20330000 627.73900000
278 -141.95200000 -151.83600000 -103.33900000
279 117.80300000 -207.23900000 -38.54010000
280 983.49600000 -142.70200000 -5.79647000
281 87.81540000 416.32600000 -288.80600000
282 45.39720000 -1475.81000000 -903.21000000
283 -876.93900000 1096.24000000 -447.87900000
284 42.74390000 -84.33610000 140.75200000
285 132.96600000 -134.04500000 430.71300000
286 303.14900000 2208.85000000 62.17600000
287 128.77000000 -272.71000000 -1.64131000
288 -54.21290000 -395.92600000 -315.65900000
289 365.26300000 -23.85930000 -41.15630000
290 394.20600000 -248.21700000 487.74000000
291 -762.03700000 535.59600000 -130.64500000
292 361.10800000 43.08000000 74.70180000
293 10.45740000 15.40510000 147.21400000
294 -420.15100000 -763.67700000 -1184.62000000
295 2795.10000000 -1013.91000000 423.64000000
296 -1626.84000000 278.54700000 -853.73400000
297 -582.58700000 -328.03100000 538.43400000
298 -667.90100000 -1892.11000000 -923.87000000
299 -8.83063000 441.70700000 122.51600000
300 162.84900000 36.14870000 1116.49000000
301 -1392.03000000 347.88100000 302.35900000
302 60.98560000 48.83520000 187.93100000
303 396.46100000 -30.20890000 23.49630000
304 133.01000000 -69.47990000 -15.18890000
305 108.30900000 -350.52800000 -17.47480000
306 -1166.39000000 327.79000000 -964.88100000
307 151.73200000 120.52700000 426.56800000
308 106.11600000 66.96620000 228.56600000
309 210.15600000 -306.98000000 -9.76066000
310 -2239.04000000 -519.81500000 -562.21100000
311 2200.07000000 180.71300000 759.05000000
312 680.66300000 692.42000000 474.55400000
313 174.34900000 -377.88500000 -918.27400000
314 -105.45500000 18.20660000 437.73000000
315 -658.56700000 25.11340000 727.28300000
316 384.85900000 110.97400000 -1214.60000000
317 -339.54600000 -321.50500000 134.02100000
318 42.32130000 -362.58600000 440.21900000
319 21.75140000 373.26100000 6.59612000
320 103.84600000 -113.54800000 434.44100000
321 -278.24600000 877.01700000 -1649.44000000
322 103.16200000 -382.58900000 90.23910000
323 -180.75400000 142.74300000 465.09300000
324 1117.70000000 -1454.95000000 1350.27000000
325 -43.59030000 159.77400000 -799.50100000
326 171.53600000 585.96900000 30.40900000
327 -1890.63000000 1018.80000000 424.01200000
328 452.20600000 -87.26160000 295.76600000
329 -181.58100000 749.85700000 172.53900000
330 -567.98600000 -80.43330000 693.26200000
331 -14.65220000 -146.51300000 -187.40500000
332 -29.37040000 510.55600000 344.75500000
333 158.97100000 123.39800000 239.53200000
334 868.74100000 -99.03530000 -515.36000000
335 -4.35029000 -29.87510000 -97.26660000
336 -165.20000000 -1213.80000000 1250.06000000
337 -113.37400000 -23.46770000 -142.62900000
338 404.69400000 184.50400000 -13.92410000
339 1409.89000000 447.86300000 -1010.99000000
340 -969.91600000 -1142.27000000 402.06900000
341 -357.49600000 420.10800000 -894.74600000
342 1434.06000000 436.03300000 -1696.45000000
343 94.89600000 -1272.24000000 -929.40500000
344 30.54940000 183.37500000 106.42300000
345 -163.10900000 -250.23400000 -290.15100000
346 -729.20400000 1359.78000000 827.82800000
347 10.37370000 -498.77300000 -677.28200000
348 299.11600000 -348.95400000 246.22300000
349 3.58483000 -203.97300000 -7.05709000
350 -458.94100000 89.07120000 -88.88600000
351 1310.35000000 -277.48600000 646.94300000
352 -219.66300000 205.62200000 -247.65400000
353 -111.41500000 -7.19927000 -181.86800000
354 -996.44300000 216.77300000 -53.30520000
355 472.90300000 -1091.79000000 554.57500000
356 1547.95000000 406.75100000 -1109.01000000
357 -864.36500000 654.82500000 1573.02000000
358 -267.53000000 682.79000000 881.86000000
359 -566.55100000 182.61400000 -90.65690000
360 582.65200000 514.54500000 21.21020000
361 -410.99900000 541.42700000 -602.37100000
362 58.43780000 -159.27000000 297.78700000
363 -42.56620000 -595.49500000 212.98700000
364 160.50000000 -32.89970000 -35.16370000
365 291.05800000 -92.69660000 111.86800000
366 -551.12700000 1272.94000000 177.21200000
367 -196.56200000 -442.95600000 257.15700000
368 280.35900000 -533.08400000 -285.39300000
369 -857.43900000 -388.05700000 447.66200000
370 456.51800000 -628.53800000 358.92600000
371 -92.54460000 1384.64000000 -445.90400000
372 -737.43900000 -33.59350000 -1749.72000000
373 344.44100000 -292.81400000 -744.95000000
374 517.51400000 98.96220000 837.93400000
375 -244.66600000 380.76900000 -226.57700000
376 739.83200000 -93.19990000 -540.04500000
377 135.21700000 191.35000000 8.70571000
378 -313.80700000 -207.60300000 48.08830000
379 -236.33900000 -102.24200000 197.73600000
380 438.42500000 608.08200000 -456.60100000
381 -583.26100000 -439.29600000 247.35400000
382 130.99300000 284.63500000 90.78100000
383 231.95900000 -295.04600000 -163.77000000
384 34.53010000 560.26600000 505.72500000
385 1451.00000000 78.95320000 -516.98100000
386 -1220.86000000 -102.81300000 152.82000000
387 -2116.45000000 -2521.66000000 657.89200000
388 1184.69000000 491.09400000 860.08700000
389 -103.11900000 -177.79700000 -76.11160000
390 205.45600000 -128.70000000 45.50630000
391 83.85470000 887.51500000 -257.48800000
392 462.80900000 -421.19000000 -215.38000000
393 -392.48200000 -163.19700000 498.54000000
394 198.87200000 119.54900000 -247.67400000
395 -177.95000000 -117.25600000 -199.73300000
396 -806.67700000 822.32100000 353.59400000
397 132.51100000 290.53500000 -304.50600000
398 1.09606000 -200.40700000 147.81100000
399 566.37400000 -977.21200000 -333.34800000
400 303.87500000 1390.94000000 1093.41000000
401 -16.79380000 501.53600000 -966.89700000
402 7.82606000 -1097.29000000 -2337.50000000
403 -1247.97000000 -855.87900000 2681.89000000
404 -231.00700000 290.48000000 -677.72800000
405 -542.51900000 165.69500000 -578.44000000
406 559.91800000 28.62900000 -350.01700000
407 73.87030000 -266.90500000 -163.68100000
408 -563.32200000 540.66700000 156.29100000
409 285.81600000 -76.60270000 304.85500000
410 201.44600000 -23.71270000 -352.56200000
411 398.53700000 272.52000000 267.13200000
412 -631.42900000 -444.04900000 -57.59250000
413 -221.38800000 -125.86100000 527.14300000
414 -229.30100000 2089.50000000 -154.26000000
415 198.71800000 -56.52350000 -22.78550000
416 161.81000000 -1551.53000000 -255.12400000
417 1454.33000000 1641.20000000 -882.32000000
418 1787.96000000 -234.65600000 566.65700000
419 291.63000000 -274.92500000 -262.74000000
420 -635.51800000 -67.25490000 732.88400000
421 176.82000000 -134.63500000 848.85700000
422 -117.18700000 -407.45700000 -224.86800000
423 458.28200000 -653.90300000 -205.61300000
424 -54.20410000 392.49600000 -151.88100000
425 432.54900000 334.01000000 -117.67200000
426 -1448.86000000 -391.79900000 -555.32200000
427 714.25900000 289.39800000 304.20000000
428 169.43500000 -120.58800000 -1.88932000
429 -313.27500000 1167.19000000 681.29200000
430 1135.92000000 -1562.67000000 539.04600000
431 -594.70400000 86.26660000 -847.39700000
432 -2135.73000000 -1060.89000000 70.59320000
433 1567.48000000 -257.77400000 -505.60100000
434 -363.83800000 80.71630000 38.67710000
435 -88.80140000 -4.93292000 263.75400000
436 -59.16770000 179.87600000 183.51000000
437 61.12920000 -2.33895000 134.94700000
438 39.07130000 233.30700000 277.39700000
439 166.03200000 312.97700000 -481.46100000
440 177.63100000 481.76700000 -206.40000000
441 -833.05600000 -690.80300000 -13.81190000
442 495.29100000 193.21300000 235.96000000
443 -23.15070000 -150.17300000 80.51560000
444 285.33200000 316.07500000 -407.39600000
445 -591.39100000 1242.98000000 1382.64000000
446 -82.55730000 100.06100000 -121.95200000
447 546.20700000 -2502.04000000 416.86700000
448 -496.57200000 849.06200000 -497.18000000
449 331.99000000 419.14700000 -279.67500000
450 61.77770000 -358.08100000 -146.43000000
451 -336.87600000 421.66300000 -98.79180000
452 220.80000000 283.39600000 12.53180000
453 65.93690000 -452.59000000 -64.21560000
454 -408.70800000 -246.17600000 36.54450000
455 26.62990000 -127.42200000 254.26900000
456 116.44300000 550.98700000 -205.38200000
457 119.16900000 -134.54200000 -100.45600000
458 -503.67800000 -108.51800000 168.75400000
459 -191.60300000 609.75800000 818.51000000
460 -1042.18000000 -1676.61000000 -1714.99000000
461 1058.46000000 1106.56000000 1515.10000000
462 -109.16500000 1057.42000000 2663.83000000
463 528.69900000 -422.38300000 501.59600000
464 -627.30500000 -247.20200000 92.45030000
465 -424.35900000 224.75100000 -578.26400000
466 805.04600000 -2263.52000000 -1684.57000000
467 -50.82650000 -89.65450000 -67.37830000
468 -383.33200000 345.97500000 101.25500000
469 317.03300000 17.71620000 -132.37100000
470 363.93500000 -45.96250000 137.79000000
471 329.84000000 186.44900000 -157.96900000
472 390.36700000 -307.13600000 -61.22630000
473 -232.12500000 147.25200000 0.84795400
474 -309.75000000 741.25200000 -512.89000000
475 755.37800000 -472.90600000 -93.01260000
476 -58.91160000 -895.03700000 407.12900000
477 -1778.71000000 2166.19000000 -180.12200000
478 774.99600000 -1290.95000000 -316.25300000
479 -404.80800000 209.06800000 -187.13100000
480 -97.52130000 156.18100000 -16.38860000
481 577.12100000 177.70700000 -521.78200000
482 -361.78300000 -359.23800000 332.68800000
483 -347.77700000 273.81800000 62.98690000
484 315.20700000 -245.96300000 -314.21500000
485 -90.94400000 199.52800000 155.46400000
486 -40.54360000 -110.46400000 -539.65700000
487 -494.29000000 -16.95150000 199.77600000
488 86.59980000 -199.10800000 71.34980000
489 632.71800000 -787.12600000 1855.19000000
490 1035.26000000 1691.42000000 -87.79140000
491 -1199.89000000 -737.64900000 -1775.94000000
492 887.63800000 -18.11940000 788.31100000
493 -1659.90000000 1211.31000000 561.93300000
494 8.33093000 -250.13000000 -212.21900000
495 197.82200000 41.28560000 -256.82200000
496 804.17600000 -70.94320000 -750.98900000
497 -897.05900000 -27.02810000 128.30200000
498 -161.38000000 278.02200000 632.01400000
499 -237.70500000 106.54400000 68.56010000
500 159.03300000 293.88200000 -279.34600000
501 275.88300000 0.02180270 295.69500000
502 -214.74200000 -175.12000000 336.77100000
503 -341.62600000 161.32800000 -87.54150000
504 -89.27210000 -556.02700000 -973.58100000
505 196.62500000 524.36300000 -1519.42000000
506 520.92800000 155.39400000 450.26400000
507 91.20320000 -119.08800000 2012.57000000
508 569.06000000 -2199.74000000 635.92100000
509 -535.70900000 369.96500000 -46.46920000
510 86.65470000 -398.81400000 -667.14700000
511 1271.87000000 -117.92900000 -191.91400000
512 94.98840000 -20.39910000 -298.28600000
513 -329.67800000 -93.77380000 -0.61263400
514 74.83770000 314.13500000 -111.54000000
515 -119.33300000 45.16050000 -60.36010000
516 672.00100000 292.27500000 -155.42100000
517 -241.24600000 -217.54300000 86.79100000
518 -221.45200000 40.15500000 331.48000000
519 -159.83800000 -418.19900000 -1627.04000000
520 -1205.98000000 1483.50000000 2410.35000000
521 160.89200000 -118.66400000 -1431.84000000
522 -619.98900000 -2118.00000000 525.44800000
523 1187.70000000 1986.15000000 10.33240000
524 417.16800000 -432.74300000 -63.89720000
525 150.66400000 -221.48800000 205.29900000
526 -716.82400000 724.91200000 260.03800000
527 -131.42200000 433.77800000 231.59900000
528 223.90600000 -195.87100000 -68.57870000
529 -56.48200000 -224.44000000 -31.77340000
530 -334.83400000 421.50800000 84.68120000
531 -954.56300000 -1227.79000000 -175.23100000
532 106.85600000 47.45210000 109.92400000
533 -313.32900000 37.37760000 -173.21500000
534 935.25700000 271.85100000 349.12800000
535 880.30100000 -2054.15000000 685.83100000
536 -122.09400000 891.63400000 225.41000000
537 -1266.49000000 1323.73000000 -1474.82000000
538 161.53400000 108.94900000 1538.66000000
539 72.61350000 41.06440000 33.26310000
540 -715.92100000 -201.10000000 -127.25600000
541 982.63400000 673.13100000 -990.20800000
542 -61.71390000 -132.27500000 -94.90240000
543 -28.95050000 -193.52400000 51.72090000
544 -232.30400000 -199.68200000 -93.91690000
545 304.26900000 -106.49900000 -272.36400000
546 -199.65000000 -242.61200000 1013.98000000
547 93.83990000 -228.91300000 -196.71300000
548 -125.13100000 363.51500000 -164.45000000
549 577.09300000 -83.39120000 -164.87100000
550 -996.10900000 -281.91900000 1103.91000000
551 975.51300000 -249.15200000 -748.84200000
552 5.17186000 986.68800000 -2533.14000000
553 499.55000000 -71.46110000 253.22900000
554 297.93300000 439.65300000 -77.28800000
555 103.18900000 86.97280000 -258.35600000
556 -40.00600000 328.25400000 1801.00000000
557 -321.95100000 226.10500000 -756.26400000
558 1011.81000000 311.45700000 84.95120000
559 -188.19000000 -777.81100000 219.22700000
560 -33.22010000 -354.94200000 168.06100000
561 -204.87200000 666.01200000 -871.27500000
562 220.61900000 -162.96200000 63.00460000
563 -18.10610000 13.73740000 -268.72000000
564 -352.65400000 104.31200000 1076.98000000
565 -665.41800000 1665.16000000 996.13700000
566 756.91300000 -1366.56000000 -482.92700000
567 62.71570000 -2762.17000000 131.67500000
568 -2099.47000000 1991.86000000 -931.90900000
569 554.28800000 -67.13970000 354.75300000
570 40.40250000 53.57410000 -267.25100000
571 -43.54190000 -40.13310000 -263.52600000
572 52.36190000 -137.18800000 7.35933000
573 -51.34800000 104.88400000 0.08654880
574 303.87300000 108.22800000 22.25230000
575 -22.24760000 204.59300000 172.78700000
576 -166.44400000 1248.53000000 -701.41100000
577 189.12100000 -255.89400000 248.90900000
578 130.44700000 -307.03100000 509.67300000
579 -359.98500000 -456.58300000 1026.78000000
580 -276.95300000 282.57100000 2235.24000000
581 645.08700000 -296.44800000 -2305.01000000
582 233.48000000 -1532.94000000 -2855.20000000
583 91.35140000 348.98900000 969.45400000
584 332.74300000 3.67675000 145.01100000
585 733.89600000 -323.30200000 -614.87700000
586 827.13900000 -117.70000000 326.60500000
587 -1163.95000000 384.25500000 16.19110000
588 133.66100000 24.47700000 704.56100000
589 -501.18800000 -6.06540000 218.20300000
590 1123.07000000 -328.79700000 -85.47020000
591 -1698.60000000 1143.25000000 538.54800000
592 353.80400000 -138.29000000 422.55400000
593 480.88000000 -428.89700000 -700.16600000
594 -744.09600000 -558.35500000 99.39700000
595 1626.81000000 -1581.80000000 -704.12700000
596 -461.72500000 1379.52000000 205.96900000
597 -96.16210000 -616.05200000 1659.91000000
598 -1162.66000000 1007.40000000 -1008.86000000
599 79.93580000 138.43800000 135.80000000
600 -286.81500000 160.66600000 -226.64000000
601 211.25300000 -29.08830000 169.31400000
602 -328.32300000 80.15210000 -12.43700000
603 -76.26780000 185.52500000 1.16487000
604 94.96430000 -29.94380000 58.01860000
605 -225.29500000 335.51700000 -95.91510000
606 -452.21600000 164.11900000 1442.21000000
607 64.06350000 -153.90200000 -811.01000000
608 -35.81300000 226.49700000 -566.82500000
609 638.53800000 -795.81000000 687.11700000
610 -397.03800000 -62.42390000 -24.55240000
611 811.51300000 -174.20300000 -1044.12000000
612 1880.38000000 1314.62000000 -1309.93000000
613 -1510.49000000 -59.15700000 2151.23000000
614 -233.92200000 -603.25000000 202.49200000
615 21.14440000 -74.13180000 -105.29700000
616 1101.59000000 -900.06700000 -1732.84000000
617 -111.32100000 631.40000000 784.11800000
618 -645.92100000 -7.11584000 294.60800000
619 -574.64800000 66.98310000 418.84000000
620 463.43000000 148.83200000 -18.04050000
621 -849.43300000 168.62900000 -1087.04000000
622 -53.15350000 -136.72500000 123.17300000
623 440.64900000 -358.22900000 -33.36210000
624 314.49600000 567.37700000 299.06700000
625 529.26600000 -271.24300000 1395.16000000
626 587.28600000 263.80800000 -200.47200000
627 -766.77600000 -1632.01000000 401.25400000
628 -241.30900000 -388.80900000 -845.67400000
629 6.81744000 -130.03400000 -667.07300000
630 1044.68000000 336.44300000 500.24600000
631 -201.76200000 374.78900000 -1513.44000000
632 -24.20760000 16.81750000 554.42100000
633 -650.49600000 448.73600000 -73.52780000
634 428.70000000 724.83300000 676.12600000
635 -594.43500000 285.64300000 153.23200000
636 452.65300000 -429.09100000 363.70400000
637 106.94600000 464.00600000 204.69300000
638 345.10300000 -182.92200000 -171.48200000
639 815.38700000 -45.55970000 -971.86100000
640 -2433.18000000 1112.89000000 336.64000000
641 202.14900000 -879.45900000 -546.19600000
642 953.62100000 347.75300000 1232.62000000
643 -1434.42000000 911.63500000 -93.30460000
644 -152.94500000 43.35880000 101.47400000
645 206.68300000 285.04000000 90.83450000
646 -817.67900000 -920.10400000 -342.27200000
647 96.69040000 -187.34100000 -128.59400000
648 -55.35630000 -79.83230000 361.44600000
649 6.56213000 -24.89270000 -213.78200000
650 40.60570000 219.02400000 52.25770000
651 -100.86700000 -504.30100000 -1072.25000000
652 -61.71160000 -19.56160000 150.17400000
653 -22.85040000 180.08000000 126.93300000
654 -456.73600000 -527.04300000 1582.07000000
655 743.59000000 1061.75000000 -2278.53000000
656 87.44310000 -301.13300000 645.84900000
657 1988.76000000 -653.26600000 93.34600000
658 -443.32800000 329.20800000 1084.47000000
659 -192.02000000 -187.84000000 -514.46700000
660 92.04960000 106.97600000 -10.91810000
661 -896.65500000 -99.32770000 -221.33700000
662 589.58200000 92.15260000 -4.36995000
663 -317.89600000 -92.96260000 136.63200000
664 -119.85900000 -152.67900000 -124.02300000
665 64.11570000 18.88260000 -108.19100000
666 217.56100000 1476.61000000 -1531.31000000
667 -234.18700000 -298.35200000 -91.76340000
668 237.88700000 -363.80500000 75.02450000
669 -780.21900000 -1227.71000000 1912.00000000
670 216.30600000 117.75900000 -1822.64000000
671 -28.20200000 86.19530000 471.87600000
672 1026.09000000 -304.71300000 2711.85000000
673 164.25200000 -1528.99000000 -81.37230000
674 -343.05500000 313.48200000 328.93500000
675 -134.74800000 -209.35600000 -124.58700000
676 -300.68400000 294.08600000 -858.77200000
677 -16.96780000 -11.43070000 -416.92500000
678 875.69100000 101.33900000 377.99000000
679 -81.11360000 441.41700000 -134.91100000
680 356.12800000 -187.33200000 109.52800000
681 -463.32400000 729.37000000 -682.20100000
682 -77.80020000 -539.82400000 322.63000000
683 -58.91190000 39.09190000 -164.03600000
684 230.45400000 0.04151300 502.44000000
685 425.72700000 -1057.26000000 -1885.79000000
686 -1076.11000000 -441.50400000 -36.45730000
687 234.16200000 2231.45000000 2126.70000000
688 866.03600000 -927.43600000 158.63200000
689 -722.89700000 -25.69250000 189.96100000
690 -225.84500000 438.79000000 -173.95400000
691 524.12800000 -990.06600000 -437.52200000
692 159.53200000 210.21800000 2.39358000
693 88.89900000 470.11700000 -599.95500000
694 36.66420000 795.84400000 271.27200000
695 -594.06700000 -428.00100000 39.64660000
696 1629.99000000 648.93900000 -162.24200000
697 -74.03840000 28.47560000 -203.70400000
698 13.67310000 -48.67910000 257.46500000
699 -2439.62000000 -576.61000000 -212.33600000
700 1338.19000000 -847.24700000 1296.27000000
701 -941.25900000 194.87700000 -860.22000000
702 -388.73200000 321.11000000 -2368.11000000
703 -447.49600000 565.28900000 712.85100000
704 -317.84100000 494.40700000 -490.35700000
705 71.84400000 -95.10460000 -310.32800000
706 -774.44200000 -220.57600000 1671.80000000
707 200.27600000 382.18400000 300.20200000
708 120.62700000 -200.83000000 -60.87410000
709 557.72600000 114.05200000 458.41700000
710 63.52460000 409.38500000 322.41200000
711 262.12100000 634.52700000 48.16550000
712 99.94420000 -442.34300000 -302.93700000
713 -453.45200000 -582.35000000 706.54100000
714 -353.92600000 -162.83100000 -404.11300000
715 1071.28000000 1492.83000000 2888.86000000
716 -160.04700000 -431.45100000 -576.58900000
717 396.77800000 -1392.27000000 -118.12400000
718 -1175.66000000 264.03900000 -2551.07000000
719 -117.02700000 -344.37600000 176.26500000
720 77.20770000 -124.15500000 353.52600000
721 799.36300000 599.93900000 -959.73200000
722 -9.19825000 -373.72600000 -2.48340000
723 -378.85100000 -354.57100000 422.93200000
724 -127.61900000 72.11160000 -287.82500000
725 -364.74500000 293.00700000 255.96500000
726 -287.54600000 1605.59000000 -123.59000000
727 225.64400000 -164.30300000 -45.29130000
728 137.77400000 -513.31700000 -183.23000000
729 -10.60430000 -1230.30000000 -391.02100000
730 -92.16680000 726.54600000 335.93500000
731 7.42381000 -348.56800000 -406.52500000
732 -50.51770000 688.68300000 1964.51000000
733 -184.54900000 -21.94390000 -941.16100000
734 486.71700000 423.75700000 -440.16300000
735 -53.79770000 -394.46100000 -461.59600000
736 665.14300000 -248.20400000 -402.08200000
737 -233.87700000 -76.76460000 91.06580000
738 101.97200000 -9.33079000 372.26800000
739 -131.45400000 143.57600000 177.38500000
740 150.15900000 -543.00200000 -89.13940000
741 -69.50710000 733.26100000 133.27600000
742 326.53500000 -239.87200000 -251.39700000
743 -440.15600000 -158.05000000 -117.19200000
744 301.13300000 486.44600000 766.03200000
745 -656.98800000 -416.43000000 -832.20000000
746 1611.77000000 62.86560000 493.20300000
747 -1542.36000000 -360.93300000 536.13700000
748 1791.45000000 1435.29000000 -121.19700000
749 -385.18700000 -256.96000000 -196.04500000
750 -76.55450000 -52.24760000 149.52300000
751 259.48700000 -292.67500000 655.34000000
752 -169.38200000 31.67620000 82.16490000
753 345.73500000 42.40700000 -460.41500000
754 28.71340000 217.11600000 59.27310000
755 241.91000000 223.65000000 908.83400000
756 -575.99700000 99.90840000 -1093.88000000
757 332.83800000 -536.69100000 -214.18200000
758 -441.83900000 -17.07770000 64.98060000
759 1420.11000000 -146.23400000 366.14300000
760 -811.35000000 274.67100000 271.97600000
761 72.09570000 -17.58970000 -144.00500000
762 -1836.47000000 998.16500000 24.48860000
763 -332.40900000 -1787.67000000 -1133.66000000
764 -218.89100000 362.22400000 -439.52400000
765 -208.64600000 899.29600000 358.63000000
766 1377.35000000 1033.26000000 -577.44400000
767 -428.61800000 -390.49300000 139.43300000
768 63.53800000 -230.65800000 75.62880000
769 -477.39600000 -304.64000000 -25.02290000
770 166.69000000 61.41510000 -552.88500000
771 -280.07100000 -725.92200000 780.23100000
772 178.05900000 507.60400000 245.78200000
773 241.79000000 -6.81452000 364.71900000
774 1116.71000000 246.12400000 -2088.40000000
775 -1383.82000000 -1342.15000000 361.31100000
776 -643.58100000 832.12000000 401.36700000
777 1634.36000000 -206.43100000 1384.95000000
778 -1438.92000000 -1414.08000000 351.56100000
779 338.64300000 -132.56900000 47.56210000
780 600.36000000 -520.62100000 -215.92200000
781 935.08400000 1649.16000000 292.04800000
782 -141.13600000 66.29750000 215.25000000
783 -48.12460000 -499.34100000 -452.94500000
784 109.74600000 -772.23900000 217.60600000
785 222.56600000 -36.96620000 177.61400000
786 -443.38100000 143.78500000 -833.44900000
787 -88.92780000 -68.51630000 274.84700000
788 209.04400000 243.89600000 247.35800000
789 -599.02800000 -881.20300000 -289.09200000
790 475.62000000 198.63200000 -757.64100000
791 -370.59900000 200.34000000 794.17900000
792 896.17100000 590.09200000 279.89400000
793 -396.25000000 606.17700000 -557.68000000
794 -172.57800000 -131.56100000 77.42580000
795 200.20700000 205.83500000 170.69800000
796 -291.61200000 155.21000000 -485.89000000
797 -40.94220000 -168.11700000 391.01400000
798 104.66200000 0.66786900 262.51900000
799 -430.28200000 56.15000000 26.16590000
800 160.24500000 -112.90100000 -216.95700000
801 -1170.01000000 -14.60720000 -418.46800000
802 564.41200000 -103.62800000 36.42690000
803 191.03000000 89.18370000 127.66600000
804 32.10310000 -540.46900000 380.12700000
805 -1737.12000000 333.67900000 387.85500000
806 996.01600000 -412.97500000 -743.16800000
807 -279.89300000 -227.15600000 56.92710000
808 2053.97000000 568.43600000 -872.24600000
809 -363.59600000 511.78200000 -50.57060000
810 -364.71400000 112.94200000 -704.95300000
811 -409.46100000 829.46100000 340.50700000
812 111.54700000 -184.29700000 37.57280000
813 19.40790000 -47.80270000 -183.85600000
814 264.78200000 -237.04100000 -86.63740000
815 60.31470000 -414.44800000 -153.59000000
816 893.46900000 1958.62000000 -549.50500000
817 -713.77600000 -540.51900000 140.83700000
818 -38.83270000 361.47300000 325.65100000
819 -448.47500000 -1619.95000000 539.79000000
820 -697.19700000 -1932.49000000 184.08300000
821 246.03400000 29.55650000 -482.86200000
822 1814.41000000 1733.20000000 551.55800000
823 -731.28700000 -1927.37000000 2659.41000000
824 95.37640000 -221.65600000 229.56700000
825 18.58730000 32.68410000 362.33700000
826 928.73800000 -357.42300000 -490.18300000
827 -229.84800000 654.30000000 336.64500000
828 -311.78500000 127.63700000 -287.54500000
829 -437.37800000 100.61500000 57.46480000
830 242.03000000 316.79400000 19.67970000
831 -1991.98000000 -904.33100000 855.37200000
832 -169.06400000 317.40200000 -269.72200000
833 633.25300000 -35.41720000 -226.02700000
834 303.16300000 432.92600000 -251.04800000
835 3058.26000000 -1152.85000000 804.79300000
836 -1393.34000000 1216.15000000 -47.48030000
837 -1567.42000000 859.34100000 -1728.54000000
838 -239.64900000 934.32000000 50.84070000
839 500.00600000 -200.56900000 -113.27800000
840 -143.47600000 -2.55684000 -234.90600000
841 -133.86800000 394.33400000 -1143.33000000
842 -83.80260000 -35.81790000 25.91690000
843 181.59600000 -373.64500000 34.95890000
844 93.52990000 -382.44700000 88.57500000
845 594.10200000 -362.78800000 461.22300000
846 582.41500000 -261.24300000 -230.88200000
847 5.93068000 -314.88700000 -104.26700000
848 -409.31300000 275.70100000 203.51100000
849 -254.57500000 537.92400000 -1335.18000000
850 -558.08500000 -477.43200000 -661.12000000
851 -359.69300000 663.79300000 1438.84000000
852 1641.08000000 128.51300000 -1164.72000000
853 -1606.86000000 -2031.25000000 -258.77900000
854 586.48700000 -46.52420000 103.03800000
855 28.63570000 391.99900000 -291.84100000
856 917.17500000 158.37500000 902.57900000
857 -472.23400000 523.36900000 275.95800000
858 123.90700000 98.00850000 811.43200000
859 -187.28600000 370.11100000 32.83800000
860 522.18800000 266.52300000 66.42190000
861 -1691.92000000 -1011.01000000 -807.04700000
862 309.42500000 314.45100000 1.45502000
863 516.60700000 223.38900000 360.03600000
864 139.38000000 325.63500000 684.04700000
865 1634.62000000 -565.90200000 -1067.33000000
866 -1942.55000000 612.87100000 1479.81000000
867 11.96180000 -450.32800000 -1317.24000000
868 1238.89000000 248.46300000 469.60800000
869 212.01400000 -153.79400000 -780.19600000
870 -602.58900000 -697.80100000 432.70300000
871 -496.44400000 259.54700000 759.32100000
872 -230.33100000 -6.87365000 -6.44254000
873 172.33900000 384.49600000 575.22500000
874 381.96000000 596.26100000 -215.93200000
875 -286.15500000 -16.52320000 52.27940000
876 2005.74000000 853.19500000 -713.52000000
877 -27.02910000 -168.11300000 153.60600000
878 9.86179000 251.85700000 337.92700000
879 -1331.90000000 693.01800000 1295.08000000
880 851.03600000 -354.24900000 -320.13800000
881 -1318.46000000 1203.62000000 -313.55800000
882 -179.85100000 -721.81100000 591.76300000
883 -716.25200000 -1444.32000000 -331.90200000
884 -215.12600000 136.17800000 194.08600000
885 157.75700000 -168.49500000 627.58300000
886 -1410.22000000 728.79700000 -1113.55000000
887 318.83700000 -79.79390000 343.19100000
888 475.31600000 -133.17200000 -171.30400000
889 865.53700000 -809.87300000 2449.15000000
890 -106.16900000 -226.58000000 -4.64885000
891 257.29700000 -556.59400000 -530.40100000
892 -562.99100000 -363.94900000 -423.29300000
893 492.90200000 -254.96900000 412.02900000
894 -525.73900000 477.68900000 -829.32900000
895 -101.45100000 -69.85780000 36.81080000
896 354.25200000 258.58200000 -113.25300000
897 259.96000000 -173.68900000 124.46300000
898 -860.56000000 1296.53000000 -826.86900000
899 158.48900000 -348.96900000 386.13700000
900 212.11800000 -354.94800000 136.04900000
901 1421.12000000 -271.21400000 736.72900000
902 -128.57300000 -34.19750000 -310.98200000
903 -408.93800000 258.92500000 -76.59390000
904 -503.62700000 -361.45900000 311.04600000
905 -504.68100000 279.76400000 -313.52100000
906 283.00600000 311.41200000 -618.87000000
907 293.83100000 538.90600000 -138.51500000
908 -162.07900000 -135.01200000 -24.46500000
909 227.56900000 34.35160000 6.53833000
910 -290.70200000 -36.41050000 -83.00840000
911 -525.65000000 444.14300000 -141.13400000
912 -578.05700000 927.50200000 -320.84800000
913 196.84000000 109.67500000 144.56700000
914 78.32720000 -253.07100000 -130.90300000
915 582.86000000 -835.49900000 -61.09600000
916 -157.62600000 227.40700000 1201.44000000
917 1344.42000000 -892.70300000 -155.73300000
918 36.79560000 134.10300000 -235.35300000
919 -297.74300000 120.86700000 -264.32800000
920 -222.09900000 -526.10800000 -572.77400000
921 1170.94000000 1173.35000000 477.74800000
922 -1155.22000000 -1683.84000000 -364.10300000
923 -232.18900000 -104.00800000 118.54200000
924 261.96600000 345.33900000 -264.49800000
925 493.66200000 1813.26000000 -42.45100000
926 -369.86600000 -169.73500000 -53.03430000
927 -154.46500000 -387.03200000 -139.81600000
928 -1016.32000000 -914.47600000 826.00600000
929 -99.32490000 -330.16400000 24.52720000
930 -98.05930000 -16.42870000 122.44700000
931 400.54400000 718.55900000 -787.74700000
932 173.53300000 41.34830000 -65.92900000
933 249.11600000 -397.64100000 92.98960000
934 332.61500000 1038.18000000 -118.05200000
935 -170.02600000 -201.76700000 -582.59300000
936 197.69800000 -165.21200000 403.13700000
937 217.12900000 -215.32400000 1150.66000000
938 -111.44900000 105.54800000 -59.57620000
939 171.30700000 -46.27440000 -389.37100000
940 110.23400000 664.15800000 -269.03000000
941 -339.01700000 -288.19900000 119.45700000
942 -113.83400000 -112.72800000 -233.88000000
943 -24.75740000 -959.06900000 -810.53800000
944 -228.78300000 -173.54100000 625.82700000
945 321.15800000 185.00700000 439.06700000
946 472.80200000 -101.92800000 119.37800000
947 105.28000000 131.00200000 -107.19400000
948 -112.21000000 -295.57500000 149.63400000
949 -425.12700000 24.21850000 137.25600000
950 86.41980000 63.77290000 -150.12800000
951 -14.24300000 8.56849000 178.33000000
952 -224.65400000 393.34600000 329.51800000
953 -83.10940000 489.46600000 73.44610000
954 77.42190000 -680.50600000 -135.56500000
955 46.02360000 -346.64400000 -1473.04000000
956 -599.11600000 -297.23200000 157.30700000
957 -287.78600000 113.82800000 232.50100000
958 1523.79000000 1030.98000000 877.23800000
959 -74.44420000 0.75309800 -20.43640000
960 -294.35800000 -122.86900000 -173.14900000
961 1202.87000000 1029.73000000 -516.47900000
962 87.55970000 7.60976000 322.49200000
963 238.19300000 -123.52600000 73.30250000
964 -2229.04000000 -1502.70000000 -400.37700000
965 -108.10100000 -298.65700000 20.64840000
966 314.50400000 107.65900000 440.89100000
967 376.03800000 -321.45600000 -208.30300000
968 253.15400000 238.05000000 -18.01840000
969 158.63700000 -374.51700000 100.11600000
970 -134.72400000 -843.23200000 686.76100000
971 -76.95640000 574.78200000 -159.21600000
972 -435.82900000 -708.65700000 45.07050000
973 -333.32500000 1489.63000000 -439.11200000
974 402.82400000 -49.39050000 164.71800000
975 -28.45820000 -8.55331000 25.10360000
976 274.89000000 73.51140000 -136.65500000
977 47.45370000 -369.17000000 73.33430000
978 1814.59000000 -92.67390000 660.58400000
979 -236.33100000 279.10700000 -320.51700000
980 -529.45600000 140.96100000 -335.99500000
981 -90.52050000 284.32500000 -609.68000000
982 750.99200000 -51.66930000 46.07960000
983 -235.93000000 195.24400000 -66.49340000
984 -259.10000000 -17.25260000 -219.24700000
985 -1217.18000000 1236.82000000 528.91800000
986 470.40900000 -318.52700000 -1082.22000000
987 509.77900000 -9.06302000 -383.32600000
988 -926.96800000 -99.55720000 454.17600000
989 -36.48020000 -64.57840000 259.36800000
990 -79.58550000 253.83600000 116.11600000
991 1034.84000000 -2190.32000000 239.03500000
992 -109.09300000 611.79500000 -477.69600000
993 -248.01400000 92.48440000 349.92800000
994 -763.03800000 1045.72000000 -119.86100000
995 -134.24900000 -191.09000000 -121.26400000
996 57.73660000 -142.20500000 192.84200000
997 -55.68330000 707.41100000 -485.02500000
998 83.40690000 -414.15600000 -426.87900000
999 155.66200000 97.11420000 303.94000000
1000 588.06600000 -614.48700000 693.64100000
1001 -323.66200000 -64.19790000 -181.97000000
1002 89.25740000 46.70260000 125.05800000
1003 -167.99600000 -66.12940000 1800.26000000
1004 -300.83400000 43.48540000 121.53300000
1005 -240.73100000 101.47900000 -501.68500000
1006 -111.93000000 -333.08500000 -1377.05000000
1007 -4.81483000 23.99110000 534.33100000
1008 160.38900000 -0.01819180 -424.34000000
1009 31.67230000 1094.61000000 1111.81000000
1010 223.23100000 67.71280000 166.81500000
1011 304.17000000 -466.02300000 -39.38390000
1012 -187.90900000 -778.36900000 -1657.59000000
1013 636.74000000 191.94100000 -308.73300000
1014 330.36600000 -56.22290000 372.36700000
1015 -202.63600000 -605.21600000 27.96860000
1016 -432.27300000 16.00180000 442.04800000
1017 -315.47300000 467.35800000 54.24750000
1018 -1793.05000000 1890.45000000 -37.24340000
1019 29.85520000 -151.81300000 -167.01600000
1020 315.43900000 -210.34300000 591.35400000
1021 1230.34000000 -1356.82000000 -1491.05000000
1022 200.69300000 249.18400000 -198.75200000
1023 -122.95300000 177.90600000 256.02900000
1024 238.43200000 103.93400000 -503.09700000
1025 -36.16330000 286.19900000 92.05830000
1026 545.89300000 140.12000000 126.77000000
1027 327.95100000 -801.31200000 1762.99000000
1028 282.09300000 151.05800000 409.18000000
1029 -147.05400000 -276.42100000 68.56400000
1030 -38.08440000 2492.96000000 -1908.58000000
1031 -208.64700000 -129.83400000 -131.61900000
1032 -144.80400000 -576.17800000 -37.50650000
1033 271.78500000 -1269.34000000 1684.65000000
1034 -429.35600000 18.57330000 261.01000000
1035 -200.21300000 -67.81380000 -342.15200000
1036 759.09400000 -1051.60000000 -95.72060000
1037 696.80300000 192.79600000 -39.85740000
1038 -718.93800000 -24.29380000 -326.46500000
1039 -1777.61000000 1129.53000000 -507.20300000
1040 441.50700000 -222.54700000 76.05260000
1041 40.36820000 -0.17242600 -187.08200000
1042 169.39800000 298.98100000 186.20300000
1043 -114.54300000 -5.61907000 706.57700000
1044 -168.76800000 -1325.58000000 -1138.93000000
1045 22.26760000 -71.00750000 190.67700000
1046 -19.89260000 142.85500000 84.96070000
1047 -1869.73000000 265.61700000 561.86100000
1048 1510.20000000 795.64200000 318.13000000
1049 -51.80030000 -306.11900000 75.10660000
1050 -120.55200000 21.43900000 -95.35330000
1051 1203.46000000 366.80400000 -453.86600000
1052 -741.98100000 -521.56200000 640.39100000
1053 56.18080000 -240.15500000 470.06400000
1054 599.56200000 427.19100000 532.10500000
1055 176.77700000 -145.27400000 -158.14800000
1056 -253.00900000 -31.16800000 -171.49700000
1057 -1309.34000000 -1161.44000000 570.86500000
1058 1.63971000 541.55300000 351.70200000
1059 104.45800000 149.73300000 -421.31200000
1060 -445.35400000 -384.68200000 -339.49500000
1061 -11.83190000 115.80400000 37.58170000
1062 706.00200000 706.10600000 183.05700000
1063 1487.99000000 878.09700000 -399.75800000
1064 -517.23800000 -432.88500000 -63.12320000
1065 -159.78300000 -105.95700000 174.38200000
1066 -113.59900000 33.04030000 -605.15800000
1067 253.49800000 -144.51700000 -111.12400000
1068 -335.91700000 130.55700000 138.10900000
1069 346.20700000 160.01300000 547.33700000
1070 -389.41600000 -41.10190000 17.64840000
1071 606.05000000 -133.90500000 6.13781000
1072 -605.81700000 441.14900000 929.68200000
1073 -97.69940000 -148.99300000 -313.99100000
1074 75.65970000 -381.41800000 -121.59300000
1075 -1320.40000000 -630.36900000 169.22100000
1076 119.21700000 -134.96600000 -231.97000000
1077 386.41800000 41.41580000 -58.07840000
1078 1462.44000000 1221.14000000 -217.83900000
1079 -14.71900000 -296.89700000 82.44290000
1080 -544.37500000 -332.87700000 -100.66700000
1081 -649.15100000 -498.61400000 1198.85000000
1082 -93.32760000 82.62900000 -12.82360000
1083 5.47846000 -5.65623000 -378.34200000
1084 1120.15000000 597.39900000 -1041.40000000
1085 -44.45720000 -427.42000000 330.73000000
1086 -270.82600000 -25.74130000 80.74210000
1087 1258.56000000 -453.73200000 184.34000000
1088 -345.66200000 -13.97720000 -6.50402000
1089 -51.04070000 267.68400000 -157.79800000
1090 -1508.32000000 627.38700000 -576.96300000
1091 144.50000000 24.27550000 54.47090000
1092 -86.91520000 -123.02700000 -282.03700000
1093 292.92600000 98.00810000 309.43400000
1094 156.85700000 176.07800000 -256.30300000
1095 246.10400000 -438.26300000 641.88000000
1096 473.65100000 276.73800000 -564.21000000
1097 -626.65500000 174.73500000 -404.42700000
1098 -98.53440000 -166.51000000 378.11100000
1099 -464.52100000 -1758.09000000 419.56800000
1100 -556.49500000 598.01100000 93.14520000
1101 -65.20760000 -12.99350000 -254.03400000
1102 556.46000000 194.12700000 -1451.68000000
1103 404.10900000 280.78500000 222.22100000
1104 86.33610000 149.87900000 67.74910000
1105 -483.40100000 813.17300000 1219.85000000
1106 -26.60610000 -474.73100000 -32.80920000
1107 398.70800000 -503.85400000 24.36080000
1108 -309.41200000 -19.85750000 -156.69200000
1109 -45.66560000 -69.81090000 189.09300000
1110 -1137.36000000 1163.46000000 896.58300000
1111 72.02140000 -346.48300000 392.01600000
1112 444.58600000 -121.66600000 -535.54800000
1113 -36.78750000 738.83400000 -1761.60000000
1114 1339.44000000 -1323.57000000 1706.88000000
1115 -175.97700000 747.91900000 -854.21500000
1116 141.26300000 103.30100000 -22.41070000
1117 715.46200000 -461.29700000 -1383.56000000
1118 -1798.49000000 -164.26200000 886.02900000
1119 32.53530000 -632.50300000 268.19400000
1120 124.19800000 1063.11000000 706.96900000
1121 -2.04688000 -79.21960000 -335.76100000
1122 -143.92300000 13.31740000 -135.79200000
1123 -534.71600000 -766.52700000 291.43000000
1124 202.05400000 1.63268000 -24.48420000
1125 -49.59860000 71.60890000 -285.62000000
1126 570.78500000 244.43200000 -372.45100000
1127 -387.02000000 231.82000000 330.09900000
1128 494.71000000 -465.69400000 424.52600000
1129 -434.79200000 495.08200000 -927.39200000
1130 22.94220000 301.53400000 -83.18520000
1131 -210.63200000 -15.06090000 34.30400000
1132 1563.61000000 -859.71100000 1231.92000000
1133 398.56100000 -58.35060000 117.29500000
1134 -386.14500000 614.65100000 -90.60250000
1135 -1232.38000000 -635.96500000 -686.91200000
1136 511.01900000 17.74860000 -39.20920000
1137 -303.73400000 22.50710000 260.86000000
1138 813.24900000 458.11300000 515.37600000
1139 -408.09400000 -53.10680000 -336.56400000
1140 -146.80000000 -616.82300000 -43.69500000
1141 -798.57400000 528.84900000 -240.73800000
1142 250.07500000 -59.98020000 -228.56700000
1143 238.89600000 383.84900000 12.17520000
1144 663.55000000 33.30570000 -609.54900000
1145 -166.11300000 -6.48652000 207.89700000
1146 62.94550000 -260.63900000 -176.20300000
1147 68.77130000 -487.42500000 678.59500000
1148 160.27800000 46.48980000 -171.83300000
1149 -251.55800000 -181.37100000 23.29520000
1150 -1303.83000000 475.65800000 -796.42600000
1151 301.86300000 180.99100000 391.56700000
1152 20.03120000 -286.41700000 209.41400000
1153 901.47400000 442.47400000 40.20010000
1154 -275.24800000 -32.06730000 215.28800000
1155 -180.62100000 -119.21400000 3.57882000
1156 1749.00000000 -586.19600000 -1204.64000000
1157 -904.21500000 85.34190000 731.52400000
1158 -45.22780000 -313.34700000 312.61000000
1159 -207.88400000 287.59200000 -1327.02000000
1160 0.97448100 -515.32500000 -76.97100000
1161 -230.31000000 272.03700000 509.60200000
1162 -36.52260000 328.87500000 277.13700000
1163 59.09150000 15.10260000 -2.35534000
1164 123.81100000 -163.90700000 152.80200000
1165 -122.78400000 -121.19500000 -122.46700000
1166 365.24700000 312.10200000 385.17100000
1167 63.98450000 30.69950000 89.14240000
1168 -1773.78000000 -688.23700000 -587.07300000
1169 24.27980000 241.59400000 296.25100000
1170 387.53500000 -66.30440000 79.80360000
1171 491.00900000 1533.85000000 -4.52606000
1172 252.20400000 -702.25600000 455.41700000
1173 -258.28900000 -272.85400000 514.19800000
1174 217.11800000 -5.61768000 -538.45000000
1175 -243.67300000 -512.69100000 27.77570000
1176 671.15000000 1169.96000000 168.22700000
1177 94.80390000 219.66400000 82.26000000
1178 160.42400000 -78.64310000 -51.98080000
1179 -106.38000000 -1092.57000000 -2340.96000000
1180 -881.66000000 1172.56000000 -272.28300000
1181 406.79200000 328.83200000 -179.09600000
1182 130.75300000 -384.66700000 393.67600000
1183 457.45800000 -104.45500000 662.68400000
1184 -733.76100000 -560.96200000 -203.59600000
1185 -142.81000000 281.45600000 564.82400000
1186 415.30700000 -393.16400000 -502.31300000
1187 55.82070000 70.72100000 68.53120000
1188 191.02600000 299.41900000 0.11980200
1189 273.70700000 614.98500000 53.99410000
1190 -47.39070000 -76.10310000 -2.19903000
1191 -183.65800000 -209.60400000 -154.89500000
1192 -847.23400000 -633.62000000 -876.30300000
1193 112.28600000 138.47600000 -146.39100000
1194 -558.73700000 -475.28200000 -15.08690000
1195 2335.56000000 787.00100000 667.88300000
1196 -135.61700000 -60.30850000 127.30700000
1197 -289.68900000 -85.13700000 -60.58400000
1198 -3481.58000000 -1119.24000000 -207.27400000
1199 70.92130000 45.00230000 -11.36480000
1200 778.88500000 276.23800000 -28.68980000
1201 2392.62000000 2121.54000000 -203.34600000
1202 -182.30300000 -475.24000000 564.97200000
1203 188.47900000 -555.56100000 -63.31860000
1204 251.82600000 508.43400000 -758.80300000
1205 270.63000000 -309.68000000 -49.03880000
1206 -42.60580000 -331.92200000 -524.20200000
1207 -1713.81000000 -1498.45000000 881.36400000
1208 -367.00500000 -549.89200000 800.71500000
1209 86.21240000 627.02900000 39.96400000
1210 888.84300000 858.45500000 -306.37500000
1211 -102.09300000 -39.05500000 -99.52050000
1212 183.37600000 233.57800000 -177.89600000
1213 -466.68900000 -162.32600000 1043.70000000
1214 58.24400000 282.92900000 -329.42500000
1215 106.57200000 37.46410000 4.61144000
1216 154.42300000 551.50200000 138.95800000
1217 -72.86600000 -133.40800000 -132.57800000
1218 -113.27800000 -2.60339000 -12.68740000
1219 41.43420000 753.06900000 -19.42350000
1220 21.44290000 -402.73100000 163.31500000
1221 202.09900000 -502.97600000 -251.91900000
1222 104.11300000 -203.53000000 9.33405000
1223 198.09800000 89.71360000 -552.93000000
1224 490.20000000 268.16200000 -526.24400000
1225 41.80790000 -209.87500000 11.05490000
1226 45.47610000 135.98800000 9.48618000
1227 -1323.93000000 -1300.74000000 531.48700000
1228 -768.18500000 126.48000000 -108.65800000
1229 42.76370000 272.10900000 -532.61300000
1230 175.53900000 217.90700000 398.40700000
1231 68.92280000 -430.49200000 515.90700000
1232 -851.11300000 450.99900000 285.50700000
1233 600.21900000 701.53600000 -335.12400000
1234 719.64900000 887.33700000 -545.79200000
1235 -141.09200000 27.06960000 537.26400000
1236 -327.16800000 -310.34200000 -90.66950000
1237 367.18400000 -747.30000000 796.21500000
1238 542.98700000 -153.21400000 -85.26250000
1239 -430.83100000 -1185.21000000 22.15720000
1240 161.40100000 185.58700000 332.57200000
1241 86.61930000 376.80500000 392.26000000
1242 -238.99400000 961.02800000 -248.97000000
1243 414.44100000 -331.85300000 -49.07080000
1244 -497.06600000 -324.25600000 -304.86800000
1245 190.29600000 66.07790000 -138.74800000
1246 112.51600000 24.52320000 416.85800000
1247 -246.25800000 127.40600000 -330.78400000
1248 -183.98200000 -130.87100000 35.76850000
1249 -1403.88000000 99.56840000 -1504.03000000
1250 -112.52000000 -286.99500000 224.37100000
1251 386.54800000 -184.71500000 -67.92490000
1252 -15.33670000 1810.26000000 835.50100000
1253 -34.14680000 -524.03100000 -105.11700000
1254 -182.07200000 432.47500000 -102.58300000
1255 466.65000000 515.60000000 -240.42700000
1256 -12.97120000 -739.24300000 -22.56340000
1257 134.96000000 -455.59400000 39.49780000
1258 282.85700000 -337.05400000 286.06100000
1259 -79.76320000 -290.49200000 257.91500000
1260 -185.85800000 -336.53500000 -101.45900000
1261 22.15440000 3.80839000 -204.74000000
1262 3.79588000 -532.44800000 684.87100000
1263 795.47800000 2543.80000000 93.54950000
1264 439.29600000 -1245.55000000 626.28800000
1265 61.67440000 -130.17500000 -412.07900000
1266 141.19200000 472.04700000 76.58560000
1267 287.91400000 662.72300000 -2171.18000000
1268 -931.22100000 -457.09600000 1294.13000000
1269 1913.51000000 -1986.70000000 658.23100000
1270 -2392.61000000 1536.96000000 400.23200000
1271 459.82700000 -514.53700000 192.33100000
1272 349.74900000 -352.26900000 -10.49600000
1273 188.50400000 -349.22200000 275.40900000
1274 -121.41600000 154.28000000 -332.62200000
1275 -6.44809000 2.85198000 -75.87000000
1276 683.22900000 -172.65400000 481.15500000
1277 203.49400000 65.72040000 -177.96700000
1278 -306.46900000 14.10400000 -189.86800000
1279 -928.93300000 1501.39000000 -1219.81000000
1280 79.24520000 -499.36800000 -546.62400000
1281 -109.47400000 81.32510000 94.39100000
1282 218.41500000 223.03100000 1454.19000000
1283 339.23200000 -333.33800000 -5.66572000
1284 -16.19530000 -293.60600000 36.29450000
1285 -653.13800000 675.73500000 48.95390000
1286 724.08100000 -154.76400000 192.95800000
1287 66.06560000 -444.43900000 -201.61200000
1288 731.73400000 -1121.39000000 -1248.08000000
1289 -17.21900000 -199.73500000 406.84100000
1290 -582.26100000 408.88600000 310.20600000
1291 -739.82600000 -666.48400000 811.05900000
1292 -160.76100000 219.90500000 -230.56900000
1293 291.05400000 187.81600000 378.30700000
1294 1061.08000000 640.63500000 294.46800000
1295 369.68800000 93.38050000 -887.57600000
1296 -24.52560000 189.55600000 124.77600000
1297 -2005.46000000 137.52300000 -260.34100000
1298 538.37500000 -91.03790000 120.82200000
1299 665.47700000 -130.03900000 43.89880000
1300 311.14000000 742.93100000 672.36900000
1301 325.72700000 -149.24200000 85.73800000
1302 -434.29300000 32.67670000 -176.15600000
1303 -507.42000000 -794.16900000 -1413.03000000
1304 511.40400000 98.17320000 198.17800000
1305 28.58680000 438.62300000 163.61500000
1306 -170.90700000 51.31560000 245.21900000
1307 94.67210000 -317.97700000 257.11900000
1308 1109.60000000 717.87500000 476.58100000
1309 -307.80100000 -334.65900000 228.50800000
1310 -166.44300000 -302.31800000 -419.21000000
1311 -67.40160000 -820.72500000 -546.34300000
1312 176.77400000 514.37900000 1512.44000000
1313 -40.87870000 -271.67900000 -171.59100000
1314 234.26800000 -84.30070000 166.88400000
1315 592.97800000 -1549.53000000 -922.49300000
1316 -840.42100000 1306.74000000 378.91500000
1317 -64.41290000 -58.07630000 513.83500000
1318 1033.93000000 485.37200000 -926.93100000
1319 -373.64300000 425.55600000 178.02700000
1320 -384.91400000 156.65500000 188.51700000
1321 -410.10200000 -596.04600000 -728.83600000
1322 -178.54600000 -206.81800000 42.76230000
1323 -246.09300000 141.05600000 -107.47000000
1324 -590.60800000 -1079.26000000 1849.95000000
1325 713.89300000 202.22000000 10.79190000
1326 -98.05090000 599.24400000 -41.10820000
1327 -27.63510000 1050.37000000 -682.27800000
1328 -185.17100000 -332.43200000 138.51700000
1329 307.38600000 -303.45300000 5.32747000
1330 342.84800000 -74.46780000 -448.26100000
1331 84.19660000 390.68100000 8.02972000
1332 304.93400000 -314.27600000 84.43940000
1333 -1605.36000000 -1069.10000000 211.15500000
1334 410.07900000 51.58570000 -292.55100000
1335 475.38600000 -401.25000000 230.95600000
1336 1267.75000000 398.61400000 -517.77300000
1337 -44.23860000 420.14200000 192.35200000
1338 210.20600000 342.45400000 -18.00260000
1339 -1337.26000000 1402.65000000 242.14300000
1340 135.18000000 -389.72600000 -96.12730000
1341 21.53050000 -238.39800000 -246.13500000
1342 1018.21000000 -57.20790000 547.81400000
1343 23.38800000 -22.29800000 -405.60300000
1344 47.05720000 274.66900000 -226.23600000
1345 -351.74400000 -627.13900000 594.28200000
1346 394.56900000 -386.15800000 -406.41600000
1347 -200.93900000 277.68800000 -664.88400000
1348 229.39200000 424.00700000 -645.93900000
1349 -185.12400000 162.80700000 640.36400000
1350 -96.24800000 -89.21790000 367.26900000
1351 304.35500000 -937.81200000 351.62700000
1352 -170.40800000 238.34000000 -85.58570000
1353 -201.72200000 180.22400000 -378.62200000
1354 1183.44000000 380.43500000 547.51200000
1355 127.06000000 -118.32000000 -315.46300000
1356 -306.28700000 -276.71600000 -82.29620000
1357 -1417.76000000 1183.92000000 -95.59490000
1358 -18.75290000 -206.47000000 277.18800000
1359 -237.78300000 -92.73720000 -188.29600000
1360 109.26200000 -15.96760000 -510.17600000
1361 54.77510000 373.01300000 600.20900000
1362 207.08200000 -652.58500000 -367.37700000
1363 -73.63410000 -149.04100000 745.36900000
1364 185.21300000 -188.47900000 -68.24620000
1365 -261.00300000 15.55930000 41.37280000
1366 273.59500000 1272.08000000 642.18600000
1367 263.35600000 -578.27100000 4.72644000
1368 -415.66700000 -437.96100000 -192.67100000
1369 -744.02600000 -463.21300000 -1293.60000000
1370 169.44600000 202.80000000 309.64400000
1371 79.53320000 -219.60000000 29.11170000
1372 480.00200000 172.27300000 303.97600000
1373 -236.96200000 79.14260000 98.89540000
1374 254.59900000 -67.96930000 539.04200000
1375 700.28900000 227.15400000 543.53100000
1376 82.67600000 -62.52480000 170.65200000
1377 652.35400000 -974.34700000 -1276.51000000
1378 -921.30800000 288.79900000 -648.05700000
1379 313.71300000 -236.03600000 299.82600000
1380 80.28140000 141.06100000 163.35700000
1381 -782.83600000 243.06000000 436.09400000
1382 -236.36100000 664.17600000 -457.94000000
1383 457.77700000 -832.41700000 -607.48400000
1384 -1894.33000000 884.82200000 55.43020000
1385 -398.28300000 149.33900000 -106.44300000
1386 126.33500000 84.13610000 -3.22300000
1387 2195.37000000 -1976.68000000 949.57900000
1388 -348.70600000 548.30500000 -175.40300000
1389 -310.84200000 -293.50300000 176.14800000
1390 -21.99740000 355.34500000 -392.59300000
1391 4.58427000 319.60300000 93.99540000
1392 -725.41800000 329.60200000 -555.71100000
1393 314.45300000 3.89748000 -63.27550000
1394 99.85690000 -16.34720000 158.83600000
1395 145.52700000 59.41150000 250.46100000
1396 -374.59800000 -551.18600000 -628.64800000
1397 95.76850000 411.96100000 346.79700000
1398 67.36240000 282.07400000 -41.50900000
1399 -948.44800000 834.28200000 -955.33800000
1400 115.24800000 98.15520000 270.65700000
1401 268.44300000 -41.37260000 -71.85210000
1402 1065.96000000 -1220.95000000 1399.58000000
1403 -57.98610000 174.73700000 -191.51700000
1404 -259.98400000 250.31100000 -56.53500000
1405 -875.23400000 -294.20300000 241.86000000
1406 44.68550000 -162.51800000 -286.20400000
1407 197.53700000 421.97800000 112.71800000
1408 445.96400000 167.06200000 -256.49100000
1409 45.33200000 220.67200000 -31.20310000
1410 1126.11000000 -344.45000000 76.60120000
1411 -128.29300000 353.27700000 2.33208000
1412 75.78120000 90.88230000 -320.18700000
1413 -181.81200000 -743.23800000 -314.49900000
1414 1347.20000000 -189.59100000 1502.73000000
1415 285.05000000 119.93700000 -52.20180000
1416 -40.69430000 -159.31200000 -18.84700000
1417 -1019.97000000 1330.92000000 161.28900000
1418 -206.77900000 376.77700000 125.96900000
1419 247.66600000 -1067.67000000 -145.36400000
1420 -1416.03000000 -219.83800000 450.32600000
1421 -32.57470000 365.09600000 -116.95800000
1422 40.06170000 -284.90300000 286.42000000
1423 2108.79000000 -434.27700000 -685.59200000
1424 -135.77200000 24.16520000 297.68100000
1425 106.22700000 126.42600000 265.36100000
1426 -1044.49000000 1545.94000000 -620.76100000
1427 50.74160000 -92.82900000 -234.48900000
1428 525.65100000 147.34600000 -249.74600000
1429 -847.50300000 442.07700000 -479.74600000
1430 -108.23300000 -107.82000000 766.36600000
1431 17.58970000 -397.47400000 126.38900000
1432 276.97600000 -1214.00000000 958.12100000
1433 244.83400000 71.13250000 -328.98700000
1434 -138.48300000 331.60600000 -324.67100000
1435 -1332.13000000 430.40500000 652.63000000
1436 -53.08400000 -12.11580000 472.04200000
1437 324.41100000 141.01600000 -275.58700000
1438 1835.47000000 464.68400000 -2162.56000000
1439 -240.85400000 -71.76230000 -397.62900000
1440 -131.72400000 -377.24200000 410.60000000
1441 -329.87500000 -302.03100000 581.43800000
1442 -446.12700000 -200.39100000 421.38200000
1443 -37.49890000 -118.03200000 216.25200000
1444 -292.64200000 -1184.80000000 -1470.30000000
1445 27.09820000 231.79500000 237.19500000
1446 214.17100000 -205.37400000 -273.51600000
1447 385.28900000 -19.02100000 1005.45000000
1448 18.63880000 466.69500000 195.97200000
1449 25.29730000 64.51640000 39.52390000
1450 -43.11650000 719.20000000 -203.22400000
1451 -5.06487000 -150.90900000 387.28300000
1452 -99.78420000 8.30974000 57.23120000
1453 155.09600000 -27.18160000 -422.28300000
1454 -15.46260000 -23.83610000 173.93200000
1455 -99.17940000 7.74580000 120.60900000
1456 -12.20730000 -67.46110000 115.95100000
1457 153.30500000 -218.14100000 315.75200000
1458 -821.22200000 858.70700000 -745.22400000
1459 -192.73800000 -140.72400000 118.10100000
1460 347.95900000 -247.44200000 137.38800000
1461 193.32100000 372.37800000 -1842.37000000
1462 -968.12000000 -903.92700000 701.51800000
1463 267.93500000 -649.70400000 -660.10700000
1464 -196.49000000 -264.50300000 -14.96440000
1465 -968.18700000 26.51030000 337.49300000
1466 860.35600000 356.39600000 -344.24900000
1467 12.16970000 -366.81700000 182.33400000
1468 -93.89050000 610.80100000 596.54000000
1469 75.80350000 -183.30700000 122.96700000
1470 167.60500000 -431.90700000 -27.94110000
1471 -509.25200000 259.23900000 -911.86600000
1472 291.73500000 495.77800000 -28.96840000
1473 -267.64400000 40.23910000 -212.81800000
1474 773.47000000 -968.01100000 129.24900000
1475 65.78590000 -119.95100000 -86.29170000
1476 -134.97400000 287.21600000 -503.54700000
1477 -237.03000000 1219.93000000 2010.97000000
1478 -133.75500000 -22.49140000 -91.68230000
1479 154.64300000 199.69500000 -989.76600000
1480 -702.00700000 -1824.19000000 728.63300000
1481 97.92370000 495.33500000 -507.75200000
1482 126.78800000 112.04900000 -552.59900000
1483 168.17900000 -698.66100000 -39.96880000
1484 -58.14390000 7.04112000 832.84100000
1485 -425.16900000 -229.20600000 318.36100000
1486 -934.78800000 613.47900000 -435.83500000
1487 -190.32800000 155.18100000 667.68000000
1488 63.16410000 80.12830000 -275.37000000
1489 1209.95000000 -261.13900000 -641.11000000
1490 448.41800000 165.68100000 -978.71900000
1491 -509.15000000 -152.79700000 796.02300000
1492 1077.62000000 917.95900000 476.55900000
1493 -274.15000000 -621.97000000 -184.79200000
1494 -158.02800000 118.54300000 435.60700000
1495 -573.81500000 14.27370000 -282.97500000
1496 190.78900000 -114.11900000 52.82330000
1497 11.58220000 38.88300000 54.44960000
1498 -325.03200000 366.56500000 -779.33600000
1499 -324.89000000 268.51700000 159.60700000
1500 -90.83670000 22.53140000 -19.76930000
1501 545.99500000 -615.47100000 353.51500000
1502 275.19200000 -1.49105000 -90.50410000
1503 -282.21800000 -27.15900000 -108.25500000
1504 -40.09660000 142.46900000 186.03400000
1505 474.53200000 -397.40400000 -368.61900000
1506 -1175.09000000 1221.50000000 908.33100000
1507 369.74800000 208.81800000 -217.24300000
1508 401.36100000 -186.82600000 -269.66400000
1509 -880.96700000 1201.72000000 -243.84300000
1510 -552.41800000 -1037.61000000 -789.38900000
1511 -133.46300000 72.41090000 -202.43200000
1512 374.76700000 -272.82500000 -75.16620000
1513 1342.03000000 -1410.79000000 -472.61800000
1514 -1011.96000000 -295.70300000 114.75700000
1515 -952.15200000 -941.59000000 1386.46000000
1516 820.18900000 1034.98000000 -958.57200000
1517 -145.50500000 -6.95719000 -15.05760000
1518 -117.92700000 96.49180000 -73.57700000
1519 -105.14800000 620.20300000 -349.25700000
1520 -212.05100000 -52.79190000 186.65600000
1521 -1810.38000000 -969.95700000 -128.40700000
1522 403.52500000 243.58700000 4.16532000
1523 -181.69900000 -177.95900000 262.60300000
1524 2315.66000000 517.58300000 62.79960000
1525 -195.52700000 -151.74500000 54.97770000
1526 -369.75300000 170.93100000 244.91100000
1527 179.95700000 227.47600000 -123.29200000
1528 -659.37800000 -1426.77000000 -422.46400000
1529 113.77400000 -97.90890000 7.73500000
1530 4.85921000 -27.97070000 -169.22900000
1531 1139.11000000 424.30200000 -383.83100000
1532 -88.53680000 12.22170000 -89.69670000
1533 309.15400000 -287.92000000 -132.76000000
1534 -900.02300000 758.39100000 1228.65000000
1535 61.15830000 -120.42400000 0.45588200
1536 -483.77300000 -205.33700000 226.22300000
1537 -52.25310000 475.31000000 -827.58500000
1538 -135.96200000 -194.99100000 477.41700000
1539 415.15400000 -8.96119000 -101.70400000
1540 91.10210000 55.02290000 -4.74873000
1541 300.58200000 231.05700000 444.57900000
1542 -1118.47000000 -283.40400000 95.94910000
1543 -6.16644000 -222.05000000 432.65800000
1544 280.21900000 -432.64400000 153.77500000
1545 1450.20000000 530.17800000 811.00800000
1546 1419.41000000 -461.13900000 499.27000000
1547 -56.09540000 -26.14870000 -580.72800000
1548 81.06080000 -732.23500000 -1161.76000000
1549 -1152.46000000 606.97100000 1467.26000000
1550 508.11000000 265.09400000 -991.70500000
1551 -552.43400000 1419.42000000 -859.44100000
1552 1608.14000000 -63.48380000 121.58000000
1553 -560.85800000 -143.97900000 66.59080000
1554 14.82540000 232.13700000 -29.88690000
1555 874.76300000 -389.07400000 1470.50000000
1556 286.17400000 -137.40700000 -437.88700000
1557 -1166.04000000 -350.37900000 -664.86800000
1558 39.25810000 -574.41900000 -591.97600000
1559 49.46160000 -240.75500000 -133.81500000
1560 -177.30300000 739.71500000 446.86700000
1561 -163.43900000 418.55600000 61.51660000
1562 178.50800000 176.80200000 -0.52498000
1563 -39.54660000 -659.36100000 -190.16800000
1564 -2626.04000000 91.77940000 -285.55600000
1565 416.84300000 169.00300000 190.31000000
1566 -1.96908000 -67.81080000 0.89951100
1567 1684.25000000 729.49900000 550.38100000
1568 -274.46800000 82.19250000 101.49300000
1569 205.95200000 -354.84800000 -505.46700000
1570 -450.26200000 494.24600000 -16.75020000
1571 1027.85000000 -75.43540000 -38.40720000
1572 -19.54010000 344.16900000 -431.35000000
1573 -674.74600000 -402.97400000 0.52058300
1574 127.06300000 -268.81400000 103.53000000
1575 -81.02870000 -165.91300000 94.77480000
1576 -201.24400000 26.46640000 47.29080000
1577 288.65300000 297.56900000 169.03200000
1578 343.85600000 -507.80700000 516.00300000
1579 -439.61500000 -89.36700000 229.53300000
1580 -135.89700000 10.03630000 263.24400000
1581 -223.45500000 1811.18000000 -984.88200000
1582 -584.77700000 -688.00300000 415.71500000
1583 56.21680000 392.53000000 43.47820000
1584 248.72700000 683.37400000 402.90700000
1585 -41.55630000 884.94600000 399.49200000
1586 -913.01000000 -1756.30000000 22.05550000
1587 1582.88000000 411.23300000 28.73700000
1588 -702.91200000 1247.53000000 -577.58300000
1589 0.58132500 -369.27600000 -169.01100000
1590 -144.87300000 -119.87300000 289.90300000
1591 864.00600000 -797.63100000 -317.00100000
1592 83.19740000 74.00350000 264.73300000
1593 -53.78660000 -26.13420000 206.08500000
1594 -244.21600000 -396.64100000 -352.20000000
1595 -139.49000000 103.68000000 47.51930000
1596 -638.52500000 242.17100000 270.60200000
1597 309.44900000 -163.88700000 -238.97000000
1598 51.04850000 193.35300000 -66.78230000
1599 -217.73100000 251.20000000 269.17200000
1600 -84.24790000 1168.48000000 -418.03000000
1601 212.41900000 -198.24500000 171.17100000
1602 179.49500000 -221.08800000 210.11400000
1603 -32.72370000 -780.00700000 376.73300000
1604 400.01500000 -91.05880000 206.61200000
1605 -421.07900000 219.40200000 -279.23800000
1606 116.34200000 808.81200000 -1969.74000000
1607 -2.44381000 -47.08170000 203.86900000
1608 -568.51800000 149.59300000 89.50440000
1609 483.33900000 -226.57200000 916.37200000
1610 -164.76100000 -59.94230000 -94.43230000
1611 220.15000000 -37.12460000 346.66700000
1612 -1658.72000000 -1537.20000000 138.64500000
1613 82.18010000 -72.00910000 -35.76210000
1614 -95.05190000 -24.04840000 -296.93900000
1615 1527.65000000 824.95300000 -675.44900000
1616 59.59750000 433.85700000 318.24300000
1617 -57.56050000 -11.94260000 14.88150000
1618 152.43500000 89.18240000 722.67400000
1619 -278.81100000 134.84500000 339.64700000
1620 181.91600000 -184.58600000 -248.60800000
1621 636.12000000 -256.47700000 -344.26100000
1622 -30.14380000 142.74000000 250.15900000
1623 -340.74400000 38.15790000 -154.62200000
1624 -220.21900000 -79.84960000 195.02900000
1625 139.33700000 -318.05100000 -113.26200000
1626 -313.42500000 804.54700000 275.65600000
1627 -90.33020000 -201.85300000 117.40400000
1628 222.09600000 -222.64100000 -242.80100000
1629 1454.75000000 -1292.31000000 535.53600000
1630 -1133.95000000 -256.63700000 -758.97300000
1631 304.59700000 315.51900000 485.45700000
1632 247.24000000 -383.60600000 -115.74600000
1633 -624.00700000 660.90500000 839.11700000
1634 -285.69700000 -55.29720000 -638.09400000
1635 -282.24500000 -745.95500000 -763.92900000
1636 506.20600000 622.42600000 693.90800000
1637 277.27800000 -286.34000000 173.22200000
1638 -89.97300000 -99.14370000 421.21200000
1639 -528.00300000 509.49700000 -1150.43000000
1640 118.80700000 540.86600000 -157.34200000
1641 332.15500000 -1953.93000000 274.30000000
1642 -315.89200000 569.68000000 20.47810000
1643 -110.64900000 534.91400000 -340.26500000
1644 365.63900000 1326.49000000 -437.85100000
1645 582.26400000 -1.42540000 103.84600000
1646 -100.03000000 -204.22600000 679.92900000
1647 -275.59400000 -95.56410000 -56.25270000
1648 -528.31800000 -199.58700000 21.87450000
1649 444.84400000 -222.61800000 130.85900000
1650 265.34300000 94.80770000 290.65100000
1651 619.07400000 -580.97100000 -69.10720000
1652 -82.69320000 97.72430000 -184.03100000
1653 -254.10000000 -166.20100000 -64.56800000
1654 -1712.56000000 1198.35000000 -301.09400000
1655 58.85380000 -251.13200000 121.90600000
1656 334.82700000 -367.42400000 -166.48700000
1657 682.60200000 -957.79200000 388.69800000
1658 179.76600000 212.40800000 103.93900000
1659 135.52900000 -141.65800000 -110.51200000
1660 -157.68200000 312.86400000 60.37000000
1661 386.55600000 -7.67392000 -95.28870000
1662 348.60200000 953.71000000 448.26600000
1663 267.40300000 17.89820000 -12.40450000
1664 208.26400000 37.12860000 -297.97900000
1665 -125.41800000 -665.84900000 1842.61000000
1666 -1187.93000000 -966.91300000 -3619.05000000
1667 -6.32546000 537.42000000 213.15500000
1668 247.69300000 279.99400000 345.44200000
1669 -295.70700000 -165.56500000 884.53100000
1670 -175.14000000 -127.83400000 391.61100000
1671 767.80500000 592.79900000 -1337.04000000
1672 1205.56000000 -506.82600000 386.81000000
1673 -385.05300000 -224.35900000 -114.09300000
1674 -54.61550000 158.10300000 411.86500000
1675 -1652.50000000 -751.12100000 -603.68000000
1676 -75.00770000 327.71400000 -48.89410000
1677 1235.88000000 -10.43650000 -904.13300000
1678 -265.19300000 189.59300000 -93.08520000
1679 -355.75500000 -134.43300000 665.19000000
1680 -848.85000000 562.00400000 1145.89000000
1681 386.63100000 -467.72100000 -30.40170000
1682 -53.84700000 -287.51100000 184.55700000
1683 285.07400000 5.19605000 -146.38700000
1684 -371.92000000 725.99400000 142.74800000
1685 312.18900000 411.25700000 -226.25700000
1686 -153.77800000 -53.85190000 209.05300000
1687 668.92100000 445.25400000 702.62200000
1688 80.44380000 -61.09220000 -242.58200000
1689 462.48000000 146.06500000 -374.40700000
1690 -708.10300000 -1689.35000000 467.03900000
1691 337.65800000 276.31800000 -295.02000000
1692 191.70600000 101.04500000 -13.77580000
1693 703.88800000 59.40050000 704.83400000
1694 -270.60000000 47.51990000 -570.01700000
1695 -702.96200000 23.76860000 -153.02700000
1696 -172.89100000 380.17100000 -222.20900000
1697 84.90110000 -50.59860000 210.25100000
1698 -191.52900000 -156.38300000 -711.66000000
1699 85.53830000 24.17510000 194.31400000
1700 444.15700000 93.15470000 90.53700000
1701 -2030.57000000 373.13400000 -296.77000000
1702 -18.92780000 -612.31000000 -213.16300000
1703 269.90800000 -371.95100000 -68.98910000
1704 394.64700000 -128.93300000 444.07800000
1705 2244.30000000 385.32800000 1251.68000000
1706 -347.44100000 -72.63990000 75.75050000
1707 -397.30900000 -584.34600000 232.93300000
1708 -60.84420000 943.96900000 107.13200000
1709 -277.09900000 -254.91000000 -567.42600000
1710 -393.87100000 -27.86820000 -392.12700000
1711 507.36400000 -298.94900000 1268.25000000
1712 578.89800000 -535.20200000 227.92600000
1713 -221.03700000 -19.39560000 1112.37000000
1714 -101.16500000 353.98600000 10.14460000
1715 110.42900000 0.81487900 -89.34040000
1716 703.61200000 -1485.00000000 -1340.22000000
1717 -180.28600000 613.75100000 220.03100000
1718 27.33780000 275.82100000 -269.52500000
1719 -150.72100000 255.70500000 361.98900000
1720 -324.70100000 251.81500000 -1019.02000000
1721 103.23400000 -137.88200000 -233.47100000
1722 49.76710000 4.94519000 -123.21200000
1723 -591.25700000 -610.14600000 -231.05800000
1724 75.31920000 296.65300000 -121.37300000
1725 68.76380000 -79.03410000 66.30760000
1726 336.25400000 1581.04000000 -485.25200000
1727 -190.04300000 -682.30600000 452.72100000
1728 -305.65400000 -143.82700000 78.57370000
1729 367.82100000 241.43500000 -207.99800000
1730 -26.33970000 -11.00030000 289.38900000
1731 187.18900000 69.68820000 114.74100000
1732 -298.34700000 -261.91600000 -139.89900000
1733 -127.36600000 236.79700000 -97.85580000
1734 -22.92260000 369.92600000 934.84200000
1735 91.17700000 -131.04600000 150.68000000
1736 378.47600000 -331.90200000 -112.82300000
1737 -519.11800000 -788.69200000 325.91900000
1738 -1397.08000000 152.14800000 -707.00600000
1739 -430.38000000 56.84780000 99.68080000
1740 651.17700000 -130.90200000 148.79800000
1741 669.55500000 -26.58360000 361.81800000
1742 293.34400000 774.77600000 -577.09800000
1743 -353.48400000 3.50944000 -1947.11000000
1744 -1247.19000000 -273.67800000 1051.52000000
1745 -68.35000000 215.55800000 -13.40870000
1746 61.84770000 -235.06400000 -51.50310000
1747 2295.68000000 1314.47000000 945.86400000
1748 -247.25400000 -286.12800000 -105.06800000
1749 -21.60870000 13.39630000 -136.18800000
1750 -778.45300000 -611.03500000 -643.48300000
1751 205.17700000 399.57900000 193.82700000
1752 16.35150000 59.47700000 -10.58970000
1753 -827.64200000 -863.25900000 299.89700000
1754 187.08500000 152.32000000 332.08500000
1755 -33.70430000 442.60500000 -108.00300000
1756 429.12900000 -236.22300000 -494.14200000
1757 215.67900000 420.14300000 390.48700000
1758 -69.13470000 -412.82500000 -408.64900000
1759 -744.96600000 9.79788000 1606.61000000
1760 320.19900000 265.77900000 -563.42500000
1761 612.87500000 -543.16800000 -993.48500000
1762 -117.72100000 1510.08000000 588.07900000
1763 -116.81100000 -329.34800000 -650.49500000
1764 214.18500000 -618.24600000 -329.43500000
1765 -877.30800000 1111.69000000 633.36900000
1766 249.58100000 -324.53300000 40.66370000
1767 -156.65800000 -397.68200000 6.37668000
1768 65.58210000 1285.24000000 307.58100000
1769 333.48000000 -633.21800000 -401.96200000
1770 -166.67700000 -271.88600000 -226.96600000
1771 -549.03300000 103.48000000 -258.73200000
1772 21.15860000 -275.16600000 66.05470000
1773 423.93500000 -626.50000000 -201.89800000
1774 814.45600000 -250.54600000 -411.46700000
1775 -517.13400000 -128.24200000 11.81410000
1776 -213.44300000 30.39770000 -131.90900000
1777 60.58190000 171.01500000 871.65600000
1778 277.72600000 -118.12100000 181.00400000
1779 318.10200000 -105.06900000 -357.02400000
1780 -140.50500000 160.71000000 -248.78000000
1781 -20.40980000 0.75488900 -138.62300000
1782 -48.05880000 -810.20000000 188.99700000
1783 -112.23300000 338.67200000 115.41400000
1784 -671.41500000 85.52230000 -15.36880000
1785 2072.23000000 1743.35000000 90.99660000
1786 -1381.50000000 -427.24000000 172.24500000
1787 258.45100000 219.73700000 254.77500000
1788 295.59100000 395.99500000 23.12610000
1789 915.99400000 -91.66760000 -345.61100000
1790 -1095.15000000 -910.99600000 19.75230000
1791 -748.05100000 27.92650000 682.71100000
1792 195.34800000 191.36400000 -1301.20000000
1793 43.18900000 170.97400000 -8.68872000
1794 495.60900000 152.32900000 -139.11200000
1795 948.95600000 72.96690000 1036.91000000
1796 -747.59300000 12.41780000 -39.27590000
1797 419.85200000 -16.77790000 -2.32817000
1798 -883.27000000 854.27300000 -448.36600000
1799 246.52500000 -532.07200000 314.40400000
1800 -245.44700000 -240.02000000 -77.27230000
1801 13.75680000 -60.39280000 278.09500000
1802 -61.68380000 62.91210000 -60.62990000
1803 -110.26300000 -420.93900000 -192.81100000
1804 367.22100000 1279.52000000 -59.70620000
1805 90.52120000 -478.96300000 100.87600000
1806 -195.18800000 27.31610000 160.72600000
1807 506.67800000 -626.44400000 -169.97400000
1808 243.60500000 -114.77800000 -251.19900000
1809 36.33990000 239.71200000 118.86600000
1810 -223.85000000 -369.34000000 542.89600000
1811 -171.21000000 -195.36500000 -71.55160000
1812 8.33162000 -193.31500000 43.98050000
1813 -60.53130000 381.34200000 -506.21700000
1814 29.45690000 366.19600000 -75.37750000
1815 109.08200000 -498.09800000 -29.02150000
1816 221.41800000 900.24600000 1232.31000000
1817 -107.22900000 -16.55340000 94.25970000
1818 -53.99860000 292.96500000 -16.90970000
1819 423.02600000 -1613.91000000 -827.23700000
1820 -77.37600000 284.31000000 27.29480000
1821 18.73070000 289.02800000 -163.82400000
1822 -92.50470000 907.47000000 170.68800000
1823 -292.99100000 195.40100000 222.13800000
1824 -10.88600000 -928.75400000 -240.23700000
1825 988.92100000 -126.78900000 -1360.16000000
1826 -109.41000000 -171.97600000 374.53000000
1827 -318.98200000 148.03500000 262.07600000
1828 -685.78100000 200.90200000 484.79300000
1829 -297.51400000 -284.02300000 27.50640000
1830 1007.58000000 -666.04900000 160.95600000
1831 -527.24600000 305.75500000 522.41300000
1832 112.04100000 -194.04600000 300.65900000
1833 753.41000000 777.93800000 -506.43400000
1834 -2675.37000000 641.21600000 -529.36900000
1835 180.56700000 190.66200000 488.53600000
1836 951.82200000 -373.88000000 -145.98200000
1837 -709.02400000 76.53320000 -510.49500000
1838 1521.29000000 -481.65700000 900.96300000
1839 -791.73900000 413.88100000 99.93010000
1840 -656.87500000 -175.92300000 585.66200000
1841 337.44300000 338.42400000 -81.19040000
1842 160.99300000 13.90780000 -463.81000000
1843 2159.61000000 2330.13000000 -1356.29000000
1844 -603.16800000 -487.49700000 -62.99390000
1845 -1660.35000000 -1551.30000000 691.86000000
1846 -65.81730000 89.09420000 -155.48900000
1847 299.33300000 239.33700000 -143.37600000
1848 -1277.71000000 -102.43400000 -88.57170000
1849 149.33400000 407.86800000 -95.09780000
1850 206.54700000 53.69010000 372.67300000
1851 651.84400000 50.30240000 237.33700000
1852 413.75100000 195.55900000 720.79200000
1853 -321.00500000 94.90170000 161.44100000
1854 -237.24500000 329.69400000 -359.57000000
1855 475.59800000 -2424.11000000 353.55000000
1856 -115.65600000 403.88400000 -478.69000000
1857 -360.33800000 400.36800000 -120.42700000
1858 150.42800000 -128.29900000 1740.20000000
1859 2.18939000 25.09880000 -682.62000000
1860 171.13800000 -76.50040000 -234.40600000
1861 162.21100000 -278.68500000 -324.76400000
1862 -354.88600000 252.33600000 -288.07400000
1863 1.10002000 -61.32880000 260.76000000
1864 60.77820000 254.97000000 -499.43200000
1865 256.50500000 -325.26700000 177.92200000
1866 30.18940000 393.11800000 -93.79070000
1867 16.29800000 -408.45700000 3.36374000
1868 448.62200000 149.28400000 -331.63200000
1869 -1101.89000000 -1095.72000000 -277.67300000
1870 -214.72700000 -526.04500000 676.39200000
1871 -169.03500000 -635.66000000 -232.20000000
1872 513.33600000 158.82500000 -15.61340000
1873 122.04600000 291.29300000 643.28100000
1874 567.05300000 -178.62100000 -806.27600000
1875 200.51300000 15.37880000 726.70600000
1876 1642.30000000 -468.54300000 -930.45100000
1877 6.31368000 -84.98130000 28.79350000
1878 -307.87900000 51.68890000 42.08280000
1879 -2234.12000000 658.46100000 -464.64500000
1880 297.72400000 132.65500000 127.92900000
1881 -85.53210000 -177.38400000 -23.87080000
1882 -113.26500000 -706.34600000 366.42300000
1883 63.95540000 111.84200000 -419.29600000
1884 513.03200000 286.63400000 135.84400000
1885 -277.77900000 1481.88000000 -336.80600000
1886 -213.88900000 -659.37800000 -183.93800000
1887 -192.38800000 374.04300000 -88.84620000
1888 -737.81700000 -1730.71000000 689.24200000
1889 258.84300000 -99.62470000 40.57680000
1890 283.13400000 220.53500000 134.23400000
1891 1300.69000000 9.26565000 655.41200000
1892 -33.92940000 292.82400000 -198.05800000
1893 -85.58610000 -222.33600000 -13.39410000
1894 -1543.44000000 915.33100000 27.74000000
1895 358.68700000 -222.75800000 -126.63200000
1896 18.54020000 -314.02800000 -190.45300000
1897 493.44900000 78.06880000 117.58800000
1898 161.03200000 -29.72210000 -98.79350000
1899 30.16560000 -233.24100000 -17.50460000
1900 -419.64500000 725.17700000 -193.27900000
1901 -49.26060000 70.35590000 111.68800000
1902 -258.61100000 -349.99100000 45.71420000
1903 1366.64000000 668.34300000 239.09800000
1904 -297.91000000 -33.37550000 -281.39500000
1905 -36.67020000 91.96850000 271.57800000
1906 -1374.13000000 -564.42500000 -403.16000000
1907 -152.87500000 65.86450000 392.47600000
1908 393.94300000 -86.19150000 310.77500000
1909 1000.72000000 -382.65000000 -42.79930000
1910 78.40070000 122.42900000 -13.07210000
1911 -166.10700000 194.84000000 -158.53500000
1912 -1262.06000000 268.78900000 -320.74600000
1913 374.92000000 -544.62700000 196.10000000
1914 102.59700000 218.86500000 -84.54870000
1915 932.13500000 766.63500000 547.02600000
1916 -280.55600000 -179.69200000 99.96620000
1917 -474.14500000 -301.99100000 111.37200000
1918 203.67100000 148.20600000 -65.15550000
1919 50.21830000 104.74300000 -422.95400000
1920 341.97500000 20.00340000 -26.48060000
1921 -2013.34000000 -1330.89000000 263.33900000
1922 717.57900000 342.84500000 -327.20300000
1923 461.25200000 142.34400000 -282.35800000
1924 -470.87300000 -278.43600000 412.63400000
1925 346.04000000 -478.40100000 67.75010000
1926 174.15900000 290.84300000 -392.67200000
1927 411.32700000 451.57400000 -565.10600000
1928 26.21210000 396.31900000 412.44600000
1929 -22.43940000 72.47520000 212.20600000
1930 30.48670000 -79.23380000 -80.00770000
1931 -88.53510000 -100.42600000 -143.15600000
1932 -76.31430000 -1410.20000000 -258.93900000
1933 -480.76600000 301.76000000 439.38200000
1934 265.91600000 28.40130000 331.76700000
1935 -176.37100000 1581.51000000 -1025.32000000
1936 579.80800000 442.56500000 1730.67000000
1937 -9.58161000 249.59300000 280.75800000
1938 -623.88800000 -64.33900000 -16.12570000
1939 -1101.03000000 77.30730000 -1867.57000000
1940 741.44400000 -292.82600000 880.76500000
1941 796.91900000 234.20100000 164.67700000
1942 -548.82600000 -116.85000000 231.03500000
1943 222.77200000 160.15900000 -119.48300000
1944 -152.55300000 199.84800000 -143.26900000
1945 -435.16800000 -1218.21000000 211.35000000
1946 158.59500000 312.74000000 -320.65800000
1947 59.29570000 277.12400000 69.64980000
1948 -13.02120000 1341.89000000 875.31900000
1949 24.02500000 -354.92500000 -76.92190000
1950 46.07380000 245.86000000 5.42456000
1951 38.13410000 -150.46500000 -387.96700000
1952 -128.15900000 159.22900000 -359.72800000
1953 442.05200000 -346.94500000 -418.12200000
1954 -249.61900000 -1211.64000000 428.08800000
1955 46.23460000 62.27900000 55.58730000
1956 -37.44150000 150.25500000 -85.76180000
1957 328.13800000 808.66200000 -400.53300000
1958 6.22927000 256.35100000 320.82900000
1959 -125.99500000 -239.03700000 -269.63000000
1960 -12.24950000 -127.40200000 -59.66510000
1961 -320.71600000 -322.51100000 -21.42020000
1962 298.77900000 -160.64700000 127.53300000
1963 -191.96500000 429.64900000 80.45060000
1964 -8.01985000 -146.84500000 -32.65520000
1965 -162.91700000 386.67100000 -18.50850000
1966 197.63700000 373.74700000 1339.66000000
1967 -110.02100000 412.69700000 170.98500000
1968 -117.31500000 33.78420000 172.33100000
1969 191.03800000 -1406.76000000 -1925.21000000
1970 17.27730000 -84.66970000 148.80500000
1971 73.08540000 381.69300000 11.01590000
1972 802.18400000 1740.09000000 -872.62900000
1973 -76.80430000 -465.61100000 -121.33300000
1974 -17.40800000 -203.03600000 220.75400000
1975 759.56100000 -641.41600000 1987.52000000
1976 280.40700000 -124.88300000 188.80800000
1977 -152.04700000 229.25700000 271.03300000
1978 -143.21400000 -88.39750000 -2397.73000000
1979 -514.82600000 -460.27000000 366.15300000
1980 -159.33000000 227.39900000 132.62500000
1981 500.74100000 -437.18000000 500.61800000
1982 -411.87900000 -229.17700000 -54.87430000
1983 221.40100000 274.68900000 -202.64300000
1984 -2021.30000000 -203.53000000 1621.24000000
1985 749.27800000 -401.42600000 -852.80600000
1986 -319.83900000 312.01500000 -451.07900000
1987 1251.16000000 890.52300000 -869.35600000
1988 -677.16700000 -15.51820000 243.78100000
1989 11.21640000 -822.34700000 195.61900000
1990 289.65600000 105.33600000 -409.27000000
1991 408.92500000 150.06800000 282.33700000
1992 -301.69900000 -145.79100000 -52.57570000
1993 -141.37000000 388.50700000 742.25300000
1994 213.02000000 49.57810000 -262.41900000
1995 -346.82800000 -348.70200000 37.93270000
1996 -20.19730000 7.31522000 -46.21240000
1997 312.19500000 136.58400000 28.17110000
1998 214.53100000 58.76880000 -548.92400000
1999 -614.84700000 202.89500000 93.09900000
2000 -655.08500000 171.53600000 461.71600000
2001 218.86400000 -601.29800000 933.95400000
2002 916.21100000 -87.89970000 -375.89700000
2003 333.69100000 -197.23500000 131.25700000
2004 546.98500000 -11.30430000 79.42810000
2005 -531.91100000 -5.95357000 782.30800000
2006 -1301.58000000 422.19800000 -1430.06000000
2007 382.55100000 203.66900000 -653.61200000
2008 690.94400000 748.78800000 2513.43000000
2009 -110.53300000 -36.70640000 -672.69800000
2010 -101.91600000 -234.40500000 -452.31500000
2011 664.77400000 -1026.36000000 -1556.62000000
2012 133.58800000 349.01300000 -88.89730000
2013 -345.72300000 -302.03500000 170.19400000
2014 -192.70900000 448.57300000 -479.14400000
2015 50.30810000 -251.52700000 -106.47000000
2016 -141.38600000 310.93900000 -71.38820000
2017 63.74910000 -554.16900000 1094.27000000
2018 -3.93512000 98.80370000 -257.14700000
2019 -120.75300000 76.47230000 108.57900000
2020 -154.45400000 41.42900000 -742.80200000
2021 127.59400000 145.03200000 307.00200000
2022 -186.75600000 -100.83800000 26.27830000
2023 383.77500000 -139.83200000 320.97900000
2024 -93.40690000 53.08060000 -227.79500000
2025 252.13700000 303.59100000 -43.05350000
2026 -439.37400000 -1186.35000000 -451.10400000
2027 -145.81600000 204.00100000 501.76500000
2028 -208.43100000 373.79900000 -144.19700000
2029 379.15600000 689.31300000 63.80420000
2030 -65.00880000 -379.08100000 47.86980000
2031 -69.10540000 -130.55500000 -4.64410000
2032 -518.97200000 841.38400000 -129.57600000
2033 250.46700000 -76.30980000 -255.71800000
2034 -152.42900000 116.67900000 -49.51940000
2035 -118.47000000 93.36800000 202.36100000
2036 28.88350000 -149.19000000 -46.22820000
2037 11.10960000 -156.22600000 164.03900000
2038 883.94300000 -390.26400000 -318.71200000
2039 -116.95900000 -237.75200000 -140.56300000
2040 9.14605000 186.31600000 402.35400000
2041 -359.74900000 212.46600000 -976.30000000
2042 50.04790000 -213.76000000 588.87800000
2043 16.87200000 96.41380000 847.77800000
2044 -28.32020000 -252.09200000 -92.84280000
2045 -118.67900000 191.98900000 -60.86150000
2046 393.66100000 -60.66300000 -124.88700000
2047 194.09900000 223.51000000 336.91400000
2048 -106.82700000 -374.14000000 372.92200000
2049 -443.53100000 -768.38600000 417.85200000
2050 1101.46000000 386.08600000 -1217.02000000
2051 118.82500000 295.31700000 -598.78300000
2052 258.78900000 24.97920000 -0.92200700
2053 -509.94200000 -168.22300000 2497.50000000
2054 433.60300000 79.17860000 -998.39000000
2055 -446.33000000 160.56600000 -1468.31000000
2056 20.00000000 -253.92600000 117.08000000
2057 -289.80800000 -282.36900000 259.65800000
2058 -257.67800000 -207.26100000 -10.68770000
2059 1001.41000000 -59.28510000 -1097.16000000
2060 -102.09100000 -165.70700000 135.05500000
2061 300.84500000 96.45250000 58.77310000
2062 -417.23400000 1302.70000000 998.71700000
2063 -33.59220000 -252.98100000 -914.34000000
2064 143.90200000 253.45400000 -408.56300000
2065 115.91200000 -345.55500000 995.42500000
2066 65.07510000 317.54800000 -216.28700000
2067 -124.85100000 -154.63400000 106.93600000
2068 -1209.81000000 -2447.04000000 -190.58800000
2069 439.14400000 113.20500000 -167.33100000
2070 31.86440000 540.23400000 158.93600000
2071 453.85900000 2468.47000000 1212.70000000
2072 154.42300000 -463.50600000 -793.01900000
2073 303.76800000 -220.60400000 219.34900000
2074 -211.61700000 -1691.97000000 -155.22900000
2075 85.74060000 229.69200000 201.67400000
2076 114.39100000 -29.19610000 194.88000000
2077 -207.09400000 1589.11000000 -979.59200000
2078 44.65720000 -33.26100000 350.89200000
2079 478.43500000 -240.93700000 219.25700000
2080 -1050.35000000 1695.05000000 431.76200000
2081 -124.97000000 18.32310000 40.07760000
2082 273.21600000 -866.64500000 -231.59100000
2083 1025.92000000 -711.01400000 201.33300000
2084 -270.53400000 26.08500000 -329.99800000
2085 -809.24400000 -403.51300000 37.09380000
2086 1063.49000000 773.38100000 -294.46900000
2087 132.49900000 36.46940000 214.62600000
2088 -436.96700000 -52.20680000 80.00320000
2089 238.15100000 -16.33820000 -375.24100000
2090 139.65800000 -541.44800000 49.47000000
2091 -123.40000000 -100.17100000 -147.30800000
2092 -376.61700000 -268.21300000 682.72800000
2093 323.30700000 -257.66200000 90.76180000
2094 -267.43500000 237.47000000 -578.76900000
2095 -161.00500000 -438.28500000 392.22400000
2096 221.14200000 -200.91600000 -119.68800000
2097 -3.47354000 457.29100000 -394.56800000
2098 752.18500000 609.62300000 -741.42100000
2099 -445.03600000 -243.45200000 409.49400000
2100 98.87410000 82.63610000 -267.18100000
2101 -596.55200000 315.77300000 945.46000000
2102 501.78800000 -112.88000000 -175.43200000
2103 1158.32000000 -19.73690000 3.90409000
2104 -1329.79000000 199.74100000 57.20870000
2105 -322.06100000 -360.37300000 59.84240000
2106 38.97210000 -61.83750000 57.18070000
2107 -961.46400000 -1330.96000000 -1677.39000000
2108 182.50000000 -13.20810000 206.19300000
2109 423.78600000 320.76800000 630.31200000
2110 307.02100000 1026.91000000 123.88700000
2111 593.73000000 -12.90490000 126.50400000
2112 -98.89400000 -385.21200000 -726.03300000
2113 590.51400000 712.00200000 95.93690000
2114 -646.65300000 461.55600000 256.04800000
2115 -776.82000000 609.07300000 786.94900000
2116 110.46000000 -472.63700000 2181.32000000
2117 -589.34300000 466.85100000 -316.23100000
2118 560.44200000 -62.72290000 -764.18500000
2119 -1650.33000000 -431.40300000 -671.72000000
2120 763.49700000 531.96000000 933.72200000
2121 -344.27200000 -717.63100000 -200.15400000
2122 1215.81000000 638.57900000 166.97400000
2123 -648.67500000 -238.88400000 620.13800000
2124 -42.61710000 -322.09600000 354.19700000
2125 -1245.87000000 552.59100000 -704.40600000
2126 467.64400000 470.60200000 83.80920000
2127 -147.23800000 209.06800000 137.84900000
2128 438.40100000 -1069.96000000 -1146.50000000
2129 6.18780000 335.22100000 -33.11640000
2130 -140.36200000 59.70070000 24.60850000
2131 -436.33100000 635.40000000 1391.26000000
2132 259.26400000 -253.50000000 -250.88100000
2133 194.63000000 -222.91300000 -268.93800000
2134 -53.36660000 -1261.54000000 -671.30600000
2135 -15.03990000 257.66300000 84.54600000
2136 83.79110000 -93.05110000 -465.94100000
2137 -409.75100000 534.43400000 419.52200000
2138 307.76300000 200.47800000 -189.25100000
2139 -386.37100000 187.48800000 -340.85700000
2140 1033.17000000 -534.42600000 549.93200000
2141 -81.48240000 332.15300000 8.70789000
2142 -407.76100000 126.42800000 87.58150000
2143 -1009.57000000 240.20400000 303.16500000
2144 406.92600000 246.58500000 -134.75100000
2145 82.86740000 -10.97320000 439.70900000
2146 138.40600000 -1231.31000000 6.80355000
2147 -138.24700000 -426.32800000 -239.81300000
2148 -277.71700000 -505.52300000 -33.34420000
2149 1041.25000000 354.97800000 -731.52500000
2150 56.37330000 -287.87500000 -703.95800000
2151 296.70600000 349.40000000 223.13000000
2152 -580.76100000 2788.17000000 1027.84000000
2153 -52.38910000 -150.03600000 -25.27980000
2154 380.24900000 -145.59400000 247.22300000
2155 -440.76800000 -876.66200000 -1040.60000000
2156 -264.51600000 84.16900000 -91.43350000
2157 150.31100000 15.78180000 50.13580000
2158 -160.59100000 -1122.40000000 412.70000000
2159 -149.37000000 109.71800000 -15.20420000
2160 -26.34220000 174.18600000 103.47300000
2161 -295.43100000 610.14400000 -246.92000000
2162 292.04200000 10.94210000 271.81300000
2163 -130.14800000 -237.29100000 -328.37400000
2164 1785.89000000 1035.60000000 859.27800000
2165 -252.61300000 -206.79400000 -127.34600000
2166 -484.69000000 -424.86900000 -42.71070000
2167 -853.10900000 -868.33800000 -154.61900000
2168 76.80320000 -424.08200000 89.93440000
2169 212.20200000 -111.80200000 -5.88233000
2170 55.21390000 539.84600000 -352.22400000
2171 145.66000000 89.03620000 -105.05600000
2172 -106.99400000 -49.59910000 199.81400000
2173 -634.97600000 411.82600000 146.51800000
2174 256.36400000 58.27130000 94.52550000
2175 70.66450000 -319.45200000 82.95940000
2176 159.06800000 173.61100000 -244.80200000
2177 239.38400000 -16.87950000 -490.98500000
2178 -314.95300000 155.10500000 109.43800000
2179 -67.91700000 163.00400000 149.34500000
2180 189.77100000 392.49800000 101.49600000
2181 -2466.29000000 -1318.21000000 1013.86000000
2182 1597.56000000 1067.26000000 495.75000000
2183 -123.37500000 -440.62300000 -183.47000000
2184 -147.12600000 -92.39740000 68.39340000
2185 2091.36000000 1258.71000000 565.04400000
2186 -1036.71000000 -1223.44000000 -1687.52000000
2187 -616.65200000 137.40300000 121.88800000
2188 -125.82600000 -361.03800000 669.68800000
2189 -280.84800000 522.85200000 163.89100000
2190 36.63960000 75.35160000 378.43200000
2191 -442.16300000 -2149.54000000 -2319.61000000
2192 388.45500000 460.99800000 -147.55100000
2193 440.12800000 491.40700000 913.61000000
2194 -130.27900000 63.45640000 438.67000000
2195 509.15000000 216.57900000 123.53600000
2196 31.70420000 -1021.94000000 -8.80457000
2197 -415.08600000 575.29900000 -101.86200000
2198 190.43500000 554.30100000 87.10690000
2199 -23.44390000 33.32450000 -114.39600000
2200 333.77600000 -570.76500000 -547.81500000
2201 357.77900000 206.17800000 113.90700000
2202 400.67800000 510.63600000 -90.44280000
2203 -982.76400000 1046.01000000 678.88700000
2204 -214.15400000 -607.86300000 -327.45500000
2205 -94.42850000 -116.63000000 -216.01000000
2206 100.15800000 -25.57910000 1695.52000000
2207 4.47242000 166.71600000 -362.49000000
2208 -35.31670000 4.03053000 -471.99600000
2209 871.53900000 -577.56400000 -132.24000000
2210 -21.64450000 102.51300000 144.68300000
2211 -333.93500000 169.11900000 -137.40500000
2212 -153.11900000 92.69850000 -8.41291000
2213 -68.97980000 -271.02700000 20.83310000
2214 -125.10100000 -270.90000000 1832.18000000
2215 229.02100000 115.34800000 -196.41500000
2216 -52.50780000 43.53050000 -271.35600000
2217 1253.17000000 825.97700000 -1667.43000000
2218 -289.69500000 -916.14000000 -366.74900000
2219 694.02800000 351.95200000 -218.07100000
2220 108.33500000 -1144.69000000 -280.27500000
2221 -332.21300000 1270.70000000 33.24620000
2222 -60.00570000 -1051.65000000 645.78400000
2223 -527.85000000 -274.07700000 -1737.84000000
2224 794.37100000 -42.64180000 1122.99000000
2225 -114.92000000 -296.81900000 -108.76400000
2226 -249.29400000 -221.44800000 189.40700000
2227 729.76600000 -39.82990000 -1334.34000000
2228 -276.05000000 -147.62600000 -55.93120000
2229 1055.13000000 126.66000000 -388.70800000
2230 -209.62300000 -210.79000000 -148.68500000
2231 -143.94600000 298.62600000 509.62300000
2232 663.89800000 195.52600000 657.96700000
2233 -375.94500000 -8.41013000 80.15400000
2234 -348.71800000 -244.80400000 -275.32000000
2235 15.79910000 233.44800000 -83.79840000
2236 -1197.05000000 273.18100000 1030.46000000
2237 403.53000000 -68.15250000 -169.68500000
2238 -21.19170000 -56.13960000 -38.79760000
2239 -257.13900000 -327.10300000 183.65500000
2240 -411.24900000 161.00500000 -236.93200000
2241 322.58000000 322.44100000 -338.36300000
2242 -812.03200000 521.55000000 468.18000000
2243 65.15490000 -679.30500000 201.50500000
2244 630.11500000 -2.67474000 5.02463000
2245 510.71100000 -224.13300000 -23.80800000
2246 -76.17100000 71.43780000 -589.02800000
2247 178.22800000 87.64020000 227.87700000
2248 -571.50700000 127.06100000 50.17540000
2249 -52.79330000 157.73300000 -214.29200000
2250 -767.39700000 -864.31800000 -967.16900000
2251 80.68810000 439.57400000 223.29200000
2252 -18.03870000 85.16690000 53.21330000
2253 -402.38700000 190.89500000 3822.40000000
2254 -1473.72000000 -8.33662000 423.88600000
2255 360.89200000 413.07000000 31.22390000
2256 622.32000000 40.12090000 -40.52500000
2257 307.67600000 -434.09200000 -595.36700000
2258 175.81900000 234.12200000 -934.61300000
2259 -240.48200000 552.49400000 -716.80300000
2260 195.22000000 -561.97100000 376.70900000
2261 -283.09600000 147.41100000 -110.00500000
2262 -129.41800000 -144.38500000 267.12800000
2263 927.54600000 354.73400000 -524.00100000
2264 227.00300000 -104.83700000 28.87930000
2265 -1310.95000000 -969.00000000 87.95380000
2266 323.08100000 200.07600000 301.04700000
2267 150.17000000 509.00300000 176.19500000
2268 852.62600000 1281.63000000 -97.94690000
2269 -508.07500000 -308.52300000 -245.40400000
2270 351.65400000 -559.61700000 69.65160000
2271 -12.72130000 239.18000000 -98.75690000
2272 249.14800000 -81.20960000 875.66700000
2273 -378.44500000 77.83040000 -648.67000000
2274 -158.90800000 24.79480000 -55.54900000
2275 38.98640000 1275.50000000 -1079.27000000
2276 87.96890000 -764.23700000 -19.25620000
2277 -168.99500000 88.77290000 -77.90290000
2278 249.21100000 -457.33100000 792.18000000
2279 235.00400000 -205.58000000 -41.51000000
2280 11.98900000 65.09630000 162.99400000
2281 -468.70200000 234.48000000 132.96600000
2282 29.57910000 22.46010000 -182.22100000
2283 93.27780000 30.17030000 -13.98150000
2284 6.43508000 -151.98700000 -84.54640000
2285 161.55200000 -293.17200000 -78.74950000
2286 -1211.45000000 291.48500000 -214.35100000
2287 -192.45900000 528.68900000 -97.32420000
2288 11.02960000 59.54210000 -665.31000000
2289 2235.35000000 -541.24000000 1670.80000000
2290 181.84100000 967.86900000 1718.30000000
2291 -176.01400000 -635.24100000 2.45283000
2292 -963.32300000 -372.05700000 -457.04600000
2293 -581.07400000 332.44500000 -3857.76000000
2294 -171.19800000 -435.54800000 2014.54000000
2295 1486.05000000 -376.16000000 18.93450000
2296 -964.61700000 190.26300000 1577.73000000
2297 485.31200000 -111.42600000 -350.26200000
2298 159.13700000 -381.04900000 -586.90000000
2299 -19.29940000 -398.56900000 415.04200000
2300 -228.56200000 -84.84570000 69.28210000
2301 -139.03700000 -346.42800000 -290.11700000
2302 9.12943000 681.36300000 -76.09800000
2303 41.01160000 -200.05000000 48.09760000
2304 -54.46120000 389.42300000 57.56470000
2305 -82.92980000 523.64900000 -243.02200000
2306 191.19500000 -246.30100000 -145.97900000
2307 124.64000000 -163.01000000 -108.77600000
2308 -1307.19000000 2471.92000000 517.21200000
2309 223.58800000 -410.99100000 187.19400000
2310 -94.45750000 -237.12500000 -89.00940000
2311 1448.25000000 -1612.90000000 -591.58100000
2312 113.15600000 144.49100000 -87.90400000
2313 115.80700000 -143.09400000 164.73900000
2314 -347.47300000 -168.44000000 -149.16300000
2315 82.42350000 -54.89740000 29.82190000
2316 185.38300000 -174.21500000 -270.47200000
2317 -799.08600000 414.26600000 490.91300000
2318 -31.05140000 79.75960000 46.62960000
2319 27.37040000 -55.24700000 -100.96500000
2320 860.98900000 75.44450000 -1136.62000000
2321 -164.85100000 -657.76700000 96.08220000
2322 505.91600000 -116.09100000 343.61700000
2323 -1680.85000000 730.76800000 -55.93170000
2324 231.24300000 463.11900000 334.57000000
2325 81.32320000 -84.60260000 10.49850000
2326 -134.64500000 73.45670000 786.90400000
2327 -55.99880000 -138.01900000 1.98615000
2328 79.14420000 744.52700000 536.47900000
2329 178.77200000 -952.39200000 -156.35700000
2330 248.97300000 -14.01130000 -167.73200000
2331 -36.86810000 -202.03800000 -355.41700000
2332 267.87500000 86.47370000 -329.26000000
2333 -317.05900000 176.41500000 -521.97100000
2334 2261.99000000 -261.28000000 233.53000000
2335 -565.82400000 214.96400000 -302.68800000
2336 466.08000000 170.10200000 -99.96190000
2337 -2781.32000000 -805.33700000 222.42300000
2338 1364.83000000 924.58300000 -862.68600000
2339 -132.86900000 305.85300000 -295.68900000
2340 377.49600000 10.30050000 -100.49100000
2341 1190.58000000 -28.04270000 2585.40000000
2342 342.27100000 -198.05400000 -1404.59000000
2343 -1490.92000000 588.53300000 -2999.43000000
2344 334.28600000 -97.05220000 2219.80000000
2345 325.56800000 78.06650000 304.56400000
2346 182.75600000 -10.56170000 -1.85592000
2347 -1142.02000000 586.23300000 -588.81600000
2348 421.68800000 72.88770000 444.11700000
2349 -223.27900000 -1036.22000000 822.31000000
2350 -16.77370000 -28.45270000 -36.86920000
2351 -177.30300000 -177.99700000 -381.24900000
2352 424.17300000 1093.38000000 177.65900000
2353 -166.21200000 -465.66800000 97.58750000
2354 98.91990000 -44.81470000 10.77410000
2355 -362.38000000 -74.41810000 -93.27660000
2356 1534.41000000 -413.61700000 258.63500000
2357 -79.12460000 247.98800000 -180.89900000
2358 -462.21700000 249.17700000 31.40130000
2359 -428.48700000 600.26300000 -37.74360000
2360 452.58500000 -76.66470000 -206.32900000
2361 -252.39900000 -464.33400000 -73.76600000
2362 529.96600000 448.27300000 -338.25400000
2363 -524.74000000 -388.57900000 -81.38870000
2364 172.09200000 35.17060000 143.93400000
2365 -35.39570000 -898.81700000 -699.94300000
2366 -59.17300000 -15.71510000 75.75070000
2367 -74.35530000 121.43700000 377.17600000
2368 -370.84800000 368.54600000 161.23600000
2369 396.73000000 79.98450000 172.99300000
2370 -539.16300000 496.82700000 -582.86600000
2371 -155.42300000 -517.26700000 133.50400000
2372 -456.01500000 -21.39550000 -267.68600000
2373 266.61100000 -667.38700000 952.60600000
2374 9.49088000 555.08900000 1507.50000000
2375 -11.44880000 -221.63700000 -1037.51000000
2376 20.31580000 -298.13300000 -41.02750000
2377 -987.39600000 1152.34000000 -2446.07000000
2378 760.43900000 -474.49400000 744.57900000
2379 -341.27000000 -709.15300000 1672.11000000
2380 -1231.39000000 103.61000000 185.72100000
2381 158.88000000 -193.94800000 -416.93700000
2382 431.31900000 160.40400000 -294.08400000
2383 1398.72000000 1544.63000000 -710.72100000
2384 394.31900000 -89.49420000 -6.35920000
2385 -53.52450000 -500.23600000 -809.40800000
2386 -29.67690000 -91.42380000 -44.27680000
2387 -149.49900000 -38.21160000 -351.63000000
2388 678.96400000 400.38000000 1045.79000000
2389 -333.87700000 -317.30200000 -112.37200000
2390 -281.61100000 126.51200000 -41.35160000
2391 502.09100000 -137.60800000 278.66300000
2392 -1471.19000000 -1343.29000000 1667.60000000
2393 -205.20800000 99.79930000 -481.26100000
2394 332.59400000 481.34700000 -293.49400000
2395 -387.90600000 -404.36200000 -139.59800000
2396 220.88200000 98.93460000 -41.90060000
2397 -293.11200000 191.28900000 173.64800000
2398 1719.38000000 420.67400000 -577.58000000
2399 -134.10000000 115.86000000 360.85100000
2400 -556.24200000 -238.03500000 461.31800000
2401 -774.77800000 495.79800000 -602.74100000
2402 411.91500000 -189.35600000 210.58300000
2403 203.08000000 -346.22300000 64.93620000
2404 -251.31000000 50.87920000 77.48810000
2405 -153.19400000 243.63800000 -531.26900000
2406 -1214.20000000 -452.66200000 784.90100000
2407 194.21500000 236.43400000 -60.78850000
2408 -243.43600000 73.99160000 -101.90700000
2409 3383.52000000 -1119.63000000 -2974.56000000
2410 -2056.37000000 -103.35400000 1300.70000000
2411 198.25800000 -299.30700000 -382.45100000
2412 -627.76600000 472.35400000 1033.13000000
2413 1888.36000000 -828.90600000 1298.20000000
2414 -1472.29000000 869.79900000 -709.56700000
2415 98.96170000 -65.14840000 353.25800000
2416 -40.87870000 859.96100000 -349.60500000
2417 -84.81510000 12.89550000 0.90336000
2418 -51.73090000 83.24100000 284.33900000
2419 -595.42600000 -1555.85000000 -1142.36000000
2420 -0.13571800 247.75500000 638.01500000
2421 -14.90600000 294.61200000 -102.45100000
2422 2550.38000000 -113.89600000 255.92900000
2423 -85.29160000 -166.22000000 48.87550000
2424 -467.26800000 351.04900000 -53.13100000
2425 -3099.99000000 -1237.09000000 -95.76160000
2426 589.92400000 621.38500000 83.91280000
2427 423.41200000 232.65800000 441.67500000
2428 254.36900000 -181.76000000 -1165.23000000
2429 276.04300000 193.34300000 684.38300000
2430 -32.38020000 65.45800000 253.66000000
2431 -652.80800000 455.95400000 731.97300000
2432 -9.66208000 83.82640000 -102.91100000
2433 322.48500000 257.78600000 -375.99300000
2434 439.17900000 -671.07400000 -1358.56000000
2435 -18.37110000 373.31500000 -79.31440000
2436 79.56360000 124.58200000 201.67900000
2437 -226.82800000 -1385.69000000 703.83900000
2438 -120.91100000 252.09900000 93.25610000
2439 183.77200000 -43.11780000 232.74600000
2440 688.26500000 1644.90000000 681.60600000
2441 -227.40800000 -19.77280000 236.46700000
2442 221.88900000 -424.25200000 3.63494000
2443 -770.95500000 -934.50100000 -2035.77000000
2444 383.73500000 -277.02000000 299.21800000
2445 -300.34700000 204.16800000 526.30600000
2446 827.27000000 1271.34000000 -913.31300000
2447 14.81000000 -650.09900000 -55.55990000
2448 -494.17600000 52.15880000 388.63300000
2449 -38.35020000 1442.07000000 1720.16000000
2450 201.03800000 -79.78630000 -205.60700000
2451 396.16100000 -138.63700000 -400.79500000
2452 -951.95500000 -787.15900000 -146.47400000
2453 151.66600000 -15.79250000 76.94470000
2454 162.58400000 -352.20700000 22.57020000
2455 -565.91000000 -431.79100000 -878.65500000
2456 205.64400000 91.59750000 467.81200000
2457 269.53300000 312.77700000 -160.85400000
2458 48.90170000 507.55700000 -225.04900000
2459 265.80700000 -152.68000000 27.75020000
2460 -455.92500000 163.83900000 468.76100000
2461 -142.64000000 -647.56100000 -329.85600000
2462 -232.53900000 -188.22200000 138.90800000
2463 -244.04900000 -1.68370000 2.42719000
2464 979.73100000 357.34800000 -170.13800000
2465 348.96600000 -58.82130000 -141.96800000
2466 145.67100000 -313.39700000 -14.84650000
2467 -1511.20000000 247.86100000 967.06000000
2468 -31.41290000 -119.61700000 -82.23690000
2469 458.24200000 1.93537000 -299.52600000
2470 403.94300000 140.15300000 12.72530000
2471 181.31900000 21.61440000 234.34800000
2472 -212.96000000 1216.08000000 -542.99400000
2473 -55.68060000 372.60700000 55.06060000
2474 251.77500000 -123.22100000 -132.76300000
2475 625.52900000 -1219.93000000 167.73600000
2476 -2422.12000000 -682.30500000 786.77500000
2477 1096.87000000 269.18700000 -609.99600000
2478 149.99900000 114.30500000 -28.16150000
2479 689.70200000 935.20800000 -803.32700000
2480 294.03200000 158.62000000 -97.68770000
2481 -271.34100000 -603.59000000 956.27200000
2482 -1341.02000000 -484.74500000 617.95800000
2483 232.28300000 61.05880000 -301.12300000
2484 484.82000000 73.54630000 320.32200000
2485 -614.36400000 1216.55000000 -1413.04000000
2486 371.97400000 -296.97500000 34.66000000
2487 -811.58800000 443.47300000 169.44800000
2488 0.46191200 -196.97200000 46.35130000
2489 507.12400000 -299.58400000 -143.30500000
2490 1935.52000000 -481.27000000 95.31550000
2491 -238.35200000 385.38000000 -147.07500000
2492 35.18360000 -418.08000000 -42.19590000
2493 -465.08600000 220.31900000 252.15600000
2494 1506.98000000 -120.49800000 -1821.78000000
2495 -776.02400000 93.70810000 606.40100000
2496 -166.76200000 -125.14500000 332.52500000
2497 -814.63800000 538.88600000 -19.32860000
2498 252.70900000 -694.51600000 156.74700000
2499 -199.95400000 308.04400000 525.38800000
2500 322.63800000 -84.27450000 -1640.59000000
2501 -132.65200000 -154.11500000 560.58500000
2502 -589.05800000 25.22080000 671.30600000
2503 -97.84230000 502.19900000 1042.34000000
2504 -29.43640000 -139.98800000 -94.35280000
2505 180.24300000 42.35430000 -81.87980000
2506 -1.07305000 -137.77500000 -132.16800000
2507 77.22710000 2.12408000 -104.87700000
2508 -200.01800000 711.31900000 -846.03000000
2509 -234.59700000 129.34900000 139.81500000
2510 -23.44010000 195.47600000 137.75800000
2511 -77.40400000 964.14500000 63.53650000
2512 -561.30700000 -676.30100000 -517.15800000
2513 -183.23600000 92.55290000 273.83500000
2514 134.72200000 -82.31910000 342.86400000
2515 650.79600000 -1336.92000000 2102.64000000
2516 59.73390000 77.90860000 -249.05300000
2517 354.67600000 434.88800000 -566.06700000
2518 -379.71400000 -161.09400000 -174.17300000
2519 226.32600000 25.50440000 -315.46700000
2520 197.46000000 78.61230000 127.14600000
2521 -1408.76000000 -375.11200000 1620.01000000
2522 6.19796000 298.93500000 -278.06000000
2523 330.94600000 291.17300000 -26.85980000
2524 1438.79000000 125.64400000 -214.49400000
2525 265.49800000 234.93200000 34.71580000
2526 212.90800000 67.07420000 4.57217000
2527 -1536.44000000 -828.97700000 -1773.58000000
2528 369.85200000 -226.94200000 291.45900000
2529 -85.10270000 -150.41000000 76.50310000
2530 -454.86300000 731.85300000 1734.59000000
2531 -155.56900000 374.11200000 -595.66500000
2532 382.24900000 27.33760000 -146.05700000
2533 1332.73000000 -1848.18000000 198.29700000
2534 -895.26400000 469.96400000 -47.71840000
2535 40.32500000 354.50400000 150.91500000
2536 -25.64180000 1699.69000000 -500.48200000
2537 -161.22100000 -231.38800000 -235.09300000
2538 270.07000000 -383.30800000 305.50100000
2539 6.64638000 -797.86300000 -219.42500000
2540 -95.72910000 87.74140000 -38.46940000
2541 -69.48540000 -134.85200000 204.04300000
2542 10.15720000 -281.32200000 -2888.89000000
2543 -153.01500000 270.89200000 698.37700000
2544 -97.31740000 -279.83800000 1080.71000000
2545 1318.29000000 -641.90000000 1299.57000000
2546 -280.67900000 123.76900000 187.53600000
2547 2.95687000 192.07400000 -578.98000000
2548 -893.00500000 1712.50000000 -140.08200000
2549 -220.78000000 -111.89800000 170.71900000
2550 98.12710000 -220.53600000 -6.95828000
2551 583.30200000 -2143.27000000 -1312.29000000
2552 184.13400000 96.11140000 354.61600000
2553 373.32200000 470.87600000 651.39000000
2554 -950.16000000 -453.50500000 295.27600000
2555 -320.32000000 404.83100000 -203.31000000
2556 -291.73000000 63.80970000 -75.07050000
2557 1170.01000000 1601.61000000 678.32300000
2558 -225.69800000 -340.31200000 133.81100000
2559 -94.71050000 -205.56100000 -97.61200000
2560 -271.57900000 829.77800000 -1414.29000000
2561 251.63200000 -134.25600000 492.96200000
2562 -526.78600000 -334.81700000 83.76530000
2563 704.16900000 -888.07500000 170.91300000
2564 -234.67600000 41.83510000 -288.60600000
2565 128.57300000 73.02450000 285.95600000
2566 -415.06300000 883.94200000 143.35900000
2567 -132.57700000 -327.13300000 -64.95400000
2568 97.13780000 -453.63100000 50.77070000
2569 664.72000000 406.85200000 -72.25920000
2570 90.77140000 3.99857000 -65.53670000
2571 -215.37900000 121.19500000 125.18700000
2572 -267.86700000 -344.19400000 27.85570000
2573 51.72530000 -17.74570000 436.44000000
2574 -56.68340000 -673.04200000 1030.51000000
2575 64.30840000 -173.25400000 -206.69600000
2576 334.27100000 -37.69520000 -58.55030000
2577 -2075.78000000 718.24600000 -1176.44000000
2578 1696.69000000 -912.30300000 -451.80900000
2579 701.08900000 -422.66200000 204.76000000
2580 -104.34200000 392.08000000 150.47900000
2581 1449.01000000 -581.55400000 -1194.19000000
2582 -80.47950000 210.40300000 492.54500000
2583 -2184.61000000 291.31100000 967.19300000
2584 465.27300000 -831.44600000 180.60200000
2585 -416.90000000 206.67200000 -156.07700000
2586 147.61000000 327.67100000 41.28080000
2587 694.59100000 -106.76700000 -1682.70000000
2588 -490.97800000 99.36720000 347.24100000
2589 419.35300000 469.59900000 839.11800000
2590 159.77900000 -626.63400000 -620.05100000
2591 -106.05300000 30.18720000 -542.90000000
2592 -133.39000000 -614.23600000 82.43770000
2593 124.13900000 477.03500000 17.08180000
2594 394.54800000 -134.25100000 -56.46870000
2595 83.48570000 184.53500000 87.45610000
2596 -2262.58000000 2269.48000000 -234.28400000
2597 482.91000000 -218.71200000 289.99400000
2598 231.27700000 -388.22800000 197.35400000
2599 688.61200000 -1514.44000000 -138.67400000
2600 -216.50700000 57.66080000 -392.43000000
2601 -11.76100000 142.73300000 9.43330000
2602 -231.29000000 269.53200000 732.60500000
2603 166.28500000 75.46630000 358.52000000
2604 -115.70100000 14.89180000 423.61600000
2605 -368.51800000 -491.17600000 -602.33200000
2606 207.58100000 200.88000000 137.16100000
2607 274.18700000 152.92500000 32.94990000
2608 301.20500000 131.80600000 -58.49660000
2609 86.78380000 208.26200000 -165.34300000
2610 299.10100000 218.18900000 -1239.52000000
2611 -28.75510000 98.18260000 -272.25600000
2612 26.24020000 -252.52900000 179.23000000
2613 272.12200000 1834.42000000 3189.11000000
2614 -1103.87000000 -1955.63000000 -1291.79000000
2615 -239.96400000 15.31730000 -110.79000000
2616 -146.01900000 1026.89000000 509.47900000
2617 869.51300000 -270.57100000 -1546.08000000
2618 23.51130000 241.41700000 -259.22100000
2619 -155.36800000 49.81330000 625.49200000
2620 -178.29400000 -511.30900000 -121.02900000
2621 -107.28600000 87.16090000 149.44000000
2622 179.66200000 381.60200000 67.74190000
2623 1449.13000000 -165.95300000 -506.58700000
2624 141.48600000 83.54730000 216.03000000
2625 -635.09800000 608.89000000 443.64500000
2626 -1167.17000000 -552.50600000 -803.53300000
2627 531.83600000 -50.71570000 350.30400000
2628 224.74800000 158.37700000 375.42500000
2629 602.94700000 504.59700000 -860.17400000
2630 -274.27000000 100.26600000 51.59870000
2631 -192.34700000 244.03700000 -19.79670000
2632 495.30800000 -1389.71000000 537.94100000
2633 169.00000000 -311.90200000 99.27030000
2634 -213.35500000 534.51200000 463.94400000
2635 -1450.08000000 -401.11800000 -278.95100000
2636 588.24500000 141.55100000 374.27100000
2637 -308.81400000 282.44100000 -122.68500000
2638 77.89490000 -62.36260000 38.61840000
2639 -159.49500000 470.50900000 -320.69200000
2640 10.57970000 -108.43500000 72.11430000
2641 1047.11000000 279.12300000 -774.38400000
2642 196.68000000 142.41300000 -18.44520000
2643 -399.94900000 35.96310000 765.21500000
2644 -838.23000000 -863.32600000 -1277.33000000
2645 -76.31630000 293.12600000 -260.49400000
2646 332.73800000 -272.63300000 289.59100000
2647 -266.59600000 410.49200000 1270.21000000
2648 -92.89980000 -345.51700000 -448.36500000
2649 524.59000000 -292.43300000 80.98080000
2650 -556.68100000 885.86100000 159.60100000
2651 6.42109000 -348.95600000 39.41680000
2652 332.77000000 17.03620000 -353.63000000
2653 699.82200000 540.93600000 415.46500000
2654 -86.86640000 -173.82400000 -183.52900000
2655 72.32270000 82.32080000 13.98100000
2656 -752.56100000 -1646.12000000 -1449.47000000
2657 -107.39200000 0.50587600 -5.81524000
2658 90.50090000 397.23200000 121.53200000
2659 1591.80000000 920.85400000 564.07800000
2660 -145.98700000 -194.75200000 274.34700000
2661 64.81380000 98.07670000 162.10600000
2662 -1974.53000000 407.39100000 1106.58000000
2663 -134.20100000 -74.77610000 -493.10100000
2664 242.19400000 -178.81600000 -143.96800000
2665 -797.82400000 -680.70600000 -1274.34000000
2666 699.33700000 1112.62000000 -14.15360000
2667 463.10300000 -433.07400000 936.00200000
2668 -919.55200000 -1163.06000000 -1309.11000000
2669 -62.41080000 175.79900000 485.75900000
2670 549.87200000 480.87400000 119.91700000
2671 509.45300000 -198.51700000 -225.50300000
2672 -219.36200000 216.17200000 450.01600000
2673 -404.40200000 30.38450000 164.26500000
2674 422.84600000 267.90500000 216.23700000
2675 228.28300000 115.54400000 -462.57500000
2676 217.85100000 -259.47100000 -57.27660000
2677 351.74100000 -226.85200000 511.31100000
2678 -43.76470000 384.07600000 -108.38500000
2679 -2875.24000000 964.15000000 1809.52000000
2680 307.48500000 -484.76900000 1015.84000000
2681 1378.67000000 -435.48300000 -879.59300000
2682 439.48000000 -160.26000000 347.36600000
2683 -1342.29000000 -1489.63000000 180.84600000
2684 1010.88000000 391.01900000 -382.20200000
2685 1.48465000 727.42800000 -433.24000000
2686 -1309.51000000 -503.43100000 -316.87100000
2687 -4.10803000 116.45600000 47.43520000
2688 345.20000000 64.24340000 229.54300000
2689 1342.55000000 -1024.02000000 -1391.46000000
2690 -48.99550000 87.89180000 170.23100000
2691 -63.62080000 1108.09000000 -745.79400000
2692 382.78600000 -492.06600000 -254.48400000
2693 493.86700000 -654.43300000 545.68900000
2694 -1419.41000000 165.24700000 -291.94600000
2695 475.62600000 -182.27000000 -58.00620000
2696 -129.67700000 -370.13300000 177.02200000
2697 -249.33400000 40.09420000 158.25000000
2698 401.09500000 813.50500000 2474.33000000
2699 -70.55030000 320.10800000 -361.15300000
2700 182.13000000 -78.48270000 -139.67900000
2701 242.51100000 -160.60600000 -1135.14000000
2702 91.13180000 -234.25200000 530.81800000
2703 16.03830000 -125.72600000 -500.65900000
2704 -309.75600000 452.58500000 396.93600000
2705 -82.42800000 348.27800000 -504.84000000
2706 33.52710000 283.56300000 481.57900000
2707 -225.13600000 -1559.21000000 824.26400000
2708 325.81900000 760.01200000 -299.10600000
2709 -38.34960000 630.01800000 -183.15000000
2710 -85.80840000 343.76800000 -746.78400000
2711 45.81640000 -421.50300000 98.41200000
2712 -850.17400000 480.23200000 771.44300000
2713 46.04670000 430.22700000 161.73900000
2714 371.19400000 -215.47500000 -481.11800000
2715 1052.71000000 -102.89400000 -2123.79000000
2716 -930.05300000 245.11800000 -1144.20000000
2717 -37.64670000 -100.25600000 4.04495000
2718 168.51400000 233.33300000 193.34100000
2719 -959.62700000 -350.87000000 2185.66000000
2720 -81.93940000 260.73800000 -1507.17000000
2721 1539.53000000 -378.22700000 332.12000000
2722 -458.82500000 456.52600000 790.50900000
2723 -24.86630000 32.45230000 -380.09700000
2724 -291.54400000 -100.63900000 -268.54000000
2725 -729.43800000 565.77300000 -464.64400000
2726 246.89900000 161.33300000 320.96400000
2727 790.90900000 18.35570000 -487.25800000
2728 588.29600000 -86.91970000 1804.24000000
2729 -159.44600000 -173.72000000 -121.18700000
2730 21.33050000 -57.37570000 -150.19100000
2731 -1559.81000000 -696.56500000 -694.31800000
2732 146.38800000 133.44200000 122.59300000
2733 -19.71730000 42.64270000 -381.67300000
2734 1918.29000000 -182.60000000 1136.72000000
2735 -619.32800000 27.80930000 -992.63600000
2736 -630.28100000 330.08600000 14.19360000
2737 -200.31800000 -264.56400000 -444.60500000
2738 292.61200000 -93.30620000 -239.65100000
2739 88.75050000 175.40400000 -269.38800000
2740 -121.37400000 -331.58700000 421.15800000
2741 -41.55890000 99.61540000 -288.87900000
2742 -1.09003000 198.23100000 167.01900000
2743 -1690.86000000 -453.59400000 773.44300000
2744 494.62100000 -104.47800000 -339.02600000
2745 0.74495400 64.58280000 4.26520000
2746 1336.18000000 595.64100000 402.28800000
2747 284.53600000 -205.91700000 -493.81800000
2748 -378.56500000 -10.18000000 243.86100000
2749 -627.91700000 287.24800000 -720.10500000
2750 -29.28310000 46.66150000 -167.87500000
2751 -126.36700000 -294.30300000 188.15000000
2752 1177.50000000 -233.94800000 1592.44000000
2753 -71.22500000 50.97420000 -434.13100000
2754 -25.19650000 62.50900000 -45.84680000
2755 25.90560000 -302.09200000 -315.63100000
2756 -328.96100000 -35.06590000 12.92310000
2757 0.83755300 383.52200000 -273.10200000
2758 -261.45900000 32.85770000 225.33700000
2759 -230.03300000 217.72000000 -343.87500000
2760 -2130.26000000 -352.90900000 538.31900000
2761 90.44410000 -1.45319000 -102.50500000
2762 673.14500000 -63.01800000 -329.74900000
2763 2748.17000000 244.44000000 3546.62000000
2764 321.52500000 2558.10000000 -2495.52000000
2765 -760.70100000 23.83900000 -288.91800000
2766 -41.01720000 -392.32500000 307.80000000
2767 -583.53500000 -1624.58000000 -271.74500000
2768 -882.31100000 621.03000000 -437.66300000
2769 1332.96000000 567.30300000 524.56400000
2770 -704.02100000 -479.11500000 -913.80300000
2771 58.96990000 48.38990000 -136.04600000
2772 -210.94200000 17.76700000 98.75320000
2773 1611.37000000 580.72900000 1438.50000000
2774 -271.83400000 31.30360000 -572.20900000
2775 -32.43820000 -1650.38000000 1258.24000000
2776 -118.64700000 472.09100000 -0.65043300
2777 -111.47900000 399.12300000 -365.32900000
2778 606.57300000 1069.51000000 -1378.13000000
2779 -1.40703000 -69.75980000 -200.85500000
2780 -146.63600000 -281.17100000 -11.36200000
2781 -168.98500000 -367.95900000 664.69500000
2782 -725.98300000 81.17370000 497.93000000
2783 506.56800000 411.38100000 -443.68500000
2784 -377.67900000 -260.37000000 -204.62900000
2785 -1096.10000000 -250.59900000 -408.08700000
2786 85.70150000 76.25860000 41.39880000
2787 -128.63100000 -37.23190000 -105.41000000
2788 2545.02000000 641.15300000 1841.25000000
2789 -614.28600000 4.88467000 -623.10400000
2790 -582.00100000 10.48660000 42.72000000
2791 -608.48200000 -704.39900000 -873.19200000
2792 18.10360000 93.36540000 -107.77400000
2793 469.63700000 91.50800000 262.18900000
2794 -147.31400000 236.05000000 415.32500000
2795 -175.79800000 624.79000000 170.03800000
2796 -1177.12000000 -246.35200000 584.67200000
2797 -508.75500000 -97.73090000 346.27800000
2798 659.65300000 159.42100000 -434.32100000
2799 911.55100000 -2473.61000000 -1146.62000000
2800 644.68700000 253.25400000 -302.38800000
2801 220.25100000 -503.69200000 164.13500000
2802 -968.09000000 -263.11500000 -492.51900000
2803 2544.79000000 424.52800000 691.00800000
2804 12.31610000 339.44000000 6.12706000
2805 -1583.26000000 -984.81500000 17.71660000
2806 856.88000000 651.60000000 1349.76000000
2807 135.60100000 -11.47230000 -24.46510000
2808 -103.73900000 -129.90400000 -97.65080000
2809 731.56400000 -1967.18000000 -21.95380000
2810 99.72310000 551.86500000 423.54400000
2811 581.42700000 972.15400000 38.60920000
2812 -167.97900000 164.11700000 -281.86600000
2813 -37.70950000 41.45420000 89.77080000
2814 -2557.06000000 185.36600000 1174.37000000
2815 761.84100000 217.25600000 -729.27600000
2816 801.59300000 -195.35600000 -47.40840000
2817 -24.45520000 -12.30170000 -199.03500000
2818 -1641.55000000 -1052.87000000 -502.46400000
2819 72.28380000 6.25339000 87.56980000
2820 168.42800000 -202.21400000 -258.54700000
2821 795.39000000 1318.20000000 234.20200000
2822 -229.95300000 109.26200000 -555.85300000
2823 -437.05800000 -251.62700000 144.42900000
2824 -10.95430000 9.03516000 -1178.25000000
2825 164.20600000 -122.38900000 123.25100000
2826 409.62100000 -164.99900000 521.65300000
2827 390.73800000 -56.05770000 6.39392000
2828 -132.95800000 4.65440000 368.45100000
2829 -33.14570000 -90.10110000 320.09100000
2830 -184.81500000 416.00900000 -328.32500000
2831 172.88100000 162.70700000 101.88800000
2832 -444.20900000 -718.16600000 -1546.90000000
2833 274.11600000 -83.66150000 87.12370000
2834 -147.11100000 109.40300000 -516.90600000
2835 283.60400000 -255.57700000 674.35000000
2836 -3183.80000000 -246.39500000 280.14300000
2837 594.42500000 724.30200000 -89.68560000
2838 213.00100000 21.28650000 103.30400000
2839 1927.58000000 932.50500000 -1003.85000000
2840 -1687.48000000 -326.37600000 1770.98000000
2841 -70.24100000 -28.93000000 156.01600000
2842 -5.68092000 -253.87700000 -1617.01000000
2843 194.11100000 62.20820000 75.17830000
2844 256.15400000 218.84500000 409.84800000
2845 -535.18200000 284.13700000 1749.12000000
2846 52.99800000 -214.27000000 -638.36700000
2847 -104.19500000 345.12500000 -121.59600000
2848 401.10000000 -602.09400000 269.77100000
2849 -754.44000000 242.46200000 -87.70120000
2850 -51.31810000 -73.17260000 -433.47700000
2851 -168.09500000 471.94900000 1710.70000000
2852 271.97800000 -251.16600000 -209.22200000
2853 194.24700000 -208.27700000 -262.92800000
2854 484.83300000 643.54000000 -1754.68000000
2855 23.42620000 -188.81500000 7.16610000
2856 -111.66100000 -402.00300000 312.16100000
2857 -562.18800000 807.16500000 -93.07950000
2858 -79.42450000 73.42490000 290.41700000
2859 174.66800000 -238.72900000 107.50300000
2860 125.45500000 -255.71000000 -1314.75000000
2861 272.33700000 -308.32600000 228.55800000
2862 264.05100000 -266.49900000 -180.40800000
2863 145.31700000 -952.58600000 1257.78000000
2864 30.62470000 -22.60320000 -326.57000000
2865 -64.53930000 217.73700000 709.61400000
2866 -853.65300000 945.93800000 -811.43100000
2867 346.53900000 272.23200000 422.39300000
2868 369.69800000 -107.57500000 -81.11260000
2869 -409.79700000 -339.46700000 -817.03700000
2870 57.20180000 -258.70100000 -91.19960000
2871 -235.22300000 10.46640000 409.91800000
2872 1069.52000000 478.56400000 137.44700000
2873 -151.23400000 -89.64920000 72.40600000
2874 -589.29200000 -83.40670000 393.11300000
2875 -387.29300000 258.24700000 -474.67100000
2876 164.18300000 -112.33900000 -145.29800000
2877 -78.14040000 92.19600000 226.50300000
2878 1099.13000000 495.79200000 -63.98640000
2879 -132.12200000 -251.40600000 -171.81500000
2880 -377.83600000 -44.73630000 45.32440000
2881 -1139.02000000 34.08190000 704.86600000
2882 263.45600000 38.72490000 -343.98400000
2883 401.76600000 18.23890000 -214.09300000
2884 -411.67000000 -529.56300000 19.53510000
2885 550.06300000 330.67100000 -353.84200000
2886 -166.25200000 -106.94200000 158.49900000
2887 476.07500000 -293.52600000 557.97000000
2888 172.59300000 191.68100000 94.20580000
2889 11.59150000 -17.57690000 -139.90800000
2890 -632.99900000 531.20400000 -186.42700000
2891 152.25900000 -14.84010000 -190.57200000
2892 27.14500000 -362.40900000 192.16800000
2893 -669.99600000 -671.97800000 18.17350000
2894 426.68800000 399.62600000 333.82400000
2895 -104.39800000 -36.29090000 -324.72900000
2896 457.25000000 -178.65400000 -396.90500000
2897 197.89500000 146.86000000 -35.56060000
2898 -1500.70000000 -463.91400000 413.28100000
2899 -180.77500000 377.39500000 -12.47190000
2900 206.80600000 -203.53500000 -275.30400000
2901 3226.17000000 -145.42400000 1248.86000000
2902 -1329.72000000 359.91100000 -1669.09000000
2903 330.79300000 -123.01800000 175.05200000
2904 29.61690000 425.56700000 199.79200000
2905 528.54700000 -1969.03000000 516.73300000
2906 35.70160000 1294.28000000 -1364.40000000
2907 275.81200000 1074.01000000 1643.57000000
2908 -1151.92000000 -875.73200000 -187.89900000
2909 115.69300000 72.39220000 -128.89900000
2910 -163.95200000 -144.48900000 -440.33800000
2911 499.33200000 589.54700000 320.47100000
2912 167.46700000 328.53700000 260.04700000
2913 -346.88800000 -831.53300000 -974.40000000
2914 316.29400000 302.96900000 131.83700000
2915 597.33600000 607.10200000 108.55700000
2916 -416.16400000 -720.97700000 401.52400000
2917 34.29210000 -143.73300000 -62.87860000
2918 178.25800000 304.72800000 262.42000000
2919 -392.77100000 230.15700000 -32.50530000
2920 -932.03300000 179.73100000 -935.67000000
2921 172.47100000 -362.72200000 -71.12200000
2922 -81.79300000 83.41320000 31.06740000
2923 1350.67000000 -787.57400000 807.56700000
2924 -398.83900000 438.58400000 -94.10090000
2925 -210.13100000 340.54500000 -117.81800000
2926 -643.41700000 -99.88260000 351.27200000
2927 332.05700000 -259.28100000 105.53700000
2928 151.74100000 -84.98710000 91.26770000
2929 375.37300000 410.55800000 -1077.05000000
2930 -283.63700000 -128.20300000 -150.04900000
2931 245.61600000 -8.89822000 486.51800000
2932 -360.39900000 -90.55070000 83.69450000
2933 132.15500000 71.41690000 -256.79600000
2934 -548.34300000 737.52700000 667.63000000
2935 -4.27857000 -373.00500000 103.96300000
2936 316.52000000 395.23900000 477.39900000
2937 -743.22200000 -119.27900000 236.94500000
2938 1325.23000000 819.51100000 -1033.79000000
2939 -144.41000000 177.79400000 478.90700000
2940 186.07000000 -323.63500000 -28.14210000
2941 -685.70800000 -678.12000000 -1012.89000000
2942 -600.38600000 -7.55033000 -373.53400000
2943 1964.21000000 142.67900000 2247.01000000
2944 -499.97100000 -966.63100000 -1294.32000000
2945 440.42300000 47.03240000 -40.31910000
2946 -131.35500000 431.88000000 45.67220000
2947 297.59500000 151.24000000 407.43300000
2948 54.79550000 74.03390000 -260.20700000
2949 232.81200000 -236.54400000 148.01900000
2950 164.79000000 515.38500000 635.53900000
2951 -178.19100000 -238.71700000 -207.38500000
2952 -158.50500000 -38.00080000 -547.09200000
2953 -299.96900000 455.52700000 593.12300000
2954 243.58500000 -116.46500000 188.44000000
2955 248.17300000 -233.69900000 367.50300000
2956 -810.84600000 417.21200000 134.79000000
2957 -516.21400000 170.51100000 -229.83200000
2958 -144.20100000 287.61100000 -491.66300000
2959 -201.70400000 338.71100000 -1169.40000000
2960 -51.10520000 -278.56500000 -42.10640000
2961 328.19600000 -373.55600000 17.94360000
2962 1204.32000000 -1351.95000000 763.88100000
2963 248.72400000 108.18300000 278.34400000
2964 -350.14900000 99.42310000 20.90630000
2965 -115.58200000 1125.98000000 -1178.99000000
2966 60.31200000 -538.64300000 -119.51900000
2967 -42.47330000 251.88800000 164.45300000
2968 -239.35000000 -1489.35000000 264.92100000
2969 -42.42090000 -263.45000000 82.03860000
2970 -134.50800000 -91.04790000 417.48200000
2971 -767.43600000 1188.44000000 -52.88570000
2972 -193.50100000 13.25460000 127.89800000
2973 324.88000000 59.34150000 51.57520000
2974 584.78400000 1162.08000000 292.96800000
2975 -737.01900000 221.69100000 -164.87700000
2976 -230.35200000 239.23900000 157.38300000
2977 1047.75000000 -1884.77000000 -820.72800000
2978 -282.38300000 156.53900000 393.94300000
2979 -30.38080000 704.16700000 367.41000000
2980 -204.56700000 259.63100000 -85.95930000
2981 235.09900000 99.49540000 -60.31070000
2982 -805.56500000 459.25000000 1227.91000000
2983 67.88860000 -28.26360000 67.07300000
2984 657.05700000 450.72100000 37.98950000
2985 435.44500000 -1923.43000000 -611.19600000
2986 1052.41000000 1459.62000000 487.92400000
2987 -140.39300000 -669.78500000 -102.41900000
2988 -367.98700000 -235.17300000 -144.08400000
2989 -736.08900000 -300.81900000 -861.61700000
2990 393.59000000 49.21190000 374.10900000
2991 -29.48090000 52.04020000 1075.98000000
2992 -1213.02000000 215.09000000 -1032.26000000
2993 216.43600000 -347.94500000 -365.38900000
2994 80.48340000 18.85390000 -317.71700000
2995 476.66900000 -1213.15000000 1313.92000000
2996 138.13700000 148.89100000 37.96180000
2997 -127.61200000 704.26600000 -987.84100000
2998 50.91240000 -13.15420000 138.26000000
2999 174.75800000 -154.68300000 -32.53700000
3000 -388.07000000 -114.67000000 557.36100000
3001 269.93300000 -86.64950000 -42.77650000
3002 103.29500000 -46.44040000 144.53700000
3003 -102.27400000 -54.65080000 -78.99730000
3004 -441.51100000 60.90260000 24.61880000
3005 -327.90500000 87.55480000 -124.94000000
3006 275.45300000 643.06600000 -320.34600000
3007 65.91050000 761.04200000 1071.75000000
3008 92.77450000 -237.17500000 -13.96840000
3009 -46.52730000 -21.89100000 -218.70700000
3010 -178.10700000 -308.46600000 -947.82000000
3011 233.66200000 21.45860000 545.34800000
3012 56.09990000 71.97790000 -23.98260000
3013 -496.28000000 264.01700000 55.53790000
3014 278.68200000 -186.06700000 -75.74280000
3015 201.34200000 -97.47490000 95.42070000
3016 -4.72960000 -92.52100000 73.88690000
3017 -152.06600000 164.50300000 295.17500000
3018 375.73400000 187.24000000 -723.57700000
3019 48.19240000 17.16150000 -18.52300000
3020 55.78370000 -125.20100000 284.63900000
3021 917.62300000 -577.03900000 -1826.68000000
3022 -1348.34000000 -497.25200000 1362.73000000
3023 97.74730000 616.30700000 -528.62600000
3024 462.93300000 -506.72000000 13.98310000
3025 -3496.21000000 442.07300000 881.66800000
3026 765.67200000 69.07390000 -59.57230000
3027 1256.42000000 -220.52700000 -638.29000000
3028 1398.13000000 736.91200000 -773.48300000
3029 73.57830000 23.10440000 139.97900000
3030 -11.02140000 60.26420000 240.11900000
3031 213.88400000 -1417.77000000 1783.65000000
3032 301.09700000 -159.76800000 -686.67100000
3033 -545.56400000 472.55900000 0.10078500
3034 -371.04200000 381.43400000 -365.25400000
3035 25.98640000 228.38700000 -330.49700000
3036 -633.13100000 -155.54800000 -306.72800000
3037 -705.40800000 -1254.81000000 -76.51270000
3038 280.33800000 448.12700000 387.46500000
3039 -245.06500000 446.68900000 -128.80700000
3040 -781.81400000 2051.59000000 560.11900000
3041 -180.81000000 -125.15900000 -38.46370000
3042 582.26900000 -363.57900000 -12.34480000
3043 -1168.58000000 -1099.93000000 -339.43600000
3044 416.02700000 -104.18400000 -24.43010000
3045 402.89900000 265.88400000 -178.17900000
3046 943.73500000 -1137.20000000 1230.98000000
3047 499.09300000 16.40570000 -438.12900000
3048 456.78500000 567.12800000 -156.07000000
3049 -831.82100000 1063.11000000 -282.91500000
3050 498.27900000 170.07600000 -179.66600000
3051 2.45145000 -212.35200000 -16.79790000
3052 -907.08200000 -545.59200000 -389.83200000
3053 21.94330000 -90.73700000 -59.78670000
3054 225.32500000 -143.62400000 -196.44600000
3055 547.33400000 240.23100000 26.74760000
3056 -98.41570000 497.67200000 -106.67900000
3057 -380.85900000 -551.49800000 65.71010000
3058 598.65600000 861.20800000 1287.15000000
3059 -27.92000000 -248.31700000 112.12800000
3060 45.31550000 -177.24700000 -312.39400000
3061 -105.98300000 -681.25800000 -784.90800000
3062 -30.90430000 -308.78100000 184.54200000
3063 110.31500000 526.60100000 -83.00150000
3064 -400.21100000 -224.46200000 213.78800000
3065 66.67430000 -0.41265500 -220.08500000
3066 -180.01900000 -852.87300000 302.73600000
3067 426.79000000 250.24300000 -78.84710000
3068 187.01200000 276.50700000 -405.95100000
3069 -555.16600000 532.56600000 267.74200000
3070 795.97200000 -1624.11000000 301.92900000
3071 -164.77000000 612.30600000 -109.99100000
3072 245.35900000 247.34800000 -246.33000000
3073 -1025.50000000 -554.29300000 -537.36200000
3074 -146.59000000 616.15500000 566.46000000
3075 1775.06000000 842.98200000 -11.85250000
3076 -1405.22000000 -916.61000000 388.57800000
3077 116.20600000 -36.83140000 -269.80900000
3078 320.24400000 409.60100000 250.45700000
3079 1169.99000000 -27.16530000 -60.01290000
3080 -594.30300000 -152.85400000 44.58230000
3081 -155.91300000 -234.46600000 463.97100000
3082 -338.11600000 476.77200000 -1174.74000000
3083 252.26700000 -66.98200000 -170.19000000
3084 31.82150000 -306.23500000 78.47990000
3085 -209.28100000 452.61400000 2332.82000000
3086 50.21500000 -80.64980000 -452.96600000
3087 25.64340000 -47.96570000 -223.23100000
3088 532.62400000 330.77600000 -1861.13000000
3089 -41.45700000 197.65000000 159.05700000
3090 -1.03763000 9.81366000 199.77100000
3091 -985.33900000 -332.13500000 1253.64000000
3092 72.08950000 340.89800000 128.10500000
3093 -21.32010000 -173.28600000 -96.28690000
3094 783.82400000 -20.94150000 -1860.99000000
3095 -148.98200000 37.92810000 264.54500000
3096 207.36600000 430.90800000 78.29240000
3097 223.83500000 -1417.98000000 2065.66000000
3098 160.82100000 166.36600000 -200.68700000
3099 -65.69940000 371.32700000 -493.02000000
3100 -391.53500000 362.33100000 -182.60400000
3101 374.14100000 217.73400000 -6.23393000
3102 147.62900000 -677.78500000 57.39780000
3103 -869.59600000 -137.19100000 -1143.11000000
3104 216.56800000 203.44900000 -178.41000000
3105 28.85050000 -202.48500000 612.17300000
3106 -341.68400000 -309.24400000 -592.77700000
3107 294.67700000 -57.36380000 -59.05740000
3108 9.86806000 109.35700000 17.20860000
3109 266.94400000 748.33700000 1354.46000000
3110 316.46200000 -83.69680000 230.94100000
3111 278.36000000 -329.99800000 74.43940000
3112 154.53000000 103.97300000 492.91100000
3113 107.03500000 -282.91900000 -423.48700000
3114 -348.19300000 212.28700000 -216.68400000
3115 -242.44400000 -413.05500000 -1292.53000000
3116 -0.96983000 125.59200000 354.79900000
3117 225.79200000 465.18800000 533.72300000
3118 -564.09300000 83.72820000 788.65900000
3119 77.27990000 -189.47600000 -226.83400000
3120 -106.39800000 -161.03700000 -469.45100000
3121 -302.33000000 -364.66100000 -1827.93000000
3122 339.96000000 117.09600000 285.13000000
3123 164.75000000 408.29100000 520.89300000
3124 285.23500000 -944.42100000 -155.86000000
3125 33.54350000 448.62900000 273.97300000
3126 -58.19060000 532.93000000 -17.97730000
3127 336.96900000 -1112.89000000 1443.17000000
3128 178.59700000 304.40300000 -377.48900000
3129 -106.51800000 552.16300000 -326.70900000
3130 -539.39200000 189.63500000 -189.93800000
3131 -208.90800000 0.44683400 406.27500000
3132 523.67700000 744.98700000 221.20200000
3133 -643.96100000 77.24350000 -524.79800000
3134 78.42960000 -159.47500000 -10.91640000
3135 -537.76600000 -1167.19000000 252.03300000
3136 -1757.41000000 -933.32300000 -2098.87000000
3137 -196.17900000 1147.70000000 97.32610000
3138 79.79320000 195.35000000 1144.00000000
3139 744.09700000 1445.01000000 361.02200000
3140 -38.40280000 -717.87300000 -475.08000000
3141 825.65100000 -702.03200000 -748.01200000
3142 -403.65200000 471.29700000 -718.52400000
3143 -39.21820000 -97.62930000 381.15400000
3144 -264.00600000 -530.36700000 157.68900000
3145 -510.67000000 -68.20300000 -1077.26000000
3146 -63.39110000 113.31900000 459.32800000
3147 356.31400000 -379.24400000 185.97000000
3148 1232.74000000 -774.69400000 -1229.73000000
3149 -199.72500000 -64.80850000 330.48100000
3150 166.60900000 383.10000000 208.07100000
3151 -1764.06000000 371.97000000 1347.13000000
3152 229.66600000 209.87800000 -7.74825000
3153 -59.71980000 162.24400000 188.84200000
3154 1403.74000000 173.50300000 -991.15100000
3155 -179.76100000 -4.19943000 127.24500000
3156 52.85430000 45.12020000 415.92600000
3157 -205.26800000 757.90600000 -22.78740000
3158 -332.59600000 -20.83960000 143.51100000
3159 -129.47200000 -93.22420000 118.88200000
3160 527.35000000 -557.46000000 576.11300000
3161 -291.76400000 -86.55240000 -361.01400000
3162 70.10240000 -177.06800000 -25.82050000
3163 -365.73600000 -22.06930000 394.36000000
3164 501.75600000 -121.87300000 -29.36970000
3165 193.03500000 -145.95800000 -106.15200000
3166 -1009.67000000 960.86500000 -253.07800000
3167 101.64000000 222.73800000 -22.55270000
3168 116.81800000 -556.25700000 -53.47350000
3169 -868.77000000 724.38900000 -1384.79000000
3170 -255.77800000 338.12600000 42.71850000
3171 382.95100000 -132.07200000 174.25500000
3172 1431.89000000 -3845.11000000 716.43900000
3173 -48.98350000 337.09300000 -58.72460000
3174 -125.48100000 387.84700000 -208.98100000
3175 -995.79900000 3258.41000000 320.15900000
3176 724.43200000 -258.57600000 -105.01200000
3177 263.83200000 -561.73000000 540.84700000
3178 -303.82100000 -576.03200000 280.82300000
3179 -238.97800000 483.14200000 -259.60500000
3180 168.40300000 -596.25900000 -497.43700000
3181 954.27500000 238.36100000 -124.13200000
3182 -23.26750000 -169.25300000 -123.69100000
3183 -196.56800000 -69.76390000 -192.69600000
3184 85.88170000 384.14800000 1615.72000000
3185 -137.48400000 135.83800000 -124.64500000
3186 -171.44100000 -7.90316000 -279.04000000
3187 -817.69300000 -385.82000000 -1542.66000000
3188 38.51850000 -130.07000000 347.46300000
3189 313.42900000 151.52500000 963.77000000
3190 838.06000000 -487.35500000 -1567.08000000
3191 -268.35700000 -3.92909000 872.87400000
3192 -25.13080000 342.67500000 -283.99700000
3193 -716.79600000 -603.64200000 788.61100000
3194 187.86700000 3.27241000 -196.10500000
3195 516.99700000 268.28900000 -18.31030000
3196 -7.72892000 366.84300000 22.50310000
3197 -526.23900000 -4.52136000 370.53300000
3198 589.49400000 990.17400000 -470.19500000
3199 -347.35000000 -314.94000000 -365.60700000
3200 460.50600000 -543.62000000 29.05310000
3201 3556.98000000 -784.09100000 -218.61800000
3202 -714.38800000 -1096.94000000 1126.25000000
3203 -339.61900000 5.13422000 559.42200000
3204 -107.03100000 365.19100000 -340.83700000
3205 -2396.37000000 1727.18000000 23.02160000
3206 -151.71700000 -1234.46000000 223.02000000
3207 1016.75000000 499.11600000 -232.87400000
3208 -2039.46000000 -544.69600000 -519.57700000
3209 816.35000000 215.98600000 53.62660000
3210 -47.94340000 -25.14970000 271.28800000
3211 1543.09000000 -528.86200000 699.94800000
3212 -240.10200000 423.80400000 -177.00500000
3213 -242.67800000 334.06900000 -513.56700000
3214 214.33200000 28.85500000 150.84400000
3215 -53.36460000 -7.04565000 -16.74910000
3216 -351.05800000 -117.59500000 -271.59600000
3217 -193.62900000 285.66800000 -349.47600000
3218 252.85900000 119.03200000 -71.39790000
3219 147.78500000 -109.52000000 213.31800000
3220 621.74000000 -165.61000000 790.17100000
3221 -169.69900000 30.79570000 -141.21800000
3222 -285.22200000 40.77920000 -197.96600000
3223 176.94500000 102.45700000 249.58000000
3224 -15.51690000 209.07800000 325.97800000
3225 -137.82000000 71.03550000 -277.36500000
3226 -864.56900000 -296.84600000 -492.20900000
3227 547.61700000 -272.84300000 59.18930000
3228 -38.88990000 -321.45200000 268.82400000
3229 -367.95500000 826.37300000 282.25300000
3230 35.01180000 507.73300000 385.83000000
3231 -83.58100000 -235.39300000 -289.45200000
3232 793.24000000 -785.41700000 -1866.28000000
3233 -110.67700000 225.99400000 115.92000000
3234 210.27200000 348.20900000 278.72100000
3235 188.02100000 -2889.90000000 -93.19090000
3236 -269.45300000 633.57700000 82.48720000
3237 -62.59370000 -171.06900000 68.93530000
3238 -603.50100000 1904.85000000 418.53700000
3239 56.05180000 -37.44330000 385.96600000
3240 411.74900000 82.49860000 -129.47300000
3241 305.05600000 -366.18500000 -1228.15000000
3242 -356.49800000 -93.28110000 300.47900000
3243 -461.28200000 590.98900000 43.03730000
3244 334.20100000 123.13000000 -561.97900000
3245 -57.65290000 -262.83000000 189.86300000
3246 -308.74800000 -325.12000000 602.47400000
3247 405.33700000 -174.62400000 1602.98000000
3248 194.27900000 514.95200000 98.60110000
3249 422.95800000 -26.02620000 -503.48600000
3250 -603.12500000 -186.71900000 -767.89800000
3251 -56.71230000 658.54200000 -629.39000000
3252 213.63500000 351.03900000 282.23100000
3253 202.93100000 -98.89720000 -171.13600000
3254 -34.35130000 -305.09400000 489.17600000
3255 170.86900000 -164.70600000 -46.72020000
3256 -1292.03000000 743.13900000 -299.09600000
3257 253.26800000 9.41757000 271.22400000
3258 216.90200000 -437.62100000 -138.51100000
3259 180.94500000 -1210.44000000 754.34200000
3260 66.09650000 484.33500000 -214.73700000
3261 -58.94370000 -21.65820000 -248.84500000
3262 215.58800000 -40.70540000 -23.36810000
3263 43.21340000 -934.48500000 -189.47800000
3264 628.43100000 1271.80000000 236.93100000
3265 223.72100000 -190.84300000 195.32400000
3266 -104.68600000 -144.65800000 -277.13000000
3267 -859.36000000 805.79900000 1077.17000000
3268 -391.49800000 -729.40000000 170.13500000
3269 347.39100000 -448.46900000 -334.01400000
3270 123.31300000 26.23500000 69.48470000
3271 368.41700000 1195.29000000 -566.81500000
3272 234.86900000 -854.10100000 -86.15340000
3273 133.63600000 -439.81600000 -50.50460000
3274 -915.68500000 439.19300000 87.57940000
3275 86.33120000 -34.67920000 -70.74090000
3276 426.81900000 79.51150000 210.71800000
3277 91.00680000 -1284.55000000 655.92800000
3278 288.00500000 266.63100000 315.86000000
3279 100.28000000 40.63320000 709.69900000
3280 -332.45200000 361.14600000 -609.36500000
3281 78.44510000 -51.25520000 -32.43990000
3282 918.80600000 -3.19592000 1124.90000000
3283 -665.22200000 -256.08200000 -478.91800000
3284 292.48100000 425.77300000 -449.09900000
3285 51.29410000 -84.00460000 86.03890000
3286 385.99700000 1562.07000000 -1733.31000000
3287 -141.35900000 26.68680000 101.85000000
3288 -340.30600000 -124.27800000 -159.51500000
3289 162.51800000 -472.62300000 -64.34820000
3290 -150.81000000 -24.70190000 105.27600000
3291 -134.85000000 8.85863000 319.08400000
3292 -1056.23000000 -1093.81000000 702.72000000
3293 -186.70200000 110.80000000 661.03800000
3294 -51.31850000 407.15500000 -234.83200000
3295 787.21900000 -124.93000000 -1691.36000000
3296 57.55220000 411.22000000 74.73170000
3297 234.53100000 791.71900000 152.67600000
3298 -74.93730000 -443.10000000 645.36000000
3299 -461.41600000 746.45200000 -333.68500000
3300 312.46400000 2.49388000 673.02400000
3301 103.58700000 -334.40100000 -319.50500000
3302 170.79000000 221.20400000 126.46100000
3303 -1014.73000000 1591.30000000 1197.05000000
3304 -494.95500000 -513.51900000 491.93200000
3305 -664.22300000 -447.72700000 -17.62250000
3306 243.12900000 509.66200000 -542.91300000
3307 1907.12000000 -1852.42000000 -2939.35000000
3308 -780.12600000 226.92400000 755.44700000
3309 -280.26800000 564.07000000 1735.65000000
3310 783.84100000 -685.84100000 -1164.25000000
3311 -100.25600000 349.96300000 -28.60080000
3312 31.81230000 237.17600000 40.17080000
3313 -153.05500000 183.98400000 -1707.57000000
3314 271.33500000 -93.07850000 -143.46700000
3315 159.07900000 -292.95000000 476.65500000
3316 170.92800000 -556.12200000 1497.89000000
3317 39.95140000 -224.19600000 144.10900000
3318 89.44510000 -79.37170000 -156.16400000
3319 -1211.84000000 1129.85000000 -109.51100000
3320 52.25700000 -208.43700000 -203.67300000
3321 -26.77060000 -183.69400000 -91.22170000
3322 368.60100000 -498.88300000 170.01600000
3323 -259.90600000 349.15300000 192.13400000
3324 -439.80400000 -554.85700000 -104.54900000
3325 2170.02000000 1161.71000000 -396.53800000
3326 -424.41200000 -381.78400000 177.52200000
3327 -424.82100000 -390.99100000 305.73900000
3328 -1519.50000000 -252.78500000 247.36800000
3329 341.00500000 -83.80610000 -36.29370000
3330 447.26500000 -14.54430000 -129.42700000
3331 532.47800000 1511.72000000 -894.62000000
3332 -95.68800000 -404.97400000 193.84700000
3333 -197.90200000 -242.36000000 119.47900000
3334 -240.02300000 -586.31500000 -472.94100000
3335 -169.59700000 89.01280000 36.39480000
3336 -51.90200000 -236.50300000 144.30800000
3337 2075.33000000 65.79190000 162.49000000
3338 44.67620000 239.33300000 147.88200000
3339 72.95910000 46.54060000 309.37000000
3340 -1842.78000000 179.13400000 102.00900000
3341 -93.15100000 -117.26300000 -161.90300000
3342 -183.97200000 107.01300000 38.63080000
3343 357.79100000 -112.85500000 473.86900000
3344 168.93300000 46.81000000 -175.43400000
3345 -65.66960000 -94.59520000 -184.74700000
3346 -66.74720000 113.54100000 26.78390000
3347 -514.45600000 92.00640000 -323.03600000
3348 1215.85000000 -1094.95000000 293.68700000
3349 -293.00100000 134.84800000 2.59833000
3350 8.95765000 273.22700000 129.01000000
3351 -265.92000000 47.92190000 -899.25300000
3352 -571.71700000 325.77400000 -1391.61000000
3353 -285.41300000 -97.08010000 41.99970000
3354 227.43000000 -300.56000000 209.31400000
3355 1915.23000000 781.36100000 1738.37000000
3356 -746.37300000 -386.37800000 -596.54300000
3357 -1326.69000000 -442.71200000 498.68500000
3358 -515.26300000 671.29700000 -193.25000000
3359 29.47310000 235.81700000 144.81100000
3360 742.02500000 -56.71590000 66.84670000
3361 966.18600000 -806.28500000 587.77200000
3362 24.99840000 311.93700000 -287.82800000
3363 75.23380000 -256.69000000 -166.50100000
3364 -91.13140000 -270.57200000 939.11100000
3365 -390.90900000 488.91100000 -106.82100000
3366 -176.94000000 262.92500000 -98.95570000
3367 183.13300000 -1359.56000000 -1625.12000000
3368 60.20730000 542.05000000 362.21200000
3369 88.48580000 -74.13850000 -22.78670000
3370 -456.10600000 1422.68000000 613.09100000
3371 -75.21820000 -58.41520000 -158.02600000
3372 -229.83200000 -220.11500000 -108.34100000
3373 174.07800000 -100.04600000 -689.45100000
3374 221.66200000 -244.15700000 223.44700000
3375 10.55790000 -507.21100000 -551.94700000
3376 -56.21730000 1176.66000000 1656.90000000
3377 -377.92100000 -656.14900000 -198.97500000
3378 -59.66150000 -225.13100000 -85.13650000
3379 984.90200000 584.30000000 -44.91030000
3380 21.87160000 66.71210000 50.74090000
3381 -288.03800000 -306.02800000 -27.32700000
3382 -1014.67000000 -1402.80000000 -494.84600000
3383 -399.35700000 453.74200000 184.65600000
3384 403.51600000 489.33300000 -241.90000000
3385 588.99400000 -638.91200000 -100.07500000
3386 91.05750000 -211.86000000 -173.02500000
3387 -160.31400000 -387.55800000 259.97100000
3388 842.25800000 870.85600000 736.80700000
3389 205.66800000 125.50300000 319.31000000
3390 -456.25800000 -43.89140000 -190.71400000
3391 -679.20900000 -236.42600000 -764.82400000
3392 -29.57770000 -58.34150000 -12.90900000
3393 191.61000000 309.82400000 147.62600000
3394 1418.40000000 -691.50100000 516.37600000
3395 -318.30100000 -7.07713000 189.82900000
3396 -333.44100000 406.01700000 -173.01100000
3397 -128.52500000 -445.99300000 -720.98600000
3398 110.39100000 -233.05500000 -24.64450000
3399 181.84600000 92.32570000 193.13000000
3400 -1539.25000000 2335.83000000 314.80200000
3401 15.36410000 -350.02300000 20.03900000
3402 -123.07800000 -907.97300000 -932.03700000
3403 838.43500000 123.84000000 1257.18000000
3404 -276.77500000 85.12640000 -140.91000000
3405 -93.86010000 -144.20300000 -353.62200000
3406 864.90800000 502.15300000 467.66300000
3407 46.42440000 -122.44500000 18.36330000
3408 -16.87290000 14.51400000 -247.14900000
3409 -282.47700000 175.40000000 -1314.25000000
3410 374.20600000 -519.72100000 -168.10300000
3411 -331.94400000 -363.70100000 355.61300000
3412 -71.08040000 181.58700000 581.15500000
3413 -141.30700000 -188.82500000 239.91400000
3414 -788.43000000 127.40900000 266.19500000
3415 12.77310000 -312.72900000 -461.49600000
3416 445.17800000 462.97900000 -22.40550000
3417 2495.87000000 256.19800000 906.56400000
3418 -2.47270000 598.39200000 655.34200000
3419 -347.94800000 -222.57500000 -77.86550000
3420 -79.40140000 -131.99700000 -36.21770000
3421 -2666.48000000 -1049.98000000 270.10900000
3422 828.52100000 178.65400000 -465.63600000
3423 -239.96200000 726.24100000 975.90600000
3424 -179.56600000 -359.75900000 -1014.31000000
3425 340.25100000 146.02900000 144.93200000
3426 465.49600000 -186.70400000 404.99400000
3427 219.34000000 94.46030000 658.51300000
3428 18.32070000 -684.72700000 -46.23700000
3429 596.03500000 139.29900000 -1338.99000000
3430 -478.69500000 -205.96300000 367.25000000
3431 -57.66170000 185.18700000 574.30400000
3432 -135.78800000 785.51800000 -1370.71000000
3433 -340.67700000 -550.11200000 715.23200000
3434 357.86200000 145.91300000 320.01800000
3435 223.40700000 -260.73600000 137.42800000
3436 -977.38900000 1243.15000000 305.03900000
3437 -142.84800000 -471.42700000 -95.20040000
3438 42.91590000 -385.81800000 -128.11700000
3439 1346.83000000 -1948.00000000 1313.50000000
3440 -318.69500000 -145.20700000 -346.05500000
3441 33.59800000 202.38400000 -365.85300000
3442 -2226.22000000 1559.10000000 -1018.07000000
3443 -165.76000000 -102.50500000 179.37800000
3444 700.66900000 -128.77000000 533.20700000
3445 445.49600000 755.55000000 -140.34900000
3446 -173.71400000 -320.73300000 48.01360000
3447 109.93500000 32.14930000 -214.86200000
3448 431.75800000 57.47040000 89.78490000
3449 167.04000000 -227.88200000 176.45600000
3450 -1503.45000000 380.88600000 616.88300000
3451 -335.71700000 303.07800000 -15.22150000
3452 389.66800000 -190.62000000 -130.97600000
3453 2079.91000000 -816.29800000 -2906.74000000
3454 -280.66800000 -83.71780000 201.95500000
3455 27.70000000 242.45400000 37.95570000
3456 18.19430000 -183.62000000 221.33700000
3457 -435.55500000 -28.89070000 -641.29500000
3458 853.22400000 -151.34400000 1287.22000000
3459 -871.15400000 498.39000000 -447.74100000
3460 -407.63400000 -332.98300000 -836.52100000
3461 -144.74000000 489.68400000 472.01700000
3462 248.73100000 -317.76700000 273.60600000
3463 877.01500000 1449.98000000 -85.86850000
3464 47.63780000 -511.46000000 180.02200000
3465 -404.72300000 -69.39800000 134.98800000
3466 -711.79100000 70.51790000 317.13900000
3467 -179.71700000 -150.38500000 -60.76940000
3468 345.60800000 -292.20700000 582.64600000
3469 195.98500000 -679.82300000 -1830.78000000
3470 188.75600000 21.93330000 361.90600000
3471 241.83200000 -23.87550000 96.77730000
3472 -1118.19000000 836.83500000 928.12200000
3473 74.25390000 -331.42500000 -368.79200000
3474 -98.54350000 47.93700000 -404.36100000
3475 754.85200000 796.77600000 111.35700000
3476 -66.80550000 -381.68800000 -39.59780000
3477 185.56400000 -180.84000000 -420.14700000
3478 315.38000000 -2053.14000000 -1177.10000000
3479 -243.76900000 442.53600000 267.09100000
3480 -177.59400000 173.33800000 157.03400000
3481 968.11200000 -869.52300000 572.05000000
3482 41.04080000 -62.73300000 23.96580000
3483 -265.23200000 -164.12100000 -7.38602000
3484 191.59200000 1968.91000000 -1642.68000000
3485 -890.81500000 582.98300000 576.71000000
3486 76.12000000 -209.58800000 785.69700000
3487 -692.52900000 1.00351000 -51.75130000
3488 -196.33800000 -22.68140000 226.40900000
3489 9.60897000 -44.41590000 112.54900000
3490 -783.38700000 -755.26500000 -1198.86000000
3491 339.04100000 62.18460000 319.92600000
3492 496.03800000 -447.04200000 -226.43200000
3493 -556.31700000 254.20300000 1624.29000000
3494 552.66700000 127.02500000 -84.37060000
3495 10.20830000 -258.74500000 -171.97600000
3496 625.82800000 523.12100000 316.16900000
3497 -424.02500000 211.35500000 645.48700000
3498 704.32700000 -928.41900000 -369.30500000
3499 56.33810000 179.59000000 254.85800000
3500 -116.88500000 429.09200000 -31.40170000
3501 161.85500000 2449.05000000 -246.98800000
3502 339.29700000 -441.78100000 -441.71600000
3503 -310.23900000 -138.96000000 124.54900000
3504 -143.10800000 -539.66300000 -173.32400000
3505 176.00200000 -951.39300000 -214.15300000
3506 135.47700000 155.21900000 322.42100000
3507 -958.10300000 40.93090000 258.10000000
3508 18.75460000 1023.75000000 626.39800000
3509 26.40410000 -271.26900000 -238.53200000
3510 158.34600000 -48.20230000 198.20100000
3511 -535.89400000 -1916.20000000 -310.77800000
3512 -194.87900000 134.10400000 -562.01500000
3513 835.52700000 1412.03000000 -433.81800000
3514 147.04000000 219.71700000 289.87500000
3515 198.44900000 -127.77500000 -12.56530000
3516 -1316.89000000 -689.83600000 635.74400000
3517 113.23800000 432.40100000 -556.77600000
3518 -185.78700000 -150.11000000 210.90200000
3519 462.31500000 -173.35600000 198.14400000
3520 -289.97300000 23.06550000 822.81700000
3521 747.69700000 -148.33200000 -336.62100000
3522 257.71500000 574.44500000 7.67956000
3523 -902.61000000 -6.22904000 -558.39900000
3524 259.10100000 407.47200000 3.42141000
3525 298.86100000 -206.14200000 419.59200000
3526 -345.28000000 -221.05300000 -153.49900000
3527 72.61870000 47.99610000 -235.32700000
3528 367.48000000 108.70600000 -348.03100000
3529 -18.09320000 -592.65300000 670.77000000
3530 286.64600000 60.08170000 -144.37600000
3531 3.33527000 -114.77200000 -244.37000000
3532 -126.55800000 355.28500000 -92.71000000
3533 -118.49900000 399.16600000 134.64600000
3534 313.93500000 -758.97300000 -594.76400000
3535 -260.52300000 123.87400000 284.77300000
3536 -39.80540000 -7.88994000 -203.50500000
3537 72.14510000 11.20030000 -1869.91000000
3538 1251.56000000 2258.05000000 813.27700000
3539 -655.18800000 228.01100000 183.27100000
3540 131.63300000 -1163.12000000 -233.47400000
3541 -123.13300000 1535.39000000 817.35500000
3542 -291.06600000 -616.35000000 70.41760000
3543 -402.12400000 -751.42500000 1206.14000000
3544 -113.57300000 -1217.97000000 -401.00900000
3545 -177.98300000 -152.33600000 32.76630000
3546 65.78020000 558.76100000 132.79100000
3547 389.17700000 446.35600000 -208.74300000
3548 74.86830000 231.48600000 -35.16260000
3549 -222.77900000 360.63500000 694.18100000
3550 252.93600000 566.47900000 -282.85300000
3551 -162.49400000 -79.15550000 -320.78600000
3552 96.84880000 -663.22000000 -468.80100000
3553 -231.08000000 387.18500000 381.67400000
3554 350.07900000 156.38700000 -160.67400000
3555 81.38150000 -205.42000000 -174.73700000
3556 284.95500000 262.70300000 928.10400000
3557 151.67900000 115.32100000 -96.67350000
3558 -28.28410000 263.48400000 -299.03600000
3559 -218.10600000 300.46900000 189.15400000
3560 -84.51640000 -488.91400000 -568.88900000
3561 95.41890000 105.07300000 -113.98700000
3562 217.72200000 504.14200000 1326.66000000
3563 -211.26600000 -183.72000000 -214.43600000
3564 54.87170000 -88.27980000 -273.52100000
3565 -206.95200000 -444.62700000 -58.66180000
3566 -264.30700000 17.64960000 -231.28600000
3567 372.84000000 -155.77500000 206.55700000
3568 297.00800000 -113.05000000 -356.64800000
3569 42.63250000 -43.34090000 -155.98100000
3570 -796.31300000 793.67700000 -1348.77000000
3571 218.15400000 -215.19800000 63.68490000
3572 288.34000000 -156.89200000 306.28100000
3573 1053.84000000 -1657.51000000 -68.76950000
3574 -745.82700000 -484.35400000 1474.41000000
3575 621.56700000 -558.27800000 73.36870000
3576 -53.49500000 -424.02700000 113.60000000
3577 386.61100000 1391.63000000 -25.37770000
3578 469.93600000 174.09900000 211.56700000
3579 -452.56000000 -879.15000000 -91.06280000
3580 -1250.16000000 -757.76200000 -1801.96000000
3581 617.81700000 36.71300000 719.57100000
3582 59.38340000 281.20900000 696.65000000
3583 29.25970000 -35.63180000 441.61900000
3584 309.31900000 -230.07700000 17.16010000
3585 431.38800000 1344.91000000 -365.56600000
3586 -73.14670000 -131.99700000 145.27200000
3587 -371.77800000 -82.84200000 31.31680000
3588 -117.52400000 -301.39100000 -371.98300000
3589 -161.90800000 -110.12300000 -56.76430000
3590 -298.81900000 403.00700000 -80.71290000
3591 179.01100000 -284.66600000 100.11800000
3592 -542.22400000 141.28200000 385.73700000
3593 549.41700000 -91.50370000 -0.87339400
3594 347.40700000 -403.16300000 53.30740000
3595 644.11800000 268.92800000 132.66300000
3596 -452.81100000 318.42300000 -87.41230000
3597 392.12800000 -509.81900000 -3.23218000
3598 289.19600000 -384.09700000 139.19400000
3599 150.66900000 -320.68300000 -459.29900000
3600 -14.33140000 160.08600000 -337.13900000
3601 -1297.21000000 1647.46000000 454.65400000
3602 -24.96020000 -603.50000000 -169.64600000
3603 421.16400000 -218.60100000 334.78600000
3604 158.62800000 -45.40510000 11.84350000
3605 230.13700000 -70.11020000 -51.13110000
3606 -65.66130000 658.95200000 97.73800000
3607 -67.21580000 -384.55800000 -32.01040000
3608 -276.24800000 -382.61500000 -182.15700000
3609 -837.91400000 -548.23700000 -1755.92000000
3610 313.03000000 13.51330000 228.99500000
3611 -448.19100000 83.93160000 100.94200000
3612 57.66900000 93.14340000 -302.94200000
3613 -289.98500000 191.53400000 1040.98000000
3614 511.18800000 218.63200000 -202.65600000
3615 -698.42600000 257.66600000 1300.06000000
3616 557.06800000 82.45410000 -872.54000000
3617 17.94270000 -188.16500000 -150.04600000
3618 132.95300000 52.58020000 302.70000000
3619 301.02900000 472.85000000 758.11000000
3620 -249.51800000 131.47900000 -97.25950000
3621 -164.00400000 -123.48300000 61.46730000
3622 -1508.14000000 -894.92400000 298.61200000
3623 242.36400000 346.86300000 -209.62800000
3624 134.23800000 -125.73200000 121.82900000
3625 1531.30000000 -442.69300000 -1120.74000000
3626 -27.36380000 -247.52000000 208.38000000
3627 -243.20200000 44.18480000 98.43540000
3628 -15.27250000 1007.05000000 749.04000000
3629 -239.19900000 144.66800000 -12.79290000
3630 -59.49790000 117.03100000 54.69060000
3631 513.45100000 -834.47800000 -1246.00000000
3632 -223.56100000 -1.18085000 108.76400000
3633 65.25390000 238.46200000 -1.99833000
3634 -197.44900000 215.18700000 899.82800000
3635 -103.27500000 2.61956000 -156.04600000
3636 118.28200000 180.50800000 -151.93900000
3637 986.10600000 -155.55400000 1009.03000000
3638 112.17500000 -471.32600000 -508.64000000
3639 -334.78300000 -360.92900000 144.93400000
3640 -353.51700000 311.59100000 -166.38100000
3641 -288.70200000 -102.58600000 -358.71900000
3642 182.95700000 -271.60100000 -2.57326000
3643 -380.96000000 -177.55500000 -92.58230000
3644 -172.93100000 277.87700000 -275.01700000
3645 174.32800000 45.84000000 -133.45200000
3646 -133.96500000 2436.15000000 2154.21000000
3647 -185.92100000 -165.36700000 -298.79200000
3648 121.87400000 -445.79200000 -284.22300000
3649 184.75000000 -1355.40000000 -867.51600000
3650 -290.88900000 -1.85442000 -306.94700000
3651 98.98180000 224.05600000 140.21200000
3652 161.12900000 -303.79400000 -208.84800000
3653 -84.65990000 -138.69200000 225.86500000
3654 409.18100000 91.76640000 -39.68390000
3655 -135.61800000 504.51500000 343.48900000
3656 -27.87530000 -268.35800000 141.76000000
3657 -382.15200000 1941.98000000 -2305.22000000
3658 1302.19000000 -1312.26000000 315.49900000
3659 176.47400000 -170.31600000 135.65400000
3660 -447.89500000 18.11130000 -603.09200000
3661 1087.63000000 -821.30500000 1151.28000000
3662 -988.02800000 357.16600000 -527.07500000
3663 -1159.42000000 137.33000000 952.91000000
3664 1170.06000000 557.81900000 -181.18000000
3665 -82.55000000 -258.79800000 -108.97300000
3666 -18.48850000 12.66940000 79.48530000
3667 -462.07400000 -633.08200000 66.72820000
3668 -71.68610000 -38.44890000 316.79100000
3669 -52.43690000 -31.11360000 -206.58200000
3670 -171.65100000 518.37500000 -2430.78000000
3671 149.65500000 -240.13500000 570.51000000
3672 38.14030000 257.28200000 50.59400000
3673 79.24780000 -350.27800000 389.40500000
3674 -125.38200000 77.54130000 246.86800000
3675 408.03900000 256.60900000 520.10400000
3676 -85.94690000 59.22590000 1977.61000000
3677 696.85300000 257.34200000 79.23390000
3678 -44.77900000 -273.58100000 -86.96350000
3679 920.92600000 940.34700000 -1473.32000000
3680 -786.93600000 -480.29000000 -212.30600000
3681 -40.21960000 -77.83600000 502.67200000
3682 -756.63500000 567.18200000 -1336.66000000
3683 -200.59700000 252.88000000 189.36900000
3684 298.45700000 -263.22500000 723.98600000
3685 -1357.13000000 -1395.34000000 -32.60780000
3686 -82.01400000 1.36979000 -546.40800000
3687 507.60000000 2.76270000 168.61700000
3688 23.04150000 -211.17500000 1.54532000
3689 -159.82800000 -275.80100000 -815.98400000
3690 465.01000000 -181.77000000 166.88900000
3691 12.91650000 1360.94000000 455.06000000
3692 488.13700000 -367.71400000 -10.23280000
3693 282.11800000 -262.36400000 290.06100000
3694 -988.92100000 836.77700000 -173.50100000
3695 245.63500000 219.94800000 317.58400000
3696 60.32500000 -83.29460000 89.65370000
3697 388.14000000 488.16200000 7.94477000
3698 59.97640000 -466.87700000 -82.57310000
3699 0.35403900 -278.01500000 122.13100000
3700 -1405.88000000 -195.97700000 -203.78300000
3701 226.74200000 -155.79800000 -110.20900000
3702 -4.59647000 403.46700000 149.90700000
3703 971.35300000 349.06500000 833.11700000
3704 57.77700000 -383.80700000 -111.28200000
3705 187.94300000 258.58100000 -129.26400000
3706 -464.12900000 -666.26100000 -245.53500000
3707 81.87500000 251.13800000 -594.25200000
3708 438.45500000 -35.02880000 312.03300000
3709 404.45700000 -214.34600000 -573.41000000
3710 -419.20900000 146.24200000 148.29300000
3711 86.45640000 -31.08650000 -160.88500000
3712 615.82700000 -790.99100000 450.37400000
3713 -227.58600000 234.93900000 397.65400000
3714 -672.56900000 260.08600000 25.39590000
3715 428.68400000 514.43100000 -230.77000000
3716 402.52900000 -278.09200000 -126.78000000
3717 -655.09000000 -272.25100000 76.96470000
3718 -28.19810000 345.66000000 -91.79230000
3719 145.51400000 410.25900000 35.55680000
3720 -1121.21000000 -1443.78000000 -472.42400000
3721 -165.85200000 126.82500000 -74.53900000
3722 293.15300000 177.41000000 297.56000000
3723 -670.62000000 600.66300000 -784.28300000
3724 1442.17000000 -131.54500000 2439.88000000
3725 -129.66700000 -84.47820000 -452.77400000
3726 -29.85240000 -122.81300000 -138.60200000
3727 2488.29000000 621.74600000 1034.31000000
3728 -617.42800000 -1168.58000000 -1175.60000000
3729 -1310.97000000 -77.10390000 -361.65900000
3730 873.73000000 100.56000000 1230.10000000
3731 -258.25700000 -615.52700000 -343.79400000
3732 -74.32890000 -2.49422000 36.01890000
3733 -845.89100000 958.22300000 -1807.00000000
3734 -275.09100000 -199.08600000 757.37000000
3735 -637.06700000 -238.28100000 2033.96000000
3736 -171.14200000 -228.60100000 -264.48500000
3737 -229.64000000 -67.04240000 -15.29510000
3738 -263.91000000 -529.08000000 -834.09200000
3739 138.95700000 -95.81800000 -281.78100000
3740 152.60200000 45.78230000 324.69800000
3741 311.38800000 22.39440000 21.88440000
3742 2004.75000000 1846.36000000 -628.81600000
3743 -26.18110000 97.01510000 146.00200000
3744 230.54000000 -478.22900000 -47.81950000
3745 -1489.66000000 -697.00600000 349.43200000
3746 -105.57900000 172.86700000 146.76400000
3747 133.74400000 77.52930000 -170.65300000
3748 1349.56000000 -78.94870000 -691.86700000
3749 -49.97950000 265.78300000 62.58040000
3750 218.11200000 111.00800000 -10.55980000
3751 -1023.99000000 170.73600000 521.81300000
3752 42.03300000 53.42320000 63.26460000
3753 164.16300000 144.78900000 -63.81350000
3754 49.82610000 -493.39200000 297.20700000
3755 -408.16600000 -571.42100000 -155.65500000
3756 340.41300000 267.06300000 -1035.44000000
3757 -94.57260000 -156.49600000 24.12120000
3758 235.08500000 -307.58100000 436.72100000
3759 686.79600000 1285.52000000 333.99200000
3760 -638.88800000 91.32600000 -2009.50000000
3761 -106.93500000 -353.56600000 339.79300000
3762 -22.44570000 -677.65800000 503.74000000
3763 1070.38000000 8.39144000 937.22600000
3764 -574.85500000 -285.47900000 -506.49400000
3765 -1162.19000000 617.91400000 758.43700000
3766 -668.97300000 592.79900000 -195.43500000
3767 123.94100000 -105.22400000 -303.04200000
3768 -349.56700000 -650.84000000 -201.50800000
3769 928.64200000 -230.72800000 -714.46700000
3770 256.55000000 -362.69100000 -532.97000000
3771 -1056.39000000 669.62200000 188.80400000
3772 83.95770000 -209.47300000 -20.85760000
3773 -444.03800000 -72.39060000 104.67200000
3774 -706.50500000 -381.56800000 -259.27000000
3775 587.69900000 171.60800000 -23.80770000
3776 338.29400000 -379.15700000 278.06400000
3777 -49.32200000 95.81320000 73.67390000
3778 -688.00400000 327.37100000 1521.19000000
3779 540.59800000 -180.51500000 99.91910000
3780 155.26900000 94.17890000 189.03500000
3781 228.60400000 755.50300000 -397.79200000
3782 -322.15300000 -128.65500000 746.25300000
3783 -249.65900000 -607.32400000 -828.25800000
3784 905.90200000 277.78400000 1576.27000000
3785 36.50860000 -238.80800000 -319.86500000
3786 -18.16100000 213.78800000 -79.58290000
3787 -157.79100000 158.91500000 -834.68900000
3788 130.34900000 -87.29700000 -60.89300000
3789 -50.01360000 4.93002000 -143.68500000
3790 244.91400000 -82.44850000 110.38200000
3791 364.83600000 615.53800000 -83.39030000
3792 -199.35400000 -1349.77000000 -420.39800000
3793 199.82700000 -106.83800000 156.44100000
3794 102.80500000 543.49100000 -174.44200000
3795 -100.94300000 2170.13000000 1620.91000000
3796 -2098.34000000 -523.18900000 -995.46200000
3797 613.07300000 -540.36300000 207.06700000
3798 -541.03100000 -926.20700000 0.15651500
3799 789.26800000 -1112.73000000 -647.36500000
3800 11.86060000 714.13600000 -8.07996000
3801 -299.73800000 -25.96640000 281.07900000
3802 880.60700000 -1.50060000 827.98700000
3803 -34.11330000 499.30900000 149.17300000
3804 -124.79600000 207.11200000 118.77300000
3805 -757.60900000 229.83500000 -420.19600000
3806 93.35370000 162.64900000 -101.53600000
3807 167.12600000 -358.57000000 626.19800000
3808 -666.70500000 -1095.19000000 -1304.20000000
3809 -286.66900000 209.05700000 179.99900000
3810 16.26580000 -160.36200000 -243.81100000
3811 2055.11000000 232.88300000 1350.08000000
3812 -91.50160000 -114.11700000 -1.68035000
3813 30.58030000 -143.74300000 -251.13000000
3814 -1506.88000000 1028.93000000 -838.27900000
3815 743.33300000 191.96400000 -203.66400000
3816 233.78100000 49.77950000 -90.75840000
3817 -523.76600000 692.77500000 1247.69000000
3818 -420.88500000 -307.37700000 -326.99000000
3819 14.55230000 -475.86400000 158.87600000
3820 1234.16000000 -891.19400000 -983.65200000
3821 -415.60600000 -245.43600000 323.93700000
3822 -139.54100000 -138.27900000 488.10800000
3823 -7.71549000 875.01600000 -598.22000000
3824 -0.43107000 -94.05290000 -232.82600000
3825 -126.70200000 -117.82500000 105.27600000
3826 -115.13000000 -713.94300000 1489.97000000
3827 136.40400000 76.32050000 -264.04800000
3828 165.69300000 226.74000000 -89.48590000
3829 125.57600000 169.73900000 -727.59100000
3830 -31.67790000 95.83960000 98.13830000
3831 -478.36100000 206.37700000 105.47900000
3832 -823.98600000 -201.97000000 -610.82100000
3833 54.12280000 114.32600000 581.56100000
3834 566.12300000 -111.81800000 58.02560000
3835 640.60600000 -28.25370000 -258.83000000
3836 -173.31000000 120.70900000 -115.76700000
3837 27.41490000 190.80800000 77.52330000
3838 -5.67554000 -71.05690000 36.42380000
3839 204.70400000 -129.27000000 140.01600000
3840 -1948.98000000 234.99200000 -342.79400000
3841 -138.45000000 -105.24300000 601.10200000
3842 -42.76910000 238.41200000 220.61300000
3843 2075.37000000 -503.77800000 -620.94500000
3844 68.68500000 576.43700000 -95.81190000
3845 137.19500000 -406.97700000 -54.97250000
3846 152.58800000 390.25900000 -6.90558000
3847 -328.98400000 255.44100000 421.31900000
3848 440.59800000 -378.15400000 -943.68100000
3849 49.19340000 1119.70000000 -276.92600000
3850 1186.59000000 -187.35100000 -139.17700000
3851 282.26700000 -208.23500000 -129.08300000
3852 -181.13600000 108.59500000 -85.18000000
3853 -817.86300000 702.30700000 -382.12000000
3854 -115.67200000 172.49800000 17.80730000
3855 739.69400000 -600.17700000 1478.45000000
3856 -254.18000000 35.82410000 -669.22800000
3857 -69.61020000 297.66500000 104.97200000
3858 -195.85500000 827.75200000 -351.41900000
3859 -14.41830000 144.91300000 -92.78360000
3860 202.41300000 -587.20500000 226.56800000
3861 -210.92700000 -121.48100000 -272.10800000
3862 -11.64040000 -1030.51000000 -268.52600000
3863 -35.06410000 -383.78300000 -38.29560000
3864 -162.80000000 293.98400000 190.45800000
3865 -170.35200000 -53.70550000 1015.65000000
3866 -99.75750000 201.29400000 -465.19800000
3867 199.94200000 -27.20350000 -65.93120000
3868 403.88000000 534.87700000 531.17200000
3869 -281.37600000 26.57080000 59.30040000
3870 75.58680000 137.22700000 135.20700000
3871 56.97000000 -320.79100000 -896.19700000
3872 -274.80100000 186.84100000 74.89880000
3873 87.48470000 415.69800000 446.38800000
3874 26.90480000 -216.80500000 -207.98200000
3875 -90.65790000 187.67500000 -584.66500000
3876 814.14100000 598.10100000 -73.21570000
3877 46.53420000 31.47270000 55.42300000
3878 -278.22500000 -278.44100000 635.42300000
3879 837.75800000 -141.54000000 900.70100000
3880 600.08400000 881.70100000 -345.19600000
3881 181.65600000 -465.02800000 474.50600000
3882 -824.51000000 -865.94900000 598.90100000
3883 -1308.72000000 -239.72100000 -671.89900000
3884 91.40190000 152.71000000 321.55700000
3885 371.87300000 540.91300000 857.98700000
3886 387.39900000 -1449.16000000 -907.78000000
3887 -372.37400000 -493.97800000 106.70400000
3888 -616.59900000 112.63500000 -283.96600000
3889 429.54200000 705.86500000 452.79100000
3890 -172.32500000 128.69900000 -107.66900000
3891 26.56330000 -35.55480000 224.47800000
3892 -545.19000000 488.16700000 -631.81100000
3893 -44.30900000 -13.06770000 109.55500000
3894 -280.10700000 -304.98800000 492.35600000
3895 159.66100000 427.31000000 -591.55200000
3896 56.93260000 35.99850000 433.60000000
3897 216.04800000 -106.58600000 108.26700000
3898 29.69210000 28.83760000 599.21200000
3899 -259.08900000 -188.54400000 -338.93500000
3900 -365.24000000 139.49000000 -102.53800000
3901 430.89500000 -96.80670000 -740.29400000
3902 -65.90820000 135.18000000 841.15100000
3903 26.33230000 -122.00800000 -37.86860000
3904 -550.18000000 -706.35600000 -528.49300000
3905 -419.92700000 280.63900000 259.90600000
3906 -106.33600000 249.62400000 -325.28400000
3907 1134.52000000 -723.59300000 -516.37400000
3908 143.87800000 59.99840000 142.24200000
3909 81.43540000 286.83200000 631.76600000
3910 817.50700000 -19.96290000 -1066.56000000
3911 -254.55300000 10.03630000 454.72800000
3912 135.53500000 -169.36400000 179.08900000
3913 -1251.20000000 548.95000000 -1095.58000000
3914 208.58500000 -61.46660000 -8.58588000
3915 -2.11276000 -82.63050000 482.52700000
3916 581.28100000 -842.61400000 1648.37000000
3917 235.85200000 -657.68800000 -187.71200000
3918 -208.63800000 302.51000000 -371.51900000
3919 -1076.51000000 1052.75000000 98.38310000
3920 171.88500000 304.54300000 -378.13600000
3921 -84.43100000 -119.31900000 226.76700000
3922 559.32100000 -101.80800000 -59.49780000
3923 470.04000000 -508.94700000 277.75900000
3924 225.69300000 -5.92931000 -1488.97000000
3925 -147.15600000 329.09600000 -114.67000000
3926 -58.35020000 214.55700000 -34.23200000
3927 1976.20000000 -444.66700000 132.25600000
3928 -1030.67000000 1633.77000000 1099.98000000
3929 -510.80700000 -399.35700000 -840.45800000
3930 81.23110000 -616.89800000 -430.16700000
3931 -1604.09000000 -1157.88000000 -410.38000000
3932 386.37300000 1677.73000000 384.84100000
3933 412.93900000 -850.12300000 -803.19000000
3934 478.26700000 1811.94000000 722.71900000
3935 -940.39000000 -200.09900000 -407.32700000
3936 -224.55500000 147.96600000 369.34800000
3937 236.28400000 -1675.29000000 49.59200000
3938 -352.22000000 689.18100000 95.94280000
3939 -744.39800000 22.62280000 -771.73800000
3940 1853.20000000 303.66500000 990.29500000
3941 -367.59600000 253.55900000 374.31000000
3942 -196.12800000 150.57700000 -190.31900000
3943 -315.42900000 723.25200000 -501.63700000
3944 128.19000000 -575.62200000 358.15400000
3945 -179.71200000 -57.44650000 296.06500000
3946 1165.26000000 451.06400000 700.20100000
3947 -44.70540000 -311.89900000 -150.33300000
3948 -287.56600000 -242.79800000 -274.74500000
3949 -408.52500000 -1680.42000000 -1248.17000000
3950 366.89200000 -19.99390000 231.72000000
3951 31.52400000 195.35800000 -236.30000000
3952 -548.52000000 29.45600000 492.30600000
3953 -454.90700000 609.03100000 819.38400000
3954 301.29900000 -54.30270000 -558.14000000
3955 294.98500000 522.92900000 -826.53500000
3956 21.83120000 117.01400000 351.25800000
3957 -375.10700000 -374.58400000 -122.67600000
3958 781.58800000 847.61900000 1415.41000000
3959 -254.56800000 -118.60100000 -207.11700000
3960 79.48390000 -63.15000000 -444.57700000
3961 81.73490000 33.90100000 -1211.09000000
3962 -482.58600000 194.43700000 171.39700000
3963 -275.22700000 -154.57700000 -184.50400000
3964 -684.08900000 -1005.15000000 1686.83000000
3965 532.92800000 136.17000000 -182.50600000
3966 79.21260000 62.45470000 157.80600000
3967 833.78400000 547.26800000 -1527.19000000
3968 -253.01800000 -109.43100000 -3.47653000
3969 -75.94820000 191.80500000 168.10200000
3970 -131.08100000 -184.68000000 347.36500000
3971 -514.02700000 -834.01500000 521.22300000
3972 956.40100000 -672.15500000 269.04300000
3973 -231.91900000 375.18200000 -85.69210000
3974 -984.22700000 472.34500000 243.90700000
3975 2291.60000000 -847.71600000 -1027.60000000
3976 -964.66300000 1156.34000000 -613.13400000
3977 583.98300000 662.39600000 274.74800000
3978 -148.15800000 319.70700000 -206.53500000
3979 -1515.89000000 -406.16100000 1277.41000000
3980 315.60900000 -144.34400000 -284.12900000
3981 1065.02000000 -165.73900000 -638.52800000
3982 -256.21400000 235.51800000 523.50600000
3983 -265.91500000 -215.40000000 173.06000000
3984 7.77960000 419.49700000 -131.10300000
3985 -349.61500000 -97.04320000 -276.28600000
3986 150.20400000 380.07400000 12.37330000
3987 -57.09350000 -1035.06000000 169.21300000
3988 559.90900000 790.75500000 -196.80400000
3989 -57.65630000 -168.87500000 -623.10900000
3990 -763.90800000 -286.29500000 384.05300000
3991 173.98400000 543.89900000 -41.82560000
3992 348.59100000 -83.26260000 59.64690000
3993 62.58090000 40.29780000 87.81550000
3994 129.66600000 -203.89100000 220.05600000
3995 103.64800000 212.82200000 -129.08900000
3996 147.18500000 5.72161000 -307.00200000
3997 348.65300000 -316.99000000 -592.55100000
3998 -35.97240000 67.58940000 336.64700000
3999 -391.79100000 -147.73800000 305.18700000
4000 -61.14480000 753.12400000 -133.50000000
4001 44.24090000 -92.69910000 232.90900000
4002 -250.47400000 -107.60300000 281.11300000
4003 -88.00900000 -20.61090000 -251.52900000
4004 -139.66800000 -300.97700000 133.37200000
4005 -43.63040000 39.45480000 276.28900000
4006 117.92400000 -29.09230000 27.87440000
4007 1003.82000000 -161.74000000 278.71500000
4008 -48.86090000 191.01500000 -282.89500000
4009 -158.90600000 354.17600000 -41.44720000
4010 -82.78880000 -839.96400000 -451.99400000
4011 -2809.12000000 1983.39000000 3021.96000000
4012 570.52500000 -1934.93000000 -506.72500000
4013 422.11600000 -230.14500000 54.17120000
4014 -154.67500000 -610.18700000 -254.65100000
4015 3274.24000000 -588.46900000 -90.16440000
4016 -1076.17000000 1278.75000000 -344.22600000
4017 -755.46800000 -176.14600000 884.05000000
4018 -72.26730000 269.26900000 -702.48500000
4019 -235.45100000 -523.71100000 282.81800000
4020 324.92900000 160.04500000 -121.83800000
4021 -55.58000000 433.46300000 1136.82000000
4022 77.77910000 88.81170000 -252.56800000
4023 -174.26900000 -421.44600000 -293.78600000
4024 -115.25900000 755.78400000 -672.07300000
4025 34.35030000 93.31980000 122.78100000
4026 -85.26530000 -113.96500000 268.38400000
4027 1071.91000000 -1834.66000000 -680.90700000
4028 18.34180000 -303.52700000 279.19700000
4029 -94.09780000 264.82900000 36.29030000
4030 -1386.37000000 1588.10000000 431.06300000
4031 -283.98000000 -476.28000000 305.85100000
4032 189.46400000 -106.64500000 -425.98100000
4033 1936.54000000 822.19200000 -702.65100000
4034 -582.72800000 -366.32900000 194.05100000
4035 -43.19610000 -61.70270000 110.01900000
4036 513.78800000 -756.11700000 -963.36800000
4037 -323.76300000 116.80000000 185.86400000
4038 -529.43600000 -109.05500000 33.05180000
4039 64.77150000 518.92400000 1898.67000000
4040 120.42000000 79.28420000 -256.93600000
4041 -40.30440000 -41.60090000 -375.37100000
4042 -884.87800000 -1432.14000000 -294.60800000
4043 294.55500000 346.08200000 -416.39000000
4044 392.68000000 270.41000000 79.41990000
4045 -345.13100000 267.48800000 1122.97000000
4046 483.35700000 123.05000000 -470.15700000
4047 229.27300000 -63.33820000 -96.35490000
4048 -719.18000000 -885.04100000 -53.11340000
4049 -70.41850000 446.33700000 28.83940000
4050 390.15100000 619.70200000 -239.14700000
4051 953.84400000 -1770.26000000 -1200.53000000
4052 -314.64700000 280.38000000 -2.43943000
4053 179.16400000 147.10600000 78.12670000
4054 267.63100000 448.76900000 1829.95000000
4055 -420.62300000 579.56300000 -600.80700000
4056 133.35100000 561.92300000 -316.49700000
4057 -1056.19000000 136.69900000 -405.61000000
4058 155.88800000 488.31400000 -465.40900000
4059 796.25500000 -97.51700000 607.73800000
4060 -547.05300000 363.39500000 -743.83900000
4061 -283.18400000 -256.58700000 368.64500000
4062 -100.12600000 -118.63200000 -98.15470000
4063 -171.92700000 -1768.88000000 329.42000000
4064 -32.93060000 4.53017000 171.46500000
4065 217.73000000 111.07400000 149.42400000
4066 -374.39200000 1238.14000000 -75.89250000
4067 215.14500000 184.27100000 -130.98400000
4068 -198.32400000 -335.47200000 383.80100000
4069 1037.11000000 339.82800000 297.50800000
4070 -100.01000000 -341.49100000 -347.31000000
4071 22.57780000 -253.57600000 -335.18700000
4072 -211.56300000 126.63700000 160.00200000
4073 272.48800000 245.30300000 -204.47100000
4074 -150.83600000 550.86000000 1016.26000000
4075 -218.33500000 -465.42800000 194.18600000
4076 -484.01100000 336.71900000 -250.91100000
4077 -36.43980000 -1032.33000000 701.06000000
4078 -59.27150000 -1767.40000000 -2742.37000000
4079 -132.42100000 -503.69700000 -1975.94000000
4080 -175.65700000 210.85000000 -246.50000000
4081 165.30600000 3235.34000000 239.80600000
4082 -248.63100000 -458.09700000 232.42300000
4083 267.51400000 -492.64100000 -12.03090000
4084 -749.05900000 -1023.68000000 242.96200000
4085 -345.54500000 -167.40100000 -264.97000000
4086 122.89400000 478.37300000 10.06050000
4087 907.74200000 -820.91900000 -779.49500000
4088 -81.43930000 138.66600000 303.47800000
4089 -569.63400000 -52.70470000 38.68160000
4090 308.72300000 1454.94000000 551.47100000
4091 -204.84400000 156.07200000 213.95100000
4092 -562.66800000 270.41000000 -149.66400000
4093 997.35100000 -254.62500000 433.06900000
4094 -48.70570000 -153.89100000 -419.02600000
4095 -162.67000000 17.40050000 -254.61800000
4096 -959.59400000 -2028.56000000 -22.84840000
4097 40.82100000 -241.88900000 98.62100000
4098 33.63840000 534.17300000 53.75900000
4099 440.59200000 903.19200000 67.47690000
4100 -175.21700000 -325.09600000 332.50500000
4101 -39.16730000 59.10700000 -260.42700000
4102 -1168.55000000 423.59200000 211.10900000
4103 432.58000000 122.45700000 -773.23600000
4104 927.29100000 237.31200000 47.28620000
4105 472.33100000 182.05800000 -75.30640000
4106 -723.33400000 -223.34900000 79.66340000
4107 -288.45300000 -135.89900000 30.02590000
4108 -851.21000000 258.29200000 -5.53191000
4109 -130.56800000 200.37400000 -46.24660000
4110 572.02000000 166.03900000 113.19100000
4111 705.45100000 -1545.03000000 -122.19200000
4112 100.08900000 545.14600000 128.32700000
4113 -303.37500000 155.98700000 199.95800000
4114 132.70100000 1275.67000000 266.83800000
4115 773.01000000 -55.80760000 -708.27700000
4116 -277.81500000 -276.24900000 -61.82370000
4117 -666.67500000 572.98100000 196.55500000
4118 -7.23650000 26.22940000 -332.64900000
4119 207.65300000 14.80590000 147.35000000
4120 111.06600000 -767.08500000 272.18100000
4121 -287.03800000 -82.73540000 -52.05470000
4122 766.99500000 1850.23000000 1019.15000000
4123 24.91090000 -71.32800000 -432.51200000
4124 -69.62570000 -59.80710000 -146.78500000
4125 -1349.68000000 272.39100000 2382.24000000
4126 406.04900000 441.35100000 407.85400000
4127 -144.89100000 109.51400000 190.28200000
4128 -176.78200000 -728.56900000 -221.59300000
4129 1871.32000000 -913.40600000 -961.86700000
4130 -312.70500000 820.64500000 114.75300000
4131 2491.74000000 -633.84400000 -498.93600000
4132 -1148.60000000 179.99100000 -39.00870000
4133 80.60330000 100.54800000 -120.62500000
4134 -516.46400000 -579.56400000 39.08220000
4135 539.73300000 1044.22000000 1216.52000000
4136 -230.74900000 -398.48200000 -268.48500000
4137 -327.15000000 39.63360000 84.82760000
4138 -517.27400000 -190.61000000 -222.41900000
4139 116.20300000 -278.95800000 302.62300000
4140 -22.47620000 -133.18600000 -152.34000000
4141 673.04200000 39.76350000 44.99720000
4142 237.38700000 150.54300000 -279.05800000
4143 -128.64500000 53.03860000 -40.71550000
4144 99.43090000 4.66041000 -576.94100000
4145 126.28900000 181.50100000 -246.71600000
4146 -308.75100000 41.55740000 615.08600000
4147 -670.26000000 -191.60000000 125.39600000
4148 -111.28700000 180.36600000 63.01100000
4149 -162.26000000 2.99886000 107.71200000
4150 34.31440000 -60.99260000 223.57000000
4151 -11.16630000 165.34900000 -116.38200000
4152 190.91400000 -161.72000000 -311.53100000
4153 -218.84700000 114.46100000 368.22500000
4154 -99.26790000 -262.16800000 -233.60400000
4155 365.46000000 317.57700000 -334.03300000
4156 -318.12900000 -93.94930000 916.79500000
4157 432.48200000 -184.93000000 -19.78680000
4158 81.78440000 236.80600000 -586.28300000
4159 -231.21700000 248.99200000 49.42030000
4160 -127.48600000 -157.29900000 -8.99152000
4161 30.78830000 240.35800000 13.80130000
4162 1002.41000000 1511.57000000 41.35640000
4163 -305.52500000 -883.53600000 -195.44000000
4164 232.43700000 -552.75800000 2.18234000
4165 -981.61300000 157.17400000 384.61500000
4166 296.53000000 -48.19260000 -54.19950000
4167 -137.49500000 -288.82500000 -106.88000000
4168 314.88100000 146.05100000 -437.99900000
4169 -266.28800000 14.08220000 -70.46410000
4170 137.04500000 -134.33500000 213.12700000
4171 7.40727000 426.79100000 479.08900000
4172 250.08200000 356.22700000 -406.46700000
4173 -597.34100000 -421.90200000 -131.77200000
4174 573.77400000 -1489.96000000 -6.22836000
4175 220.31400000 -201.55100000 41.59450000
4176 175.98000000 22.29200000 -58.98840000
4177 -351.92900000 253.78100000 -508.71800000
4178 -468.60800000 33.91710000 -241.29300000
4179 -307.34600000 226.93400000 251.39000000
4180 -530.35300000 222.61600000 723.91300000
4181 391.06000000 -31.98030000 -102.17700000
4182 191.44100000 -62.86460000 161.49300000
4183 808.01500000 477.68600000 334.22400000
4184 58.63710000 -4.86132000 35.20850000
4185 -578.94400000 -116.02000000 -238.25300000
4186 282.40100000 117.32800000 -250.00000000
4187 -857.25600000 446.31200000 -1329.80000000
4188 605.97400000 -453.02800000 200.83500000
4189 -337.40100000 -55.78250000 500.91700000
4190 197.26800000 -221.02000000 402.43700000
