1 1601.764687 1601.617599 0.258313
2 660.259376 660.248646 0.077172
3 827.363973 827.391221 0.069105
4 926.493817 926.579402 0.087651
5 1085.222688 1085.213548 0.110356
6 2011.154389 2011.012469 0.485324
7 987.912972 987.942725 0.115055
8 806.032256 806.119446 0.136923
9 1530.399589 1530.313052 0.407946
10 1463.185845 1462.773485 0.586501
11 1609.432892 1609.807668 0.575266
12 1793.579292 1793.781993 0.389673
13 1417.648874 1417.438157 0.371756
14 612.608281 612.660430 0.118825
15 452.852039 452.866851 0.043519
16 1087.074777 1087.124595 0.278874
17 631.086336 631.050573 0.077129
18 368.107767 368.028104 0.092897
19 320.078943 320.133129 0.113554
20 322.032415 322.031937 0.064584
21 346.629522 346.597147 0.104386
22 134.725853 134.764939 0.040220
23 261.517777 261.525254 0.024932
24 1363.279890 1363.339691 0.151369
25 3045.165106 3045.203693 0.185772
26 974.697331 974.720673 0.228016
27 1543.387667 1543.153987 0.349392
28 2034.111618 2033.761406 0.403102
29 639.365016 639.397443 0.108414
30 533.043656 533.092871 0.075949
31 1132.998899 1133.230780 0.482642
32 612.802703 612.835363 0.091217
33 211.265363 211.223055 0.149038
34 723.411612 723.384057 0.074143
35 695.929984 695.902764 0.122981
36 1228.064879 1227.930757 0.556875
37 310.813747 310.859477 0.145204
38 613.452661 613.440373 0.104595
39 2003.782991 2003.938376 0.452963
40 2545.682313 2545.340593 0.613480
41 735.880466 735.823070 0.597349
42 1245.016934 1245.316974 0.434427
43 1314.978710 1314.651063 0.398028
44 173.619917 173.541583 0.079127
45 560.175478 560.268815 0.100993
46 1765.220327 1765.270019 0.373099
47 550.940032 550.871540 0.108070
48 713.058370 713.052709 0.127435
49 434.807241 434.807481 0.147291
50 367.644201 367.658487 0.042795
51 1128.355063 1128.183975 0.216768
52 259.266024 259.330864 0.074279
53 198.526265 198.524071 0.015333
54 840.379282 840.552929 0.185140
55 1538.622453 1539.050019 0.444865
56 1572.827569 1572.408682 0.423346
57 1476.590390 1476.311208 0.437146
58 1305.661887 1305.398544 0.503354
59 292.285339 292.300167 0.133240
60 240.767001 240.847189 0.124398
61 1266.003722 1266.345460 0.397934
62 328.096118 328.079825 0.102710
63 190.645851 190.636091 0.102303
64 323.242276 323.299916 0.096949
65 219.279295 219.364323 0.112557
66 797.052952 796.620242 0.467310
67 274.695841 274.790065 0.127519
68 322.853869 322.947574 0.126460
69 474.101298 473.850018 0.441745
70 1747.252673 1747.655286 0.571132
71 879.616420 879.934061 0.600448
72 2572.996807 2573.242470 0.564789
73 1762.838822 1762.675810 0.618418
74 1347.367512 1347.302675 0.120932
75 973.344551 973.321000 0.165196
76 1562.949699 1563.189090 0.516046
77 524.208814 524.118860 0.131054
78 644.524526 644.534042 0.151921
79 420.988021 420.887581 0.106523
80 713.012559 712.998790 0.085997
81 1717.131508 1716.913281 0.343992
82 698.206902 698.208190 0.065225
83 271.567541 271.629445 0.088148
84 1337.997462 1338.351813 0.363098
85 960.933874 960.693096 0.440120
86 1228.776250 1229.125257 0.550575
87 2371.397819 2371.238979 0.620885
88 1630.377761 1630.688204 0.625139
89 422.162707 422.151210 0.156265
90 655.810737 655.839317 0.132825
91 1573.604075 1573.522124 0.444809
92 592.084111 592.164730 0.126964
93 710.725841 710.690805 0.115395
94 572.585432 572.618353 0.111334
95 123.316943 123.321204 0.077392
96 1249.201648 1249.155166 0.350759
97 504.594460 504.664215 0.103128
98 314.482066 314.487382 0.072479
99 1224.295442 1224.048454 0.316432
100 2505.106191 2505.502249 0.418693
101 2275.201946 2274.862054 0.444061
102 621.637444 621.562658 0.496534
103 1048.859925 1048.495693 0.410351
104 282.471901 282.577105 0.118979
105 831.325866 831.454512 0.129946
106 1719.276998 1719.592155 0.424960
107 663.117547 663.076795 0.099244
108 648.456356 648.399382 0.119573
109 549.072509 549.005748 0.090953
110 270.705432 270.696445 0.044065
111 978.270130 978.190240 0.346702
112 249.455529 249.452836 0.059307
113 539.643977 539.718751 0.085564
114 1207.217686 1207.196670 0.238811
115 437.820267 437.952753 0.399707
116 984.704798 984.908172 0.374921
117 2055.017060 2054.685423 0.338109
118 1610.224679 1610.163818 0.543058
119 394.763117 394.749653 0.115419
120 361.741816 361.761551 0.114504
121 883.291050 883.699965 0.452159
122 398.981348 399.040467 0.111913
123 248.832426 248.734573 0.138055
124 304.657742 304.688572 0.093175
125 876.313709 876.299468 0.079286
126 998.643376 998.323654 0.356433
127 685.993171 685.896371 0.101906
128 913.867027 913.936138 0.097969
129 1778.369932 1778.480717 0.305509
130 2281.304519 2281.315832 0.322201
131 1091.323590 1091.425646 0.447201
132 1617.300102 1617.646233 0.466771
133 1931.096939 1931.060188 0.445126
134 557.004518 557.016450 0.071441
135 411.197832 411.299606 0.106620
136 1278.172358 1278.175790 0.254456
137 856.150011 856.138163 0.093109
138 678.294811 678.335108 0.078639
139 409.031171 408.960543 0.095925
140 172.716915 172.745976 0.030804
141 190.430076 190.379774 0.203674
142 595.252672 595.214297 0.047327
143 500.981107 500.979404 0.023734
144 617.827067 617.923541 0.180435
145 3156.074473 3156.309660 0.323410
146 1106.771728 1106.467209 0.387489
147 1362.295154 1362.020876 0.343453
148 547.300456 547.077482 0.360043
149 1168.515422 1168.457314 0.080862
150 1487.727814 1487.732538 0.039271
151 1072.951054 1073.139047 0.405730
152 461.518916 461.498380 0.124538
153 258.361039 258.280812 0.119164
154 555.760027 555.850645 0.093165
155 468.393718 468.454867 0.061886
156 1981.106886 1980.891144 0.221688
157 335.032613 334.961719 0.075954
158 452.064752 452.052898 0.051050
159 1478.541198 1478.567501 0.160917
160 1460.075555 1460.207383 0.209795
161 414.529250 414.728175 0.240015
162 3311.965950 3312.135353 0.249776
163 668.841422 668.834538 0.284335
164 684.742234 684.742003 0.016718
165 756.587667 756.587526 0.009079
166 972.755734 973.032608 0.389435
167 184.693081 184.692466 0.061059
168 557.819386 557.785402 0.060251
169 774.293452 774.237372 0.093725
170 374.243753 374.196718 0.099517
171 573.124573 573.194940 0.492025
172 337.079743 337.017601 0.087279
173 181.941694 182.010546 0.114141
174 257.089697 257.291637 0.243598
175 2788.276644 2788.155347 0.300816
176 2531.699342 2531.913028 0.342258
177 3185.898978 3185.875332 0.263790
178 1789.381608 1789.331596 0.161340
179 1042.160558 1042.168838 0.042944
180 770.833492 770.799910 0.042166
181 1175.317689 1175.397610 0.250961
182 441.930271 441.994349 0.075030
183 303.072657 303.033659 0.053598
184 713.399370 713.405849 0.037143
185 373.220624 373.209137 0.025599
186 1261.948174 1262.146686 0.237638
187 756.339921 756.311805 0.045853
188 635.282463 635.259614 0.055327
189 1535.155755 1535.103387 0.061845
190 3083.738514 3083.872819 0.243247
191 772.212330 772.110561 0.172390
192 2518.116557 2518.018165 0.142226
193 1493.100996 1493.082664 0.165226
194 238.783878 238.816216 0.077664
195 231.829798 231.836345 0.092026
196 1185.530224 1185.718503 0.191070
197 276.930828 276.930575 0.035708
198 606.977646 606.979733 0.028509
199 290.681197 290.688130 0.024875
200 380.897547 380.816918 0.105254
201 1028.779731 1029.219843 0.484444
202 97.325917 97.239394 0.116569
203 366.298237 366.186815 0.121785
204 965.080407 964.936954 0.392656
205 2992.961747 2993.093024 0.512480
206 2370.844686 2370.835559 0.609646
207 1473.496461 1473.238722 0.269379
208 816.281169 816.336256 0.116254
209 603.892896 603.865005 0.060789
210 419.861758 419.881905 0.059863
211 1009.493810 1009.446730 0.192128
212 543.289064 543.263828 0.073962
213 535.167622 535.175591 0.024752
214 592.527596 592.468789 0.079414
215 352.976351 352.907155 0.089430
216 565.709440 565.794296 0.443600
217 104.967883 105.037599 0.146596
218 709.832167 709.844189 0.117526
219 466.987556 466.999060 0.231929
220 817.780250 818.059824 0.294129
221 678.086461 678.222749 0.138573
222 2476.615558 2476.480238 0.181761
223 2487.353960 2487.627241 0.297844
224 644.446892 644.415623 0.078428
225 355.863324 355.825450 0.071816
226 1427.534552 1427.877793 0.386450
227 542.022452 541.981068 0.077192
228 429.811773 429.721639 0.093802
229 174.583941 174.479668 0.134504
230 393.247122 393.276040 0.070432
231 1388.000573 1387.916493 0.250785
232 309.382438 309.425423 0.043258
233 119.740269 119.785036 0.097201
234 385.183417 385.260005 0.083227
235 3426.673726 3426.513830 0.189352
236 3330.894468 3330.797466 0.118607
237 3568.600647 3568.775826 0.385676
238 1121.546108 1121.616391 0.087679
239 955.800265 955.814052 0.045311
240 1091.606264 1091.527972 0.110733
241 1568.669067 1568.583316 0.155559
242 137.929277 137.983884 0.065707
243 228.694851 228.747547 0.061837
244 184.676639 184.610757 0.071450
245 504.584455 504.587023 0.057226
246 1256.842475 1257.110611 0.401028
247 379.309086 379.247028 0.070213
248 401.194735 401.161717 0.046953
249 1258.883863 1259.113267 0.272554
250 3299.423119 3299.400013 0.210054
251 1162.978748 1163.111094 0.168034
252 2347.071304 2347.100581 0.153129
253 1841.952020 1842.009949 0.294212
254 864.404041 864.372017 0.065664
255 651.409941 651.400528 0.101564
256 2126.898561 2126.827773 0.205839
257 723.205449 723.266528 0.072329
258 393.113924 393.110038 0.062568
259 420.889727 420.866390 0.079414
260 315.203117 315.192651 0.047628
261 773.577729 773.590554 0.168646
262 815.022642 814.973763 0.063243
263 160.136410 160.169833 0.064492
264 1093.997693 1093.966421 0.186025
265 1896.783337 1896.878914 0.225990
266 2275.404701 2275.348629 0.153308
267 2285.106131 2285.288680 0.396867
268 941.853559 942.094950 0.436039
269 351.093314 351.018178 0.089610
270 768.879949 768.799327 0.123614
271 2911.092809 2910.932938 0.228303
272 674.682962 674.703155 0.037360
273 651.143551 651.215242 0.086992
274 928.471275 928.510360 0.049299
275 764.128714 764.146047 0.085631
276 1518.079460 1518.144163 0.394113
277 636.832048 636.797625 0.093373
278 232.128176 232.102865 0.080139
279 241.476478 241.715631 0.257610
280 993.811774 994.054204 0.405306
281 514.244872 514.118875 0.359693
282 1730.856541 1731.137423 0.403607
283 1473.553442 1473.258608 0.544718
284 169.560444 169.556063 0.068985
285 470.278330 470.292177 0.074373
286 2230.422268 2230.097130 0.378499
287 301.587717 301.711168 0.166308
288 509.251451 509.305527 0.067497
289 368.347888 368.379183 0.051456
290 674.463014 674.486147 0.083489
291 940.548553 940.301399 0.307331
292 371.261677 371.252722 0.078160
293 148.386779 148.393532 0.074054
294 1470.732460 1471.004299 0.350563
295 3003.342862 3003.425947 0.379203
296 1858.240716 1858.249056 0.244689
297 858.442265 858.689519 0.458666
298 2209.006060 2209.232968 0.238655
299 458.468346 458.440630 0.030204
300 1128.882831 1128.802572 0.118193
301 1466.352507 1466.158770 0.403732
302 203.524399 203.491025 0.089769
303 398.303877 398.328281 0.117967
304 150.830432 150.884371 0.085752
305 367.295640 367.256220 0.040867
306 1548.840618 1549.032258 0.323043
307 468.518533 468.473204 0.075092
308 260.744115 260.736805 0.054092
309 372.152570 371.868650 0.292572
310 2366.345065 2366.352011 0.125649
311 2334.335472 2333.994275 0.440616
312 1080.716926 1080.712166 0.068743
313 1008.177458 1008.161737 0.060793
314 450.621560 450.641308 0.049548
315 981.469173 981.518832 0.054027
316 1278.938950 1278.883763 0.216366
317 486.434558 486.449050 0.069202
318 571.885013 571.941818 0.061877
319 373.952412 373.917068 0.043284
320 460.886236 460.906943 0.027512
321 1888.711722 1888.462658 0.281049
322 406.398618 406.400228 0.039233
323 518.998142 519.057859 0.081085
324 2278.017091 2278.086272 0.198928
325 816.473940 816.416749 0.220846
326 611.317410 611.316390 0.144818
327 2189.114299 2189.107329 0.254570
328 547.341192 547.417919 0.426497
329 790.586419 790.524880 0.063728
330 899.827657 899.901011 0.110600
331 238.330401 238.363065 0.204077
332 616.754456 616.690237 0.069054
333 312.848884 312.805901 0.053756
334 1014.945735 1014.902348 0.043444
335 101.844185 101.930841 0.122749
336 1750.214696 1750.469089 0.507888
337 183.704732 183.716568 0.115950
338 444.986337 444.926526 0.109026
339 1791.778965 1791.857492 0.469978
340 1551.508067 1551.734142 0.584647
341 1051.125362 1050.816445 0.488005
342 2263.756936 2263.699300 0.480016
343 1578.414877 1578.724815 0.503845
344 214.209037 214.081219 0.135561
345 416.424307 416.483544 0.115349
346 1751.010942 1750.762848 0.311207
347 841.185489 841.175484 0.058664
348 521.406791 521.457712 0.101620
349 204.126525 204.159674 0.047591
350 475.879440 475.856406 0.092231
351 1487.464570 1487.603433 0.488865
352 389.698273 389.640298 0.099152
353 213.403611 213.451051 0.118439
354 1021.141827 1021.024802 0.330019
355 1312.705634 1313.084116 0.593791
356 1947.177126 1947.079210 0.514222
357 1910.579638 1910.246475 0.653149
358 1146.931360 1146.484967 0.662812
359 602.118412 602.100670 0.153469
360 777.618019 777.526785 0.162675
361 908.247871 908.121357 0.453660
362 342.722930 342.693950 0.054918
363 633.868787 633.933183 0.077359
364 167.568273 167.644007 0.116517
365 325.302734 325.357271 0.168408
366 1398.399552 1397.756985 0.674706
367 548.613125 548.738505 0.165367
368 666.504977 666.664239 0.178582
369 1042.204942 1042.379367 0.437667
370 855.743288 856.372464 0.819140
371 1457.608593 1457.257202 0.555433
372 1899.069477 1899.258443 0.490652
373 871.395515 871.589635 0.626666
374 989.822027 989.782936 0.179960
375 506.145848 506.044937 0.148913
376 920.698763 920.918278 0.632017
377 234.465880 234.375067 0.128658
378 379.323508 379.362519 0.132192
379 324.667638 324.662711 0.166368
380 877.761171 877.709853 0.104005
381 770.946413 770.994525 0.537868
382 326.216859 326.129298 0.120568
383 409.484716 409.597180 0.118600
384 755.544899 755.091573 0.559710
385 1542.369593 1542.550114 0.601042
386 1234.675506 1234.757458 0.574355
387 3357.223800 3357.734570 0.699413
388 1544.154578 1543.997467 0.555189
389 219.176361 219.303859 0.166695
390 246.671201 246.733313 0.143550
391 927.908700 927.379689 0.586443
392 661.801882 661.902478 0.126573
393 655.146940 655.174186 0.110644
394 339.388341 339.372176 0.142249
395 292.076092 292.149708 0.153897
396 1204.976484 1204.661845 0.492178
397 441.241040 441.176846 0.114842
398 249.022607 249.120094 0.117981
399 1177.643278 1178.038775 0.542805
400 1795.160028 1794.681175 0.570882
401 1089.362290 1089.113662 0.608523
402 2582.249570 2582.675307 0.688854
403 3079.365512 3079.396875 0.534182
404 772.695352 772.689402 0.152867
405 810.169446 810.173295 0.144782
406 660.938489 660.861876 0.542021
407 321.693286 321.805657 0.131255
408 796.291000 796.199146 0.140348
409 424.847420 424.810629 0.145967
410 406.746539 406.764759 0.125729
411 551.777488 551.279868 0.542191
412 774.079448 774.216779 0.139076
413 585.434352 585.436824 0.108318
414 2107.696692 2107.285329 0.526803
415 207.853142 207.821414 0.563036
416 1580.669501 1581.113213 0.556276
417 2363.705094 2363.276065 0.588508
418 1890.228705 1890.090937 0.396681
419 479.232845 479.274757 0.127396
420 972.381256 972.384216 0.099718
421 877.468006 877.441129 0.488363
422 479.916261 480.041293 0.155289
423 824.553352 824.668237 0.162858
424 424.333634 424.243350 0.116091
425 559.024165 558.983190 0.093049
426 1600.338802 1600.713141 0.507245
427 828.525655 828.446218 0.098056
428 207.974168 207.972934 0.131487
429 1387.311252 1387.114303 0.371651
430 2005.697476 2005.810869 0.429468
431 1038.843804 1038.933214 0.375945
432 2385.752214 2386.164342 0.545163
433 1667.055295 1666.870970 0.434235
434 374.685374 374.727552 0.121327
435 278.345460 278.323938 0.123972
436 263.689424 263.361446 0.552793
437 148.165254 148.160640 0.058660
438 364.565246 364.479398 0.098843
439 597.767448 597.731255 0.114173
440 553.401459 553.351706 0.075536
441 1082.303956 1082.440926 0.212223
442 581.654158 581.612333 0.080475
443 171.961178 172.016035 0.101060
444 589.312529 589.265626 0.243346
445 1951.008961 1950.695487 0.403635
446 178.045505 178.026822 0.270587
447 2594.672300 2594.849911 0.453397
448 1102.124305 1102.225503 0.423254
449 603.423295 603.396929 0.164610
450 391.765532 391.837456 0.099652
451 548.675628 548.528524 0.311615
452 359.475978 359.392176 0.091265
453 461.853901 461.939613 0.086803
454 478.518916 478.542999 0.061936
455 285.654060 285.576977 0.124792
456 599.439248 599.406944 0.482462
457 205.898539 205.886677 0.094586
458 542.167499 542.238863 0.083813
459 1038.496581 1038.348047 0.408881
460 2615.024081 2615.242532 0.347879
461 2154.144985 2153.786216 0.517811
462 2868.108143 2867.882970 0.531077
463 842.335194 842.052171 0.516335
464 680.564067 680.655549 0.154093
465 751.653395 751.739034 0.117575
466 2934.177557 2934.240553 0.195902
467 123.130410 123.187002 0.074070
468 526.207847 526.240632 0.060903
469 344.014343 343.941324 0.082837
470 391.851145 391.742586 0.117239
471 410.501961 410.197571 0.485410
472 500.467359 500.367693 0.114237
473 274.892499 274.975878 0.111958
474 953.129447 953.331999 0.392606
475 896.039816 895.623467 0.539707
476 985.046106 984.866122 0.628376
477 2808.670916 2808.800409 0.413102
478 1538.566431 1538.656086 0.323638
479 492.541325 492.546757 0.066796
480 184.855335 184.900279 0.066384
481 798.063207 798.143717 0.276188
482 608.785829 608.782654 0.082547
483 447.093378 447.070972 0.047436
484 508.511865 508.538488 0.063725
485 268.795999 268.735993 0.130641
486 552.336633 552.284280 0.196316
487 533.404544 533.345001 0.068660
488 228.548277 228.521410 0.057921
489 2112.256931 2112.194564 0.096449
490 1985.037081 1985.001816 0.239129
491 2266.677071 2266.825084 0.362420
492 1187.292620 1187.454517 0.261493
493 2130.330637 2130.061468 0.283040
494 328.133091 328.119791 0.066673
495 326.795937 326.725353 0.116110
496 1102.595327 1102.829029 0.287791
497 906.590741 906.527577 0.084493
498 709.070824 709.018854 0.059689
499 269.361798 269.276900 0.085185
500 435.536810 435.544115 0.025152
501 404.409400 404.592905 0.239138
502 436.114489 436.076012 0.087924
503 387.812534 387.751411 0.087613
504 1124.720186 1124.669421 0.196197
505 1619.337853 1619.034091 0.348420
506 705.868930 705.899650 0.099895
507 2018.152120 2018.365147 0.377972
508 2359.466226 2359.808505 0.477338
509 652.700253 652.616387 0.105540
510 782.078489 782.130251 0.086971
511 1291.662312 1291.974867 0.371349
512 313.709192 313.665049 0.112268
513 342.755721 342.672123 0.137584
514 341.646969 341.621905 0.114109
515 141.149486 141.000163 0.153927
516 749.109943 749.588698 0.715217
517 336.239895 336.184056 0.140419
518 400.664951 400.654149 0.158234
519 1687.512297 1687.185208 0.539801
520 3076.515421 3076.517443 0.699002
521 1445.729285 1445.523661 0.570465
522 2268.569144 2268.762398 0.574868
523 2314.201778 2314.242816 0.415235
524 604.465463 604.538369 0.117643
525 337.497044 337.580400 0.088729
526 1052.118727 1051.800807 0.423375
527 508.992330 508.944784 0.131834
528 305.290654 305.428986 0.150752
529 233.608816 233.626426 0.127928
530 544.934590 544.876627 0.115351
531 1565.044635 1564.867369 0.519816
532 160.478012 160.557731 0.111761
533 359.966087 359.897694 0.074834
534 1034.649208 1035.027394 0.499289
535 2337.696780 2338.089097 0.576259
536 927.754172 927.445332 0.659906
537 2351.882664 2351.408139 0.487357
538 1550.947360 1551.417343 0.703266
539 89.807790 89.874293 0.069746
540 754.438982 754.404621 0.118126
541 1548.930858 1548.970134 0.477981
542 174.102690 174.097979 0.126390
543 202.397435 202.429600 0.074401
544 320.403548 320.407073 0.151646
545 422.023471 421.991390 0.076573
546 1061.544227 1061.969802 0.461128
547 316.074505 316.082754 0.071168
548 418.144383 418.064736 0.095516
549 605.947910 606.101858 0.249162
550 1513.383213 1513.674868 0.565847
551 1254.777539 1254.832374 0.217444
552 2718.525008 2718.380045 0.382015
553 564.607667 564.847049 0.459185
554 536.686378 536.665273 0.118293
555 291.479091 291.387399 0.153617
556 1831.106815 1831.127672 0.483740
557 852.473551 852.408397 0.080243
558 1062.064803 1062.107754 0.113801
559 829.738456 829.799791 0.110910
560 394.121679 394.205049 0.089935
561 1115.645394 1115.243682 0.437600
562 281.423056 281.509011 0.124808
563 269.679412 269.650314 0.113298
564 1138.038557 1138.137956 0.380020
565 2051.299067 2050.842653 0.635134
566 1635.121405 1635.485041 0.532697
567 2766.017837 2766.165938 0.231597
568 3040.351119 3039.855893 0.552827
569 661.507836 661.513172 0.097082
570 275.546082 275.579122 0.072596
571 270.097233 269.782738 0.547368
572 147.025425 147.102867 0.103344
573 116.778757 116.742675 0.077691
574 323.337695 323.346031 0.084030
575 268.716577 268.724020 0.067661
576 1441.703214 1441.544531 0.419118
577 403.985374 403.960981 0.098485
578 609.139575 609.153150 0.113472
579 1179.972205 1180.090376 0.293551
580 2269.988368 2270.064457 0.303739
581 2411.864373 2411.520429 0.493245
582 3249.089872 3249.019426 0.549027
583 1034.398114 1034.692847 0.464477
584 362.987070 362.980208 0.047692
585 1010.545025 1010.521423 0.025884
586 897.041271 896.974604 0.405756
587 1225.844060 1225.831920 0.106066
588 717.544834 717.586107 0.093037
589 546.661458 546.692125 0.087398
590 1173.328107 1173.320339 0.214714
591 2117.143470 2117.387327 0.338339
592 568.201793 568.262758 0.145965
593 951.541191 951.451493 0.142554
594 935.584805 935.832746 0.429759
595 2375.793941 2375.455152 0.533561
596 1469.247642 1469.373544 0.446538
597 1773.152115 1773.539363 0.411579
598 1839.682455 1839.799294 0.537169
599 209.753312 209.729063 0.054426
600 399.302013 399.301898 0.077615
601 272.288799 272.443306 0.446177
602 338.193776 338.232717 0.076977
603 200.593270 200.598883 0.061792
604 115.243253 115.200120 0.098479
605 415.366345 415.436475 0.120007
606 1520.330241 1520.676089 0.484918
607 827.965686 827.994394 0.163165
608 611.452404 611.454513 0.112619
609 1230.111420 1230.014735 0.313329
610 402.664547 402.963764 0.381756
611 1333.824055 1333.373482 0.481059
612 2641.963530 2641.529800 0.578941
613 2629.233748 2629.813701 0.599758
614 677.962443 678.011123 0.084739
615 130.499301 130.418340 0.125427
616 2241.953523 2241.545917 0.451682
617 1012.866903 1012.969738 0.120781
618 709.970737 710.056877 0.110091
619 714.236659 714.361632 0.128668
620 487.076779 486.994239 0.138742
621 1389.830250 1389.915253 0.317394
622 191.547926 191.596979 0.104033
623 568.869570 568.833314 0.057656
624 714.328681 714.206487 0.397862
625 1516.630044 1516.756859 0.539643
626 674.305961 673.941740 0.528480
627 1847.270107 1847.477503 0.480508
628 961.544064 961.532857 0.528367
629 679.662936 679.579031 0.144535
630 1206.149350 1206.087880 0.166954
631 1572.156269 1572.078920 0.357999
632 555.204000 555.270530 0.199692
633 793.672087 793.723329 0.122852
634 1079.959692 1079.928316 0.152884
635 677.070852 677.191870 0.121099
636 722.007219 721.667354 0.566387
637 518.303231 518.307295 0.093702
638 426.570762 426.492428 0.085155
639 1269.427213 1269.086499 0.379511
640 2696.704573 2697.153226 0.475643
641 1054.818667 1054.676147 0.561479
642 1596.770874 1596.573554 0.464145
643 1702.158882 1702.417150 0.405721
644 188.597803 188.759946 0.177382
645 363.615966 363.555714 0.181409
646 1277.630792 1277.721173 0.522822
647 246.945542 246.894914 0.174191
648 374.273599 374.333535 0.141297
649 215.326384 215.349544 0.079638
650 228.803852 228.797751 0.164729
651 1189.207178 1189.057936 0.538522
652 163.533507 163.579614 0.088229
653 221.501543 221.551486 0.170983
654 1728.967201 1729.228633 0.385412
655 2621.438176 2621.073200 0.578335
656 717.947289 718.120205 0.468122
657 2095.384518 2094.864719 0.583957
658 1216.960477 1217.326185 0.525900
659 580.372157 580.352911 0.082153
660 141.549279 141.512375 0.157865
661 928.895176 929.327192 0.634038
662 596.756343 596.626039 0.149847
663 358.285103 358.406717 0.124132
664 230.344875 230.391762 0.107136
665 127.171805 127.082729 0.106296
666 2138.368583 2138.032759 0.509303
667 390.228124 390.279642 0.107034
668 441.104272 441.069566 0.135719
669 2402.448237 2402.593351 0.200302
670 1839.204186 1838.920191 0.473031
671 480.512166 480.827820 0.559916
672 2915.448700 2915.678243 0.568144
673 1539.938502 1539.853097 0.464248
674 569.346934 569.497636 0.201925
675 278.404164 278.460688 0.119778
676 956.235740 956.126562 0.379987
677 417.426668 417.356118 0.101238
678 959.156275 959.079137 0.128960
679 468.646308 468.630798 0.158063
680 417.033348 416.985465 0.157788
681 1100.930484 1100.960398 0.569069
682 633.682049 633.788148 0.172377
683 178.624181 178.597575 0.119055
684 552.770297 552.677436 0.355183
685 2203.462301 2203.210876 0.611930
686 1163.730058 1164.105642 0.426951
687 3091.448501 3091.439042 0.517215
688 1278.796309 1278.666001 0.546866
689 747.880578 747.954136 0.094406
690 523.261524 523.308479 0.076047
691 1202.649718 1202.702908 0.470283
692 263.908688 263.819937 0.116272
693 767.371506 767.310989 0.122760
694 841.605866 841.563266 0.119488
695 733.261420 733.302810 0.086154
696 1761.905699 1761.980627 0.337029
697 218.604355 218.560443 0.056336
698 262.382992 262.472570 0.090280
699 2515.812277 2515.832860 0.274884
700 2046.679229 2046.814142 0.332159
701 1289.931781 1289.448313 0.659871
702 2421.191684 2420.704877 0.667302
703 1013.884052 1014.274591 0.447527
704 765.448346 765.385125 0.112715
705 332.430313 332.334767 0.134981
706 1855.621034 1856.106931 0.513100
707 525.638970 525.674498 0.077925
708 242.052098 241.948942 0.173155
709 730.898280 730.853986 0.107427
710 524.958047 525.010018 0.137679
711 688.223690 688.092516 0.618079
712 545.368681 545.277314 0.178274
713 1021.738921 1021.829197 0.116107
714 561.324207 561.330485 0.523072
715 3423.696007 3424.202896 0.708496
716 737.712602 737.553922 0.515844
717 1452.515684 1452.214583 0.458923
718 2821.320821 2820.876795 0.642297
719 404.177558 404.195618 0.111288
720 382.565191 382.652534 0.143598
721 1385.638308 1385.282100 0.465827
722 373.847426 373.846537 0.174178
723 669.417770 669.507603 0.125681
724 323.001428 322.907962 0.169556
725 533.301133 533.353716 0.082935
726 1635.810636 1635.548413 0.528042
727 282.775516 282.776130 0.101866
728 562.182578 562.210702 0.088287
729 1290.987205 1290.919990 0.391337
730 805.739495 805.711172 0.408131
731 535.553302 535.207020 0.544856
732 2082.339034 2082.802286 0.488419
733 959.335132 958.930110 0.547043
734 781.157410 781.093199 0.119040
735 609.560941 609.486736 0.083034
736 815.898505 815.625330 0.450124
737 262.458063 262.492969 0.112609
738 386.094310 386.240638 0.164792
739 263.362222 263.477992 0.161601
740 570.389981 570.361562 0.109887
741 748.508800 748.658371 0.504739
742 476.827153 476.791247 0.128881
743 482.131799 482.087078 0.076433
744 956.094043 956.380031 0.332495
745 1139.124232 1138.734989 0.480163
746 1686.713910 1686.960098 0.553781
747 1672.300775 1672.613706 0.559617
748 2298.703809 2298.585086 0.399496
749 502.823138 502.839834 0.073450
750 175.919103 176.028916 0.114075
751 763.192423 763.299859 0.384862
752 190.904988 190.975859 0.075359
753 577.332674 577.254009 0.095358
754 226.885692 226.921549 0.076709
755 966.705234 966.769718 0.101452
756 1240.293387 1240.145815 0.444772
757 666.852527 666.736884 0.145738
758 446.918145 447.027266 0.120684
759 1473.824105 1473.554119 0.349665
760 898.723498 899.227538 0.627759
761 162.001937 161.604346 0.410766
762 2090.348086 2090.710782 0.548955
763 2142.765682 2142.537228 0.494785
764 610.164603 610.143933 0.085830
765 990.394833 990.429185 0.081606
766 1816.083925 1815.672592 0.517582
767 596.355376 596.426567 0.126118
768 250.918126 250.898434 0.113394
769 566.867371 566.938150 0.109653
770 580.722992 580.626251 0.103514
771 1101.890615 1102.168726 0.459584
772 591.418312 591.503165 0.107220
773 437.640024 437.675681 0.059925
774 2380.973080 2380.658116 0.379288
775 1961.343941 1961.453845 0.224720
776 1125.928802 1126.365850 0.536738
777 2152.169340 2152.195261 0.406457
778 2047.854524 2048.046758 0.458004
779 366.763922 366.692317 0.151254
780 823.468679 823.370497 0.114805
781 1918.176954 1918.239206 0.486123
782 265.795582 265.901415 0.120863
783 675.882079 675.808907 0.087626
784 809.783693 809.789499 0.108932
785 287.139091 287.078871 0.085201
786 954.933544 954.963575 0.450178
787 296.889728 296.915196 0.176632
788 405.426483 405.374930 0.137103
789 1104.050477 1104.086499 0.243270
790 916.345427 915.886657 0.535308
791 898.999454 899.320846 0.517093
792 1108.905623 1108.868121 0.492259
793 914.041356 914.048615 0.442804
794 230.404465 230.433314 0.051083
795 334.048944 334.064009 0.110953
796 587.551525 587.383408 0.462749
797 427.588047 427.638235 0.081803
798 282.614235 282.639768 0.096006
799 434.718387 434.775700 0.063617
800 292.396025 292.376789 0.051938
801 1242.679459 1242.980118 0.334904
802 575.001380 574.936574 0.095345
803 246.464604 246.404649 0.089377
804 661.539028 661.607755 0.346113
805 1810.900072 1811.023129 0.176972
806 1309.539957 1309.299618 0.269319
807 364.939220 365.064355 0.250750
808 2302.764715 2302.727131 0.322517
809 629.825573 629.867617 0.071170
810 801.705014 801.692465 0.077971
811 985.702226 986.135820 0.547423
812 218.677463 218.644848 0.101126
813 190.957570 190.890252 0.096097
814 365.792267 365.691574 0.110642
815 446.088439 445.990120 0.109800
816 2221.808926 2222.087383 0.288676
817 906.350941 906.293837 0.166370
818 488.077127 488.166492 0.103910
819 1765.429430 1765.132123 0.375676
820 2062.640979 2062.394682 0.336227
821 542.735688 542.711686 0.256382
822 2569.101422 2569.239102 0.372423
823 3364.817579 3364.752207 0.296316
824 333.060126 333.000546 0.080819
825 364.282637 364.311582 0.081510
826 1109.317289 1109.119353 0.347842
827 770.888091 770.938149 0.074225
828 442.925747 442.924107 0.079956
829 452.465575 452.512764 0.098600
830 399.154419 399.150146 0.105520
831 2348.927444 2349.061752 0.395868
832 449.529335 449.587395 0.092001
833 673.314150 673.253050 0.079176
834 585.113514 585.196459 0.322029
835 3365.963328 3365.524890 0.526479
836 1850.046366 1850.384892 0.358270
837 2486.588615 2486.904239 0.553852
838 965.903868 966.274032 0.377407
839 550.514150 550.447575 0.114475
840 275.268467 275.251378 0.087116
841 1216.808709 1216.872967 0.444387
842 94.749583 94.772062 0.063111
843 416.905047 416.792253 0.116380
844 403.558026 403.487454 0.085313
845 835.044295 835.040493 0.125427
846 678.794251 678.925110 0.460133
847 331.753829 331.656886 0.125788
848 533.821038 533.793614 0.126311
849 1461.805833 1461.912827 0.344615
850 988.169943 987.907871 0.386595
851 1624.887918 1625.095566 0.411458
852 2016.489979 2016.530974 0.519305
853 2602.871913 2602.636288 0.375268
854 597.284130 597.258794 0.106860
855 489.545083 489.612542 0.112381
856 1296.511270 1296.593386 0.455009
857 757.015772 757.066569 0.081751
858 826.668314 826.704268 0.060491
859 416.096782 416.195122 0.102917
860 590.022615 589.960094 0.097780
861 2129.802659 2129.909106 0.400738
862 441.163665 441.151139 0.135859
863 668.140224 668.043782 0.152568
864 770.315024 770.281532 0.299124
865 2032.589714 2032.244078 0.554802
866 2517.726951 2517.961559 0.455214
867 1392.142094 1391.954282 0.494386
868 1348.003697 1348.068939 0.467661
869 822.987442 822.947597 0.104694
870 1018.465328 1018.379000 0.140540
871 943.604616 943.663585 0.342401
872 230.523584 230.464120 0.134567
873 713.036959 713.073945 0.084153
874 740.302134 740.381090 0.103765
875 291.360320 291.400529 0.106370
876 2293.478896 2293.547898 0.427594
877 229.319332 229.250892 0.105679
878 421.573079 421.665350 0.129184
879 1982.791912 1982.952959 0.406023
880 975.829374 975.819153 0.397652
881 1812.555239 1812.618795 0.115594
882 950.547711 950.500505 0.101001
883 1645.975737 1645.538685 0.454054
884 320.145309 320.300236 0.414513
885 668.683975 668.688164 0.383288
886 1939.035615 1939.290954 0.540120
887 475.188554 475.176436 0.120292
888 522.498940 522.440189 0.154638
889 2720.916077 2720.822820 0.578882
890 250.263790 250.214127 0.138384
891 810.755110 810.263544 0.575233
892 792.839646 792.812217 0.138884
893 691.179766 691.115019 0.143581
894 1091.959187 1092.125534 0.598184
895 128.559141 128.574038 0.145484
896 452.973920 452.988546 0.162336
897 336.508705 336.390631 0.154360
898 1762.176466 1762.592215 0.547191
899 544.058737 543.977899 0.146956
900 435.306167 435.175670 0.140652
901 1623.548185 1623.307563 0.496118
902 338.245901 338.216954 0.110435
903 490.039865 490.132106 0.121100
904 693.572187 693.580866 0.397610
905 656.708630 656.768444 0.097755
906 748.378184 748.363376 0.140169
907 629.239810 629.395299 0.499692
908 212.359079 212.358207 0.111348
909 230.239944 230.189038 0.129419
910 304.505783 304.569390 0.109947
911 702.488244 702.527137 0.092579
912 1139.014177 1139.255873 0.363006
913 267.720393 267.774167 0.090483
914 295.492262 295.458112 0.080677
915 1020.547441 1020.411636 0.334447
916 1232.890090 1232.792434 0.534419
917 1621.307050 1621.347819 0.084182
918 273.365260 273.393394 0.116365
919 416.087752 415.953150 0.610439
920 808.818675 808.602271 0.449401
921 1725.135895 1725.433702 0.394038
922 2074.227902 2074.081022 0.284750
923 280.680604 280.690162 0.107673
924 507.783814 507.803331 0.046347
925 1879.738302 1879.879116 0.227595
926 410.394280 410.396253 0.140543
927 439.547175 439.509066 0.097351
928 1597.328585 1597.178478 0.285090
929 345.651973 345.589717 0.078733
930 157.730138 157.719425 0.063852
931 1138.994235 1139.043234 0.369828
932 190.184166 190.157041 0.130413
933 478.355738 478.330740 0.053792
934 1096.533960 1096.817074 0.422905
935 639.557164 639.504592 0.108870
936 478.433846 478.384695 0.123813
937 1190.599791 1190.614291 0.321412
938 164.652918 164.719955 0.135752
939 427.898567 427.867186 0.058443
940 725.006569 724.950990 0.269474
941 460.718097 460.745234 0.126490
942 283.488335 283.484946 0.157709
943 1255.945112 1255.662702 0.400483
944 688.561961 688.589785 0.072282
945 574.586705 574.583057 0.060612
946 498.178839 497.899581 0.333889
947 199.338797 199.295212 0.098047
948 349.779929 349.839454 0.092051
949 447.391005 447.516198 0.157922
950 184.590848 184.570668 0.062086
951 179.102962 179.112346 0.044759
952 560.154093 559.849785 0.522746
953 501.874952 501.819877 0.083232
954 698.183669 698.267187 0.114853
955 1513.977238 1514.208604 0.445341
956 687.046094 687.138848 0.145355
957 387.084371 387.059826 0.102984
958 2038.235078 2037.851437 0.528633
959 77.202024 77.250978 0.158454
960 362.938011 363.059907 0.138615
961 1665.530146 1665.053076 0.609664
962 334.253945 334.179433 0.111514
963 278.150740 278.219026 0.161070
964 2717.908820 2718.398894 0.621028
965 318.289469 318.421237 0.143177
966 552.166732 552.077956 0.181172
967 536.776189 537.107558 0.584297
968 347.964672 347.803738 0.167371
969 418.869782 418.855404 0.107297
970 1095.824545 1096.172023 0.683203
971 601.370410 601.317015 0.105261
972 833.170457 833.294393 0.125126
973 1588.371002 1588.088134 0.465931
974 437.993854 437.962646 0.151779
975 38.900116 38.966103 0.153302
976 315.662838 315.589952 0.153723
977 379.362969 379.328336 0.105453
978 1933.312324 1933.468662 0.528993
979 486.296418 486.301969 0.074096
980 642.717900 642.691374 0.105231
981 678.781533 679.007421 0.432321
982 754.176392 754.535545 0.519403
983 313.376063 313.360827 0.098882
984 339.852482 339.771404 0.115845
985 1814.112763 1813.928628 0.458054
986 1222.270103 1222.405659 0.578108
987 637.883680 638.245274 0.451536
988 1037.042501 1036.584583 0.521961
989 269.764590 269.719453 0.115431
990 290.257631 290.293873 0.134878
991 2434.241824 2434.179363 0.562371
992 783.828982 783.868579 0.131393
993 438.764075 438.682022 0.151373
994 1300.047679 1300.080396 0.496605
995 263.140912 263.031281 0.131209
996 246.462602 246.451458 0.093979
997 859.523242 859.782801 0.535315
998 600.589364 600.568403 0.138572
999 355.023027 355.036711 0.155193
1000 1097.521631 1097.506030 0.483775
1001 376.817650 376.716301 0.127398
1002 160.584930 160.644049 0.128074
1003 1809.290419 1809.210112 0.453646
1004 327.356603 327.315609 0.121838
1005 565.629951 565.641861 0.157142
1006 1421.175797 1421.100343 0.469874
1007 534.890992 534.864403 0.125523
1008 453.639799 453.700651 0.126173
1009 1560.543387 1560.794108 0.468751
1010 286.782752 286.836477 0.144148
1011 557.895973 557.818144 0.138240
1012 1840.861945 1840.591987 0.495372
1013 733.208865 733.293305 0.149353
1014 500.958972 500.980113 0.123305
1015 638.850528 638.379592 0.479081
1016 618.483984 618.507471 0.194338
1017 566.471098 566.576793 0.145276
1018 2605.804401 2606.129260 0.619598
1019 227.668321 227.583045 0.158448
1020 702.456756 702.424133 0.141203
1021 2361.763564 2361.410008 0.563325
1022 376.659931 376.735923 0.130564
1023 335.140021 335.248922 0.196311
1024 566.355618 566.188845 0.550945
1025 302.807501 302.955378 0.162995
1026 577.670680 577.656833 0.145562
1027 1964.124874 1964.012543 0.516521
1028 519.445139 519.467762 0.096787
1029 320.522184 320.468608 0.136195
1030 3139.900890 3140.137368 0.458949
1031 278.772307 278.738016 0.082527
1032 595.278106 595.179046 0.119210
1033 2126.766735 2126.509497 0.406444
1034 502.809867 502.877196 0.152048
1035 402.183973 402.209583 0.079889
1036 1300.480178 1300.101031 0.399298
1037 724.081025 724.062027 0.072699
1038 789.962931 790.042679 0.119903
1039 2166.331050 2166.737664 0.531082
1040 500.239539 500.159265 0.097777
1041 191.387816 191.408508 0.154821
1042 390.841244 390.888679 0.143745
1043 715.823113 715.779421 0.100576
1044 1755.792277 1755.758301 0.482717
1045 204.684219 204.636272 0.149551
1046 167.396497 167.343047 0.124837
1047 1970.312271 1969.761124 0.650446
1048 1736.363133 1736.589574 0.404736
1049 319.426227 319.321232 0.112611
1050 155.192356 155.121040 0.099284
1051 1337.481025 1337.964223 0.483499
1052 1110.253735 1109.945660 0.317567
1053 530.839778 530.663717 0.372003
1054 908.351514 908.318677 0.388026
1055 278.146423 278.218659 0.155816
1056 307.239677 307.225740 0.108652
1057 1840.978261 1840.732361 0.460207
1058 645.737282 645.702929 0.132829
1059 459.167994 459.263371 0.133691
1060 679.394791 679.151193 0.558915
1061 122.323115 122.329264 0.088533
1062 1015.152389 1015.222634 0.107134
1063 1773.407748 1773.933866 0.567391
1064 677.428306 677.316393 0.134817
1065 259.165150 259.035374 0.132988
1066 616.613817 616.894489 0.725383
1067 312.241802 312.326889 0.174458
1068 385.952662 385.859758 0.227930
1069 667.114112 667.179983 0.706816
1070 391.976598 391.864893 0.158871
1071 620.697047 620.776320 0.165297
1072 1194.125328 1193.976456 0.661436
1073 361.018607 361.027676 0.087674
1074 407.417401 407.348002 0.147513
1075 1472.907663 1472.431344 0.629512
1076 293.664086 293.684938 0.174064
1077 392.946866 393.016943 0.177462
1078 1917.646339 1918.039472 0.526380
1079 308.482267 308.360807 0.132636
1080 645.976070 645.891896 0.121665
1081 1451.638476 1451.386025 0.524928
1082 125.307770 125.345233 0.145429
1083 378.423936 378.429666 0.141396
1084 1641.991336 1642.171937 0.507632
1085 542.260668 542.165015 0.130381
1086 283.775657 283.725094 0.126544
1087 1350.491480 1350.336944 0.454363
1088 346.005611 345.999878 0.121622
1089 314.896945 315.007272 0.140804
1090 1732.492417 1732.826773 0.609406
1091 156.322196 156.325851 0.132186
1092 319.741715 319.718653 0.142704
1093 437.219201 437.197415 0.548875
1094 348.279785 348.374580 0.148281
1095 815.261658 815.138602 0.145352
1096 786.932090 787.199418 0.562395
1097 766.022198 766.033146 0.134349
1098 424.738197 424.704180 0.079772
1099 1866.198680 1865.816799 0.424930
1100 822.179950 822.232493 0.090487
1101 262.591194 262.644364 0.122636
1102 1566.750729 1567.056232 0.420493
1103 539.931915 540.044702 0.120746
1104 185.762153 185.832476 0.111157
1105 1543.684190 1543.634677 0.606840
1106 476.606599 476.515551 0.121734
1107 642.985514 642.992125 0.131422
1108 347.393853 347.331690 0.151356
1109 206.676248 206.669684 0.075479
1110 1857.710423 1857.481185 0.440228
1111 528.123182 528.148815 0.109290
1112 706.591103 706.699352 0.116267
1113 1910.618633 1910.684725 0.569304
1114 2541.530325 2541.751206 0.570662
1115 1148.927326 1148.965058 0.132273
1116 176.432909 176.556364 0.124578
1117 1624.475013 1624.890725 0.425118
1118 2011.615190 2011.343077 0.305209
1119 687.783841 687.743278 0.433942
1120 1282.744395 1282.424134 0.398369
1121 344.986063 345.052306 0.095741
1122 198.319566 198.317394 0.053979
1123 978.987379 978.942999 0.307988
1124 203.538597 203.571845 0.044054
1125 298.607837 298.610058 0.067901
1126 724.059574 724.224841 0.209244
1127 559.008356 558.945004 0.086510
1128 801.143689 801.131652 0.050298
1129 1137.631835 1137.856426 0.266412
1130 313.638128 313.677815 0.086755
1131 213.937922 213.952824 0.069496
1132 2168.318732 2167.979780 0.396755
1133 419.539963 419.524142 0.108655
1134 731.513927 731.563081 0.097220
1135 1547.598152 1547.975858 0.504324
1136 512.828229 512.764627 0.104091
1137 401.009790 401.011274 0.111939
1138 1066.233501 1065.754683 0.507301
1139 531.635562 531.788294 0.152971
1140 635.554959 635.569098 0.155609
1141 987.601379 987.838661 0.513941
1142 344.061046 344.055748 0.137790
1143 452.282643 452.218485 0.128840
1144 901.641756 901.753714 0.534606
1145 266.189343 266.156728 0.132968
1146 320.846258 320.896901 0.127954
1147 838.333941 838.105535 0.569710
1148 239.534796 239.537015 0.136733
1149 310.997642 311.048584 0.096999
1150 1600.161734 1600.640221 0.672768
1151 526.501404 526.374476 0.129279
1152 355.373283 355.375447 0.123767
1153 1005.014757 1004.683921 0.529850
1154 350.911237 350.953547 0.133219
1155 216.445678 216.543493 0.129598
1156 2203.130564 2203.090788 0.541533
1157 1166.196968 1166.215659 0.163858
1158 444.923486 444.902146 0.124082
1159 1373.647333 1373.874720 0.417222
1160 521.042551 521.079133 0.114784
1161 621.885057 621.872086 0.116670
1162 431.622037 431.478900 0.477574
1163 61.036395 60.921494 0.126852
1164 256.013905 255.934000 0.108332
1165 211.571040 211.910878 0.494240
1166 615.767593 615.685675 0.092181
1167 113.942279 113.893206 0.142690
1168 1991.135446 1991.668939 0.537304
1169 383.042849 383.016964 0.068553
1170 401.183579 401.099110 0.109406
1171 1610.529772 1610.064136 0.572179
1172 874.171031 874.159008 0.106699
1173 636.837574 636.895403 0.115093
1174 580.603296 580.596806 0.072149
1175 568.330962 568.319810 0.121265
1176 1359.245764 1359.230566 0.456953
1177 252.995573 252.910161 0.192112
1178 186.071493 186.155132 0.091426
1179 2585.559829 2585.741809 0.539665
1180 1492.098972 1491.763241 0.645272
1181 552.888409 552.934352 0.087006
1182 565.725941 565.663264 0.135921
1183 811.990611 812.110772 0.599532
1184 945.798552 945.482082 0.720344
1185 647.022663 646.821059 0.518793
1186 761.167646 761.581358 0.634771
1187 113.198656 113.237917 0.131656
1188 355.165714 355.243182 0.147692
1189 675.305438 675.268347 0.677776
1190 89.679407 89.666380 0.132654
1191 318.836257 318.789800 0.143964
1192 1373.749141 1373.577093 0.499362
1193 230.681758 230.712853 0.172109
1194 733.694507 733.651032 0.163982
1195 2553.483658 2553.789360 0.507296
1196 195.540681 195.457118 0.140799
1197 307.958514 307.882768 0.182595
1198 3662.930519 3662.751665 0.441594
1199 84.759639 84.779893 0.126577
1200 826.917396 826.986861 0.115978
1201 3204.202246 3204.222732 0.539583
1202 760.447764 760.477697 0.080249
1203 590.069151 590.159048 0.105808
1204 947.472142 947.383882 0.402411
1205 414.182452 414.313005 0.141574
1206 621.912538 621.957251 0.140721
1207 2441.167675 2441.444487 0.580461
1208 1038.372955 1038.414441 0.101660
1209 634.188510 634.075797 0.141633
1210 1273.127058 1272.788589 0.600918
1211 147.826262 147.820276 0.099917
1212 346.168205 346.095520 0.126207
1213 1154.754538 1154.911116 0.618478
1214 438.134698 438.003673 0.153354
1215 113.059344 113.023695 0.121608
1216 589.330336 588.905021 0.499157
1217 201.702936 201.755551 0.122348
1218 114.016021 113.993916 0.117424
1219 754.458073 753.882267 0.624215
1220 435.113601 435.226177 0.114718
1221 597.739111 597.827575 0.100502
1222 228.803632 228.921499 0.123112
1223 594.157330 594.240079 0.151218
1224 767.554328 768.019214 0.709093
1225 214.283987 214.354692 0.138169
1226 143.703860 143.670486 0.145042
1227 1930.594112 1930.218841 0.510391
1228 786.073753 785.649302 0.630863
1229 599.623757 599.637577 0.085911
1230 486.852687 486.831374 0.112473
1231 675.450773 675.623682 0.552804
1232 1004.643063 1004.221644 0.477318
1233 982.203493 982.089764 0.557813
1234 1266.155813 1265.949641 0.719035
1235 556.140559 556.069889 0.128050
1236 459.969581 460.006616 0.110739
1237 1152.058899 1152.253458 0.492206
1238 570.595396 570.660513 0.142511
1239 1261.280713 1261.658256 0.613829
1240 413.638674 413.590297 0.132513
1241 550.774744 550.688299 0.132537
1242 1021.116551 1020.557129 0.568760
1243 533.193867 533.283703 0.102301
1244 667.203911 667.180106 0.126584
1245 244.601439 244.602095 0.136102
1246 432.471768 432.185904 0.776294
1247 431.617129 431.570298 0.129170
1248 228.595670 228.626460 0.132104
1249 2059.829887 2059.806389 0.557087
1250 381.273165 381.304353 0.164646
1251 433.765812 433.897480 0.154110
1252 1993.825068 1993.299085 0.548447
1253 535.559592 535.722112 0.166764
1254 480.320841 480.187403 0.142640
1255 735.806173 735.598062 0.613265
1256 739.701002 739.858263 0.167281
1257 476.802025 476.976273 0.179211
1258 524.827950 524.941323 0.178595
1259 396.570192 396.587771 0.082250
1260 397.609018 397.851510 0.459069
1261 205.970359 206.016840 0.132274
1262 867.504218 867.527445 0.105473
1263 2666.918671 2666.731380 0.589314
1264 1461.715580 1461.761971 0.306697
1265 436.529912 436.588040 0.078307
1266 498.627020 498.628081 0.020153
1267 2288.256725 2288.416090 0.631734
1268 1658.578235 1658.128884 0.666220
1269 2835.800673 2836.289300 0.585211
1270 2871.761534 2871.118824 0.650743
1271 716.366113 716.484797 0.145535
1272 496.515838 496.628330 0.115746
1273 483.052669 483.346437 0.621390
1274 386.240286 386.203585 0.148566
1275 76.196906 76.208802 0.134839
1276 853.300301 853.729629 0.679423
1277 278.210769 278.305293 0.159256
1278 360.793609 360.730275 0.157214
1279 2145.932172 2145.442233 0.680523
1280 744.611307 744.699006 0.106900
1281 165.855327 165.730140 0.156697
1282 1487.318559 1487.144130 0.609404
1283 475.630815 475.776868 0.151916
1284 296.283752 296.388927 0.140596
1285 941.065100 940.645617 0.445284
1286 765.165329 765.266244 0.188399
1287 492.481560 492.613243 0.149238
1288 1830.479135 1830.762237 0.474327
1289 453.552823 453.598573 0.137772
1290 776.172272 776.067227 0.108371
1291 1284.274166 1284.060440 0.635843
1292 356.881454 356.726665 0.198586
1293 512.936124 512.949278 0.182273
1294 1273.976206 1274.256528 0.782487
1295 966.012573 966.030700 0.169796
1296 228.258696 228.242975 0.113381
1297 2026.958269 2026.493806 0.554618
1298 559.225800 559.345736 0.147269
1299 679.482806 679.615462 0.170890
1300 1049.206673 1048.993934 0.628930
1301 368.405019 368.517117 0.116586
1302 469.796885 469.681732 0.124195
1303 1698.479684 1698.442126 0.481254
1304 557.177304 557.213115 0.107514
1305 469.017281 468.950510 0.120075
1306 303.273559 303.222805 0.109163
1307 419.740824 419.766323 0.046370
1308 1404.879399 1404.847636 0.257927
1309 508.875238 508.888672 0.033731
1310 542.988462 543.032712 0.063643
1311 988.242468 988.380569 0.235806
1312 1607.267730 1607.176398 0.494752
1313 323.919772 323.963996 0.110496
1314 299.730501 299.868563 0.231739
1315 1898.330705 1898.306250 0.117203
1316 1599.204009 1599.055034 0.181704
1317 521.102951 521.045245 0.212657
1318 1470.985487 1471.283897 0.452696
1319 593.633400 593.630115 0.055793
1320 456.331278 456.314116 0.067053
1321 1026.964653 1026.893890 0.284396
1322 276.551936 276.426946 0.138985
1323 303.328800 303.315455 0.109291
1324 2221.696415 2221.413788 0.458926
1325 742.059707 742.155253 0.131023
1326 608.602690 608.651094 0.145185
1327 1252.814473 1253.163161 0.588115
1328 404.952211 404.829210 0.137275
1329 431.970205 432.022527 0.152177
1330 569.234687 569.605007 0.661578
1331 399.731394 399.864274 0.186967
1332 445.964304 445.962601 0.147910
1333 1940.294301 1939.676388 0.673202
1334 506.371364 506.514778 0.163718
1335 663.576737 663.532709 0.154077
1336 1426.244040 1426.844180 0.735382
1337 464.193543 464.282715 0.149932
1338 402.225556 402.377735 0.168677
1339 1953.029586 1953.088891 0.590815
1340 423.556897 423.493789 0.132313
1341 343.335997 343.289420 0.169295
1342 1157.637476 1157.640912 0.664725
1343 406.888182 406.927502 0.144663
1344 358.943125 359.077454 0.139287
1345 932.844179 932.296023 0.606193
1346 685.548439 685.518466 0.095454
1347 748.035989 748.092112 0.165599
1348 806.002368 806.499419 0.590786
1349 686.180054 686.150475 0.143902
1350 390.012858 389.908899 0.140552
1351 1046.787878 1046.332504 0.510845
1352 305.237210 305.364730 0.171033
1353 465.324698 465.393888 0.138191
1354 1358.318966 1358.336674 0.601419
1355 360.084393 360.142818 0.128989
1356 420.899199 420.859765 0.117413
1357 1849.553559 1849.822661 0.433794
1358 346.142629 346.076796 0.093380
1359 317.169240 317.215622 0.141344
1360 521.989176 522.194754 0.442545
1361 708.794648 708.760337 0.097190
1362 776.991633 776.933693 0.097018
1363 763.681967 763.309441 0.449815
1364 272.920744 272.855758 0.144256
1365 264.719411 264.742877 0.106575
1366 1451.015027 1450.971833 0.333632
1367 635.433766 635.367301 0.107284
1368 633.806758 633.808277 0.079715
1369 1562.543418 1562.847630 0.436760
1370 407.086224 407.062032 0.054478
1371 235.366057 235.306565 0.096514
1372 593.701369 593.638179 0.085534
1373 268.690976 268.586955 0.106095
1374 600.005629 600.044172 0.485442
1375 915.111781 915.178624 0.106237
1376 199.666664 199.698967 0.103833
1377 1733.319243 1733.693773 0.571992
1378 1162.837550 1162.564345 0.370395
1379 493.988330 494.128022 0.171319
1380 230.279870 230.285864 0.065151
1381 928.487126 927.821778 0.704914
1382 840.657674 840.283303 0.779744
1383 1127.614586 1127.985238 0.480431
1384 2091.523040 2091.054751 0.508420
1385 438.476450 438.389360 0.089104
1386 151.821617 151.854951 0.105064
1387 3103.000731 3103.338171 0.469387
1388 673.053088 672.997370 0.121915
1389 462.379582 462.012244 0.494990
1390 529.984168 529.995001 0.126942
1391 333.169969 333.119334 0.111614
1392 971.433718 971.194931 0.587587
1393 320.779782 320.907086 0.129410
1394 188.328188 188.371161 0.153064
1395 295.700096 295.740177 0.129764
1396 916.148447 916.179102 0.426146
1397 546.947557 546.902262 0.128938
1398 292.961485 292.914004 0.222346
1399 1583.745800 1583.529555 0.599850
1400 310.115715 310.107273 0.124322
1401 280.955620 281.059020 0.106170
1402 2141.451330 2141.533134 0.646606
1403 265.657991 265.642190 0.180690
1404 365.299169 365.233212 0.113680
1405 954.508365 953.991347 0.553152
1406 332.146991 332.210815 0.151587
1407 479.365879 479.411231 0.160265
1408 540.907787 541.050455 0.161614
1409 227.430770 227.407417 0.122610
1410 1180.100537 1180.544195 0.548687
1411 375.857914 375.755104 0.163579
1412 341.353333 341.343068 0.108018
1413 827.265344 827.213219 0.565789
1414 2027.089056 2027.503241 0.764227
1415 313.629422 313.760764 0.165798
1416 165.503924 165.433505 0.137226
1417 1684.547710 1684.081384 0.513647
1418 447.869012 447.769303 0.262259
1419 1105.616737 1105.571838 0.449563
1420 1502.086287 1501.572182 0.577865
1421 384.753654 384.753101 0.081796
1422 405.969304 405.925566 0.127814
1423 2259.563712 2260.040138 0.541741
1424 328.073118 327.992815 0.134400
1425 312.544668 312.611433 0.128897
1426 1966.274158 1966.164795 0.437659
1427 257.248954 257.278396 0.139436
1428 600.327312 600.459370 0.145917
1429 1069.509062 1069.195243 0.495745
1430 781.445059 781.404354 0.105260
1431 417.455576 417.436870 0.117209
1432 1571.148483 1571.019133 0.488555
1433 416.216249 416.310366 0.129771
1434 484.305006 484.336280 0.127056
1435 1544.585614 1544.187195 0.545241
1436 475.171920 475.081822 0.161768
1437 448.415214 448.575396 0.175839
1438 2874.290712 2874.827554 0.646501
1439 470.392707 470.364840 0.154177
1440 572.935510 572.798987 0.142889
1441 733.560078 733.030144 0.598065
1442 645.560720 645.429862 0.137523
1443 249.204029 249.112896 0.166148
1444 1910.804142 1910.793457 0.509345
1445 332.753216 332.766667 0.108931
1446 403.557554 403.608730 0.122318
1447 1076.911842 1076.805282 0.575621
1448 506.514218 506.557846 0.136348
1449 79.777553 79.824755 0.158908
1450 748.603812 748.836990 0.379725
1451 415.676919 415.630438 0.147054
1452 115.331473 115.248518 0.092113
1453 450.684525 451.047081 0.554356
1454 176.237318 176.165459 0.126540
1455 156.342834 156.228401 0.125976
1456 134.702088 134.645550 0.101827
1457 413.264134 413.371409 0.137132
1458 1402.548429 1402.149203 0.435736
1459 266.268712 266.230354 0.156176
1460 448.529232 448.647788 0.146828
1461 1889.541109 1889.388964 0.728427
1462 1498.822158 1498.510164 0.673398
1463 964.181364 964.229381 0.161591
1464 329.839492 329.849479 0.178716
1465 1025.665827 1025.373605 0.333222
1466 992.843356 993.166127 0.467704
1467 409.815203 410.206183 0.605022
1468 858.925642 858.778835 0.441338
1469 233.384897 233.472380 0.104501
1470 464.129074 464.226962 0.104847
1471 1076.123627 1075.820973 0.541677
1472 575.972485 575.963880 0.107669
1473 344.302189 344.231975 0.124674
1474 1245.795505 1246.215792 0.476415
1475 161.747595 161.826080 0.125929
1476 595.206345 595.136976 0.162970
1477 2363.982396 2363.724516 0.506421
1478 163.712880 163.649970 0.111697
1479 1021.483864 1021.514203 0.121270
1480 2085.998330 2086.054454 0.484326
1481 716.071160 716.039318 0.121286
1482 577.923723 577.936183 0.113797
1483 719.728333 720.276114 0.633203
1484 834.897851 834.845410 0.068419
1485 578.496150 578.416611 0.126062
1486 1200.057180 1199.596578 0.621667
1487 711.408794 711.311970 0.149269
1488 293.664579 293.717682 0.184155
1489 1393.985155 1394.523351 0.561816
1490 1089.228983 1089.301216 0.152016
1491 957.200743 957.114644 0.140633
1492 1493.660628 1493.865238 0.666381
1493 704.381279 704.378822 0.113183
1494 478.308217 478.204132 0.146271
1495 639.954876 639.631453 0.656072
1496 228.503588 228.637873 0.161390
1497 67.902828 67.837735 0.156407
1498 920.532618 920.524871 0.525835
1499 450.698664 450.567719 0.132291
1500 95.654562 95.540057 0.151133
1501 895.481964 895.861365 0.576899
1502 289.696138 289.817412 0.142290
1503 303.486006 303.376642 0.184513
1504 237.726318 237.596083 0.171585
1505 720.409970 720.479573 0.127146
1506 1923.009091 1922.766201 0.515197
1507 476.983293 477.020282 0.117252
1508 518.375616 518.458307 0.094257
1509 1509.865299 1509.294630 0.648743
1510 1415.957327 1415.715250 0.635187
1511 253.050243 252.974780 0.119208
1512 469.610203 469.714523 0.132273
1513 2003.681791 2004.069033 0.484392
1514 1060.505764 1060.098706 0.628228
1515 1927.551942 1927.660537 0.325283
1516 1631.794679 1631.820764 0.386738
1517 146.447393 146.298889 0.158060
1518 169.207032 169.125537 0.100161
1519 719.505605 719.088209 0.587893
1520 287.390107 287.317701 0.151860
1521 2057.858276 2057.626235 0.579997
1522 471.364405 471.465841 0.133515
1523 365.573888 365.524554 0.085136
1524 2373.629539 2374.078454 0.490626
1525 253.534811 253.450883 0.163242
1526 475.306307 475.175975 0.148473
1527 315.167844 315.192298 0.137345
1528 1627.552706 1627.550502 0.472305
1529 150.301384 150.433632 0.137765
1530 171.593783 171.578695 0.104644
1531 1274.727428 1275.005625 0.617760
1532 126.623982 126.489508 0.147469
1533 442.831051 442.893622 0.093854
1534 1701.405046 1701.067844 0.541118
1535 135.064745 135.169623 0.128068
1536 572.168196 572.109315 0.144325
1537 955.796482 955.573931 0.477964
1538 533.323680 533.349002 0.137205
1539 427.524093 427.635831 0.159676
1540 106.534795 106.588092 0.158062
1541 584.283633 584.373460 0.117859
1542 1157.799291 1157.363682 0.482998
1543 486.350874 486.362795 0.090674
1544 537.912883 537.998302 0.118390
1545 1744.105137 1744.548029 0.484736
1546 1573.735829 1574.264116 0.540761
1547 584.016659 583.973924 0.112430
1548 1375.654479 1375.625762 0.125087
1549 1961.996370 1961.712765 0.546709
1550 1145.394870 1145.598345 0.470509
1551 1748.878296 1748.702436 0.428568
1552 1613.978361 1614.483792 0.543844
1553 582.860175 582.734962 0.126079
1554 234.522080 234.556862 0.106621
1555 1754.696308 1754.793182 0.379260
1556 540.852352 540.891750 0.127831
1557 1387.250584 1386.758984 0.573596
1558 825.792934 825.799044 0.068978
1559 279.849735 279.872625 0.127265
1560 882.215819 882.222235 0.451325
1561 453.525880 453.471780 0.138977
1562 251.245555 251.327495 0.106657
1563 687.375247 687.386807 0.170165
1564 2643.114029 2642.632030 0.495953
1565 488.403518 488.503361 0.123371
1566 67.845346 67.827436 0.112063
1567 1916.190517 1916.681559 0.578265
1568 303.955785 303.825063 0.136043
1569 651.022440 651.085019 0.157513
1570 668.801575 668.494576 0.676689
1571 1031.329838 1031.448218 0.136149
1572 552.174736 552.230230 0.132493
1573 785.920149 785.521434 0.416657
1574 314.840330 314.847862 0.105532
1575 207.545264 207.472610 0.127660
1576 208.413142 208.300780 0.132448
1577 447.704904 447.793897 0.135059
1578 801.476134 801.862647 0.589374
1579 503.917857 503.809675 0.162418
1580 296.422208 296.397260 0.149100
1581 2073.715912 2073.546128 0.484083
1582 994.047901 993.906458 0.451624
1583 398.911624 398.913526 0.050468
1584 831.383904 831.388738 0.121902
1585 971.828281 971.830700 0.592273
1586 1979.561415 1979.469877 0.392552
1587 1635.679519 1636.034824 0.473467
1588 1544.026717 1543.632620 0.464427
1589 406.115526 406.166688 0.141134
1590 345.545180 345.560105 0.134756
1591 1217.871592 1218.170393 0.505800
1592 287.196599 287.179590 0.124458
1593 214.585698 214.622471 0.135663
1594 583.960938 583.694819 0.630121
1595 180.180705 180.050987 0.148084
1596 734.565457 734.446852 0.139815
1597 423.939021 424.347210 0.523722
1598 210.834550 210.866520 0.141241
1599 427.740335 427.658460 0.168833
1600 1243.861849 1243.799378 0.486794
1601 337.227553 337.324467 0.102582
1602 353.901472 353.959883 0.105894
1603 866.838805 866.848887 0.450245
1604 459.338899 459.434343 0.096839
1605 550.834478 550.730985 0.126156
1606 2132.507440 2132.339974 0.357473
1607 209.249200 209.294242 0.058516
1608 594.644280 594.579720 0.084517
1609 1060.513603 1060.731869 0.243381
1610 199.139965 199.127097 0.023139
1611 412.337565 412.351392 0.069248
1612 2265.735712 2265.669050 0.168991
1613 114.968722 115.004857 0.082095
1614 312.707465 312.627564 0.138417
1615 1862.926012 1862.875581 0.403395
1616 541.352349 541.412913 0.078473
1617 60.640712 60.631957 0.104885
1618 743.940616 744.072769 0.194434
1619 459.650772 459.671800 0.027973
1620 359.125828 359.092444 0.038590
1621 767.427353 767.621604 0.336510
1622 289.590887 289.532889 0.089785
1623 376.125593 376.140973 0.107400
1624 304.809248 304.787857 0.184728
1625 365.238989 365.262564 0.124884
1626 906.375935 906.220794 0.566127
1627 250.375474 250.388758 0.100670
1628 397.300860 397.337820 0.141817
1629 2018.207498 2018.576498 0.529216
1630 1388.432630 1388.014867 0.528701
1631 654.217143 654.279012 0.093343
1632 470.827269 470.834902 0.098691
1633 1237.051937 1236.899428 0.402722
1634 701.316269 701.283004 0.316481
1635 1104.399665 1104.218935 0.353549
1636 1060.738871 1060.933426 0.263559
1637 434.602745 434.650232 0.053269
1638 441.977559 441.967261 0.056222
1639 1364.501208 1364.128410 0.412484
1640 575.680153 575.637879 0.051481
1641 2000.852288 2000.981317 0.385507
1642 651.722649 651.690005 0.097867
1643 643.549888 643.495522 0.108926
1644 1443.946362 1443.781149 0.290718
1645 591.453624 591.522451 0.078152
1646 716.950281 716.963214 0.067662
1647 297.067192 296.992251 0.132184
1648 565.184371 564.947486 0.429628
1649 514.362748 514.495998 0.135742
1650 404.812810 404.914518 0.117910
1651 851.795589 851.979446 0.284083
1652 224.177637 224.146219 0.074196
1653 310.416831 310.384676 0.035941
1654 2111.767523 2111.448526 0.456198
1655 285.293049 285.342474 0.147477
1656 524.239866 524.272657 0.093533
1657 1238.707851 1238.820556 0.391902
1658 297.045937 297.111545 0.080410
1659 225.051107 225.085160 0.068239
1660 355.516571 355.473100 0.095746
1661 398.201415 398.284140 0.094770
1662 1109.967804 1110.277257 0.422517
1663 268.288243 268.371131 0.090318
1664 365.436603 365.520689 0.086875
1665 1963.236149 1963.162748 0.603861
1666 3929.837317 3929.737639 0.493161
1667 578.182775 578.196340 0.126714
1668 508.997679 509.049628 0.072135
1669 947.232542 947.016950 0.374645
1670 447.632356 447.250166 0.518800
1671 1651.850821 1652.145815 0.342056
1672 1363.770319 1363.913190 0.419765
1673 460.021724 459.931198 0.116594
1674 444.535926 444.485421 0.079976
1675 1912.947608 1912.732289 0.494898
1676 339.725262 339.810379 0.106414
1677 1531.327782 1531.654844 0.591940
1678 339.024612 339.062726 0.118914
1679 766.232072 766.127166 0.155113
1680 1532.794412 1532.693135 0.542571
1681 607.594213 607.525808 0.120050
1682 345.866102 345.765784 0.106975
1683 320.504818 320.570753 0.157737
1684 828.111566 828.388754 0.391598
1685 563.725573 563.802855 0.085772
1686 265.048783 264.973994 0.093861
1687 1067.419366 1067.397362 0.406171
1688 262.772694 262.804267 0.107878
1689 612.701670 612.768434 0.092341
1690 1890.354123 1890.115083 0.383923
1691 526.689057 526.695833 0.130804
1692 217.142937 217.134866 0.078224
1693 997.886619 997.616598 0.385232
1694 632.773167 632.862971 0.105202
1695 719.817881 719.902487 0.114400
1696 473.073067 473.123716 0.111690
1697 232.322832 232.325858 0.101510
1698 753.391635 753.362890 0.251372
1699 213.680057 213.672507 0.085344
1700 462.763641 462.868290 0.119997
1701 2085.789045 2085.417122 0.416431
1702 648.629526 648.543105 0.373502
1703 464.712138 464.742837 0.102626
1704 607.927005 607.944690 0.083865
1705 2598.473202 2598.926354 0.509130
1706 362.946197 362.715930 0.380077
1707 744.024510 743.894687 0.278771
1708 951.975186 952.004949 0.478511
1709 680.981079 680.915058 0.109453
1710 556.484129 556.389714 0.108959
1711 1398.301397 1398.620858 0.409410
1712 820.679192 820.768671 0.126669
1713 1134.284163 1134.236003 0.483703
1714 368.297921 368.276222 0.111156
1715 142.045539 142.076812 0.090972
1716 2120.491569 2120.579667 0.458349
1717 676.466535 676.432829 0.112541
1718 386.611310 386.562241 0.088448
1719 468.121675 468.099259 0.110513
1720 1098.746237 1098.410387 0.508966
1721 290.133439 290.144319 0.129346
1722 132.975246 132.973248 0.126315
1723 880.483265 880.125375 0.646015
1724 329.252774 329.257396 0.125844
1725 123.982043 124.081630 0.132958
1726 1687.668136 1687.671374 0.481084
1727 840.603428 840.639532 0.114163
1728 346.820415 346.764140 0.112319
1729 486.668589 486.784884 0.433840
1730 290.793363 290.826770 0.079582
1731 230.351175 230.437706 0.087609
1732 420.930699 420.865079 0.088603
1733 286.130520 286.095369 0.096606
1734 1005.634256 1005.649542 0.406265
1735 219.523944 219.560796 0.095973
1736 515.879879 515.949654 0.101332
1737 998.870243 998.507428 0.429144
1738 1573.162110 1573.035564 0.235933
1739 445.415400 445.386828 0.063460
1740 680.667073 680.719388 0.054864
1741 761.526658 761.613658 0.326214
1742 1009.638873 1009.946493 0.461749
1743 1978.939263 1979.070145 0.363683
1744 1654.109082 1653.775204 0.343974
1745 226.532044 226.563361 0.114703
1746 248.460845 248.441614 0.125910
1747 2809.383696 2809.616823 0.440888
1748 392.483194 392.417357 0.100289
1749 138.540854 138.593162 0.104042
1750 1180.433486 1180.322136 0.351343
1751 489.213537 489.243810 0.099394
1752 62.586155 62.654940 0.139978
1753 1232.941844 1232.579205 0.397726
1754 410.466353 410.498190 0.131412
1755 456.836748 456.871992 0.109605
1756 695.794022 696.074001 0.386623
1757 612.794965 612.808706 0.101238
1758 584.977002 584.958262 0.106390
1759 1770.950601 1770.719007 0.320268
1760 700.438154 700.484201 0.085780
1761 1287.501335 1287.560998 0.144952
1762 1624.818990 1624.914054 0.421899
1763 738.416319 738.407199 0.118096
1764 732.550851 732.547084 0.108523
1765 1551.347889 1551.129723 0.543810
1766 411.419348 411.462534 0.107197
1767 427.473232 427.400096 0.092396
1768 1323.158698 1323.380471 0.480377
1769 820.821171 820.807829 0.119622
1770 391.429156 391.337456 0.113469
1771 615.700896 615.291918 0.441775
1772 283.773215 283.767204 0.124006
1773 782.934184 782.966041 0.119362
1774 946.264744 946.582728 0.434330
1775 532.928848 532.834885 0.101672
1776 252.748726 252.666109 0.099542
1777 890.337284 890.478277 0.382657
1778 351.918669 351.978772 0.062844
1779 489.586064 489.624932 0.107315
1780 327.812214 327.758967 0.086809
1781 140.119470 140.176152 0.076152
1782 833.338799 833.407673 0.286321
1783 374.987148 374.951995 0.063960
1784 677.014303 676.974171 0.077988
1785 2709.554719 2709.711850 0.363381
1786 1456.277655 1455.905122 0.392615
1787 424.254133 424.231062 0.085796
1788 494.692729 494.754721 0.065654
1789 983.308151 983.588794 0.402925
1790 1424.660447 1424.479485 0.309035
1791 1013.140907 1013.019153 0.174145
1792 1329.624933 1329.958284 0.357983
1793 176.558467 176.595950 0.108607
1794 536.828235 536.911982 0.107576
1795 1407.488546 1407.262130 0.447281
1796 748.726981 748.707932 0.113226
1797 420.193551 420.205954 0.079191
1798 1308.044465 1308.336851 0.458915
1799 665.375882 665.305924 0.094800
1800 351.887537 351.866080 0.131238
1801 284.909405 284.313943 0.623134
1802 106.952365 107.087936 0.139837
1803 475.945010 475.988689 0.103559
1804 1332.511735 1332.400386 0.582956
1805 497.770640 497.730208 0.117404
1806 254.317463 254.304530 0.071973
1807 823.435390 823.432664 0.643376
1808 368.263931 368.356714 0.137557
1809 270.021401 269.997398 0.079689
1810 693.726837 693.407400 0.641276
1811 269.443832 269.500972 0.103407
1812 198.429810 198.409800 0.080056
1813 636.664284 637.061103 0.662197
1814 375.031981 375.035671 0.119873
1815 510.727665 510.754669 0.096283
1816 1542.094915 1541.628107 0.492062
1817 143.725309 143.692619 0.101060
1818 298.379419 298.349637 0.140249
1819 1862.250665 1862.739064 0.604418
1820 295.912534 295.875601 0.138957
1821 332.755656 332.758512 0.123706
1822 928.005018 927.732942 0.654082
1823 416.377915 416.256757 0.143520
1824 959.383299 959.469747 0.160596
1825 1686.438680 1686.779024 0.428758
1826 426.402408 426.321203 0.126197
1827 438.574631 438.459680 0.147589
1828 863.528486 863.476639 0.113421
1829 412.238095 412.191677 0.088926
1830 1218.501359 1218.615941 0.330209
1831 802.738941 802.640804 0.109164
1832 374.970492 374.913512 0.117140
1833 1195.528986 1195.941637 0.524615
1834 2801.605635 2801.292426 0.359069
1835 554.638498 554.681400 0.105397
1836 1032.986988 1033.048032 0.076277
1837 877.027655 876.702635 0.348667
1838 1832.498583 1832.857511 0.423241
1839 898.962820 898.891472 0.138129
1840 897.459551 897.444556 0.234675
1841 484.758149 484.817879 0.067856
1842 491.153631 491.160956 0.025340
1843 3454.409318 3454.326350 0.213229
1844 778.095876 778.057668 0.041774
1845 2375.281893 2375.287891 0.240952
1846 190.909724 190.845367 0.089996
1847 409.193257 409.198702 0.051069
1848 1284.865952 1284.844722 0.193568
1849 444.635289 444.611208 0.031832
1850 429.452506 429.482013 0.073112
1851 695.528420 695.493446 0.057878
1852 853.799930 854.045690 0.251406
1853 371.636569 371.629511 0.138313
1854 542.470191 542.409581 0.083842
1855 2495.496013 2495.666617 0.356127
1856 636.900865 636.835959 0.115061
1857 551.942635 551.910332 0.041868
1858 1751.395231 1751.791649 0.422345
1859 683.084773 683.045941 0.098451
1860 300.144464 300.181523 0.096477
1861 457.656414 457.625279 0.413529
1862 522.115082 521.971644 0.144360
1863 267.877228 267.966107 0.127904
1864 564.035472 563.903873 0.160433
1865 450.832202 450.867019 0.108948
1866 405.277506 405.383756 0.421490
1867 408.795866 408.784574 0.091302
1868 577.518134 577.575712 0.070355
1869 1578.564597 1578.287611 0.436447
1870 883.366948 883.013836 0.579625
1871 697.533732 697.554445 0.051212
1872 537.571398 537.682532 0.126187
1873 716.629111 716.653630 0.539128
1874 1001.766218 1001.751994 0.407863
1875 754.018290 754.138859 0.350502
1876 1944.844697 1944.996160 0.561454
1877 89.948594 90.008972 0.127240
1878 315.011402 314.943861 0.120010
1879 2375.028008 2374.663316 0.409187
1880 350.146767 350.265066 0.131895
1881 198.369954 198.330700 0.121504
1882 803.753350 803.770162 0.388466
1883 438.643434 438.606919 0.123520
1884 603.170353 603.281446 0.148999
1885 1544.852028 1544.707960 0.525012
1886 717.189681 717.155936 0.134393
1887 429.901100 429.812671 0.134372
1888 2003.692982 2003.700562 0.560426
1889 280.305648 280.430601 0.130758
1890 383.170086 383.265101 0.131317
1891 1456.518183 1457.067814 0.556459
1892 355.139509 355.090851 0.093760
1893 238.616176 238.586730 0.117112
1894 1794.660798 1794.279898 0.528381
1895 440.809657 440.901918 0.151373
1896 367.735869 367.706373 0.171059
1897 513.238337 513.769702 0.595059
1898 191.245559 191.353403 0.152646
1899 235.834134 235.868466 0.088477
1900 859.849044 859.500719 0.521213
1901 140.892756 140.940809 0.134731
1902 437.565009 437.506378 0.183961
1903 1539.985425 1540.395721 0.494274
1904 411.153789 411.022340 0.147111
1905 289.063174 289.054081 0.127626
1906 1539.268275 1538.820160 0.535697
1907 426.317146 426.311717 0.112950
1908 509.118024 509.239500 0.127172
1909 1072.237530 1072.693710 0.521450
1910 145.967152 145.989865 0.122302
1911 301.143666 301.023677 0.155402
1912 1329.631891 1329.170053 0.470113
1913 689.665706 689.741991 0.107847
1914 256.079119 256.092434 0.135267
1915 1325.082007 1325.445657 0.478720
1916 347.842098 347.759006 0.177023
1917 573.075708 573.012639 0.133166
1918 260.177120 260.516847 0.646430
1919 438.614933 438.587872 0.143791
1920 343.581517 343.727163 0.156075
1921 2427.787795 2427.256819 0.622504
1922 859.955882 860.091040 0.208119
1923 559.232744 559.342572 0.131267
1924 685.211505 684.902113 0.632235
1925 594.307391 594.376079 0.124937
1926 518.760357 518.766959 0.126873
1927 832.138071 832.191838 0.507564
1928 572.597177 572.595796 0.105798
1929 225.360972 225.365706 0.132962
1930 116.656187 116.693170 0.112912
1931 196.003790 195.974291 0.083528
1932 1435.805460 1435.779271 0.383170
1933 717.810272 717.729067 0.134805
1934 426.130608 426.124478 0.111395
1935 1893.029771 1893.069019 0.507675
1936 1878.100036 1878.276186 0.542796
1937 375.783884 375.783838 0.124165
1938 627.404002 627.291949 0.113640
1939 2169.345796 2169.151492 0.433149
1940 1187.953390 1187.991146 0.425899
1941 846.787172 847.073460 0.433230
1942 606.828701 606.641460 0.258456
1943 299.256506 299.357233 0.119128
1944 289.374580 289.427417 0.126618
1945 1310.753835 1310.385685 0.523769
1946 475.163377 475.276929 0.147557
1947 291.830064 291.846822 0.113712
1948 1602.192771 1602.099014 0.497608
1949 363.958700 364.003366 0.105626
1950 250.198642 250.250566 0.149149
1951 417.866389 418.189515 0.482905
1952 413.742478 413.804911 0.121792
1953 700.433302 700.548761 0.137410
1954 1309.060912 1308.754265 0.481925
1955 95.426726 95.370789 0.138189
1956 177.012760 177.054902 0.105660
1957 960.226776 960.497423 0.520565
1958 410.713874 410.646360 0.117487
1959 381.724723 381.741181 0.106382
1960 141.213470 141.365927 0.399893
1961 455.336055 455.255636 0.152490
1962 362.410010 362.425865 0.152239
1963 477.410854 477.232317 0.425515
1964 150.645724 150.648690 0.110106
1965 419.998781 419.976760 0.102835
1966 1404.790418 1404.461281 0.525488
1967 460.064457 460.003647 0.120477
1968 211.192223 211.056128 0.141086
1969 2392.049907 2392.369660 0.556113
1970 172.076702 171.987280 0.140030
1971 388.783194 388.799655 0.123282
1972 2105.443837 2105.721873 0.610232
1973 487.251681 487.276767 0.136347
1974 300.431330 300.417692 0.092177
1975 2222.292318 2222.172428 0.585991
1976 360.378010 360.424335 0.156318
1977 386.181239 386.064751 0.150026
1978 2403.629239 2403.890185 0.540439
1979 781.640776 781.553153 0.137572
1980 307.710488 307.664431 0.128609
1981 832.157607 832.211821 0.546594
1982 474.528816 474.441728 0.121069
1983 406.861936 406.966139 0.177814
1984 2599.133950 2598.463482 0.670531
1985 1204.092367 1204.213375 0.143039
1986 634.919373 634.896319 0.130834
1987 1764.713125 1765.164268 0.502141
1988 719.878557 719.748188 0.144873
1989 845.368079 845.393887 0.146392
1990 512.345786 512.706634 0.476063
1991 519.089821 519.148695 0.112399
1992 339.177692 339.071156 0.144869
1993 849.625024 849.268732 0.487886
1994 341.612705 341.705092 0.101528
1995 493.276430 493.229603 0.072701
1996 50.961057 50.906651 0.133483
1997 341.927650 342.016365 0.095811
1998 592.279393 592.381060 0.398307
1999 654.118214 653.995102 0.130595
2000 819.599061 819.520373 0.093554
2001 1132.135508 1132.225098 0.542259
2002 994.217033 994.692314 0.526075
2003 409.242873 409.302759 0.066882
2004 552.837409 552.921588 0.089612
2005 946.028839 946.018433 0.641487
2006 1979.250679 1978.656216 0.623820
2007 784.241656 784.315732 0.398270
2008 2712.087286 2712.444851 0.540988
2009 682.706015 682.626583 0.093761
2010 519.539637 519.437935 0.161644
2011 1979.496185 1979.386081 0.468161
2012 384.133516 384.152553 0.146845
2013 489.607528 489.555493 0.191309
2014 684.056626 683.736294 0.488732
2015 277.727560 277.723805 0.154867
2016 348.954636 348.921731 0.116508
2017 1228.248371 1228.531357 0.565913
2018 275.503604 275.420356 0.124560
2019 179.495679 179.491340 0.160395
2020 759.820513 759.541671 0.582106
2021 362.718538 362.805868 0.092341
2022 213.861298 213.744038 0.173373
2023 519.484126 519.924554 0.474031
2024 251.859010 251.748780 0.135657
2025 396.981317 397.059879 0.149207
2026 1343.119746 1342.834138 0.539970
2027 560.933890 560.945423 0.151663
2028 451.621466 451.554445 0.157767
2029 789.292506 789.531781 0.456847
2030 387.582335 387.569547 0.105443
2031 147.789485 147.748394 0.137603
2032 997.020016 996.824677 0.503229
2033 365.989889 366.051853 0.139885
2034 198.244193 198.144982 0.154841
2035 252.393935 252.245939 0.515952
2036 158.836265 158.840437 0.118735
2037 226.801190 226.838423 0.092826
2038 1017.466735 1017.878206 0.561474
2039 299.938957 299.852811 0.160508
2040 443.493003 443.530208 0.108230
2041 1061.942952 1061.583627 0.520980
2042 628.470706 628.535084 0.191858
2043 853.409528 853.425902 0.118593
2044 270.133663 270.069916 0.134113
2045 233.770407 233.711153 0.160829
2046 417.427533 417.774117 0.624091
2047 448.488779 448.623893 0.144951
2048 538.946719 538.966131 0.106159
2049 980.681950 980.451084 0.497098
2050 1686.242631 1686.290591 0.360161
2051 678.139066 678.161039 0.073774
2052 259.993379 260.070768 0.091569
2053 2554.573560 2554.367058 0.475162
2054 1091.358513 1091.587680 0.521081
2055 1543.025005 1542.859410 0.465142
2056 280.332196 280.277061 0.433804
2057 480.773550 480.671608 0.112059
2058 330.861452 330.798062 0.082125
2059 1486.639424 1486.993391 0.550894
2060 236.899209 236.837986 0.138659
2061 321.348839 321.462705 0.121113
2062 1693.678584 1693.702942 0.445126
2063 949.286815 949.269943 0.124276
2064 501.866955 501.930983 0.134689
2065 1060.054140 1059.910517 0.401892
2066 389.681366 389.755991 0.164154
2067 225.687293 225.579336 0.132785
2068 2736.415316 2736.087986 0.408957
2069 483.386479 483.492862 0.108543
2070 564.029048 564.068616 0.168205
2071 2787.467206 2787.538579 0.492749
2072 931.430840 931.476160 0.122442
2073 434.804676 434.834996 0.107281
2074 1712.203340 1712.070185 0.537253
2075 317.462230 317.447698 0.098098
2076 227.850669 227.805677 0.124329
2077 1878.232947 1878.356002 0.413317
2078 355.282641 355.219060 0.120466
2079 578.812853 578.862257 0.156120
2080 2040.305872 2040.174970 0.544057
2081 132.512078 132.403795 0.130793
2082 937.739265 937.752821 0.123270
2083 1264.352693 1264.499788 0.454781
2084 427.513453 427.527882 0.117047
2085 905.027371 904.925369 0.138409
2086 1347.531500 1348.003257 0.622569
2087 254.853531 254.820038 0.144815
2088 447.287627 447.202904 0.105104
2089 444.734352 445.179926 0.487817
2090 561.353342 561.347436 0.147644
2091 216.705875 216.667250 0.104944
2092 824.558124 824.161037 0.413366
2093 423.266851 423.259199 0.121706
2094 680.358020 680.399390 0.116843
2095 609.799981 609.368484 0.553513
2096 321.863699 321.890610 0.135823
2097 603.995886 604.097352 0.106517
2098 1219.478403 1219.847570 0.446051
2099 651.928872 651.842137 0.118084
2100 296.631926 296.773317 0.146728
2101 1161.671850 1161.255298 0.466042
2102 543.423847 543.500080 0.133083
2103 1158.494717 1158.539835 0.123750
2104 1345.923752 1345.784420 0.545571
2105 487.004209 486.958448 0.091043
2106 92.802659 92.713791 0.122150
2107 2347.233426 2347.366608 0.407401
2108 275.674187 275.615667 0.106018
2109 824.487660 824.442028 0.143239
2110 1078.959699 1078.989657 0.144831
2111 607.194459 607.291911 0.123532
2112 827.823789 827.559832 0.397758
2113 929.977162 930.033599 0.124598
2114 834.718289 834.678438 0.102074
2115 1262.421467 1262.419926 0.454981
2116 2234.668675 2234.792676 0.350611
2117 815.645188 815.601192 0.102362
2118 949.741076 949.783239 0.062694
2119 1833.277234 1833.007794 0.289490
2120 1318.235898 1318.498152 0.311990
2121 820.718640 820.480051 0.401423
2122 1383.422355 1383.631636 0.346121
2123 928.663534 928.672809 0.073992
2124 480.642867 480.687691 0.087976
2125 1534.189259 1533.881229 0.382482
2126 668.716035 668.793728 0.147818
2127 290.500954 290.511873 0.103904
2128 1628.334145 1628.147777 0.468197
2129 336.909637 336.896043 0.111712
2130 154.503213 154.417435 0.130558
2131 1590.510072 1590.826679 0.489522
2132 440.932362 440.906480 0.156489
2133 399.873343 399.837848 0.191451
2134 1430.028990 1429.792525 0.570036
2135 271.596109 271.602432 0.155544
2136 482.473285 482.377272 0.142503
2137 793.419366 793.505895 0.582431
2138 413.189344 413.169793 0.166361
2139 548.286234 548.154512 0.158471
2140 1286.653257 1287.175744 0.672943
2141 342.112298 342.032517 0.187434
2142 435.802239 435.742754 0.164807
2143 1081.128375 1081.016820 0.474414
2144 494.520741 494.500178 0.204170
2145 447.583983 447.711674 0.136683
2146 1239.083058 1239.180454 0.525345
2147 508.309032 508.263305 0.133565
2148 577.747411 577.730702 0.172779
2149 1321.113079 1321.073465 0.628239
2150 762.631517 762.550803 0.182398
2151 509.805656 509.870987 0.215839
2152 3027.809498 3027.646260 0.629312
2153 160.917642 160.945499 0.152332
2154 476.346645 476.490160 0.161073
2155 1430.266077 1429.987273 0.554910
2156 292.255402 292.117461 0.201788
2157 159.235864 159.345761 0.144920
2158 1206.603713 1206.880829 0.733818
2159 185.958609 185.831528 0.182756
2160 204.306965 204.320241 0.158598
2161 721.473952 720.882359 0.712247
2162 399.112223 399.280927 0.181956
2163 425.529088 425.429573 0.166279
2164 2236.119213 2236.459426 0.573595
2165 350.419877 350.368080 0.125756
2166 645.958410 645.934643 0.136430
2167 1227.074930 1227.034862 0.544513
2168 440.264092 440.390828 0.159819
2169 239.924942 240.014086 0.160336
2170 646.949785 646.533181 0.712206
2171 200.452098 200.404101 0.096289
2172 232.020304 231.994781 0.154832
2173 770.884362 770.571305 0.743010
2174 279.379876 279.499471 0.156195
2175 337.528242 337.637665 0.168892
2176 339.663697 339.645166 0.063307
2177 546.494179 546.547565 0.080587
2178 367.735814 367.519036 0.306388
2179 231.272463 231.213139 0.066963
2180 447.626128 447.680571 0.082923
2181 2974.588386 2974.374345 0.273102
2182 1984.189992 1984.406198 0.314450
2183 492.982007 492.940289 0.073992
2184 186.710997 186.619126 0.095104
2185 2505.476449 2505.892151 0.459154
2186 2327.938317 2327.586872 0.591604
2187 643.425177 643.109973 0.319476
2188 771.143720 771.050884 0.469093
2189 615.719151 615.697306 0.086906
2190 387.596572 387.615734 0.081452
2191 3193.214819 3193.175834 0.421789
2192 620.634950 620.725819 0.092015
2193 1126.888073 1126.880666 0.416959
2194 461.985607 461.894723 0.129261
2195 566.922683 567.001655 0.097586
2196 1022.469579 1022.220090 0.579663
2197 716.687654 716.616260 0.121009
2198 592.539197 592.565511 0.135124
2199 121.435512 121.498167 0.128553
2200 858.650323 858.742922 0.431302
2201 428.357310 428.460743 0.175573
2202 655.341044 655.418944 0.109341
2203 1587.718350 1587.423167 0.584440
2204 722.901196 722.836274 0.169156
2205 263.020187 262.967702 0.141807
2206 1698.668298 1698.611110 0.687331
2207 399.015322 399.072431 0.181371
2208 473.332588 473.357416 0.176123
2209 1053.872772 1054.358940 0.787495
2210 178.635299 178.591900 0.180934
2211 398.740460 398.611610 0.150653
2212 179.190449 179.089587 0.121102
2213 280.442268 280.452133 0.058514
2214 1856.319106 1856.393442 0.232749
2215 323.008718 323.037230 0.044509
2216 279.796448 279.774833 0.026355
2217 2243.433943 2243.716039 0.385766
2218 1028.465129 1028.392535 0.289430
2219 808.146049 808.189749 0.063999
2220 1183.471902 1183.429710 0.070144
2221 1313.830003 1313.865479 0.369518
2222 1235.558732 1235.561807 0.327117
2223 1836.799306 1836.832212 0.248732
2224 1376.208614 1376.187572 0.169428
2225 336.359529 336.340138 0.064848
2226 383.486280 383.439383 0.055248
2227 1521.383604 1521.578463 0.201636
2228 318.002103 318.003475 0.066614
2229 1131.563512 1131.468819 0.340009
2230 332.387508 332.424849 0.093219
2231 607.958503 607.886460 0.075905
2232 954.940597 954.791431 0.223617
2233 384.486719 384.499341 0.078740
2234 507.281327 507.309540 0.032768
2235 248.535213 248.580733 0.083036
2236 1602.936172 1602.659742 0.283673
2237 443.028468 443.064019 0.052165
2238 71.456257 71.470947 0.055854
2239 454.803251 454.479807 0.369796
2240 501.183721 501.168746 0.067691
2241 567.904547 567.982407 0.082099
2242 1072.661589 1072.490594 0.297748
2243 711.550918 711.507431 0.096535
2244 630.140710 630.202544 0.084210
2245 558.236642 558.456637 0.346638
2246 598.213478 598.264150 0.050674
2247 302.281246 302.259729 0.077997
2248 587.607283 587.551946 0.076254
2249 271.270885 271.255092 0.070346
2250 1507.103061 1506.895918 0.244374
2251 499.595024 499.563957 0.059672
2252 102.031617 102.013622 0.054215
2253 3848.259082 3848.170967 0.401294
2254 1533.492575 1533.170608 0.392226
2255 549.404034 549.442175 0.079991
2256 624.927311 625.007934 0.089070
2257 798.474953 798.538315 0.402404
2258 979.401292 979.464774 0.346702
2259 936.422850 936.168375 0.333533
2260 704.153338 704.439562 0.438065
2261 337.601019 337.513615 0.095643
2262 330.080922 330.110731 0.104567
2263 1122.833399 1122.914488 0.512078
2264 251.704534 251.804072 0.124027
2265 1632.570603 1632.349693 0.525872
2266 484.810308 484.925671 0.163830
2267 559.177754 559.213289 0.159331
2268 1542.446157 1542.505915 0.602999
2269 643.078355 642.984217 0.116712
2270 664.592407 664.656015 0.079072
2271 259.078809 259.030330 0.124942
2272 914.036334 914.472466 0.466237
2273 755.017191 754.910642 0.127109
2274 170.153536 170.048024 0.124383
2275 1671.300069 1671.064247 0.555964
2276 769.524217 769.566550 0.134148
2277 206.176622 206.072779 0.115297
2278 948.054280 948.561357 0.639847
2279 314.981105 315.061026 0.135841
2280 175.921313 175.987107 0.151072
2281 540.686963 540.365920 0.572146
2282 185.967395 185.911458 0.141238
2283 99.027659 99.114447 0.167745
2284 174.038939 174.025899 0.133669
2285 343.875492 343.926860 0.069587
2286 1264.326287 1263.969968 0.380468
2287 570.985574 570.974131 0.087338
2288 668.060109 668.048338 0.105502
2289 2842.763268 2843.023319 0.277256
2290 1980.502825 1980.403232 0.611912
2291 659.179848 659.145542 0.054669
2292 1129.295648 1129.244820 0.052969
2293 3915.415545 3915.303252 0.253545
2294 2068.183316 2068.330840 0.373777
2295 1533.036028 1533.175449 0.149874
2296 1859.009930 1858.967120 0.223721
2297 608.791392 608.840584 0.065865
2298 717.617262 717.596094 0.112780
2299 575.751315 575.554419 0.205076
2300 253.454907 253.446357 0.085722
2301 472.770050 472.765884 0.012020
2302 685.660112 685.575477 0.208329
2303 209.798315 209.799149 0.055611
2304 397.404064 397.414292 0.035051
2305 583.219787 583.223778 0.094226
2306 344.281250 344.279306 0.024038
2307 232.249021 232.254562 0.065124
2308 2843.702241 2843.734565 0.151809
2309 503.931334 503.959843 0.041584
2310 270.320473 270.303583 0.105468
2311 2246.962962 2246.774306 0.192082
2312 203.492119 203.420877 0.085699
2313 247.034597 247.042565 0.071591
2314 413.955456 413.999325 0.340722
2315 103.424869 103.295976 0.179511
2316 371.312302 371.274462 0.037875
2317 1025.256225 1025.513202 0.302437
2318 97.468471 97.511050 0.078815
2319 118.301737 118.208657 0.097572
2320 1427.900191 1427.728301 0.276787
2321 684.883251 684.897326 0.059408
2322 622.495592 622.448112 0.089148
2323 1833.686709 1833.973241 0.343631
2324 616.351862 616.302891 0.059268
2325 117.818849 117.734661 0.127315
2326 801.712584 801.620072 0.332327
2327 148.959910 148.962841 0.112563
2328 921.083045 921.079004 0.079387
2329 981.558690 981.298510 0.376221
2330 300.529358 300.475846 0.079399
2331 410.487337 410.433372 0.117708
2332 433.182253 433.138266 0.086823
2333 635.690480 635.659371 0.101532
2334 2288.974063 2289.424086 0.465752
2335 676.746884 676.653337 0.151180
2336 506.120182 506.225209 0.105428
2337 2904.097212 2903.689041 0.478638
2338 1860.602533 1861.036598 0.497746
2339 445.681740 445.598719 0.128403
2340 390.778417 390.842804 0.157829
2341 2846.499656 2846.436795 0.529921
2342 1459.194261 1459.288936 0.423101
2343 3400.851932 3400.635605 0.406871
2344 2246.926412 2246.754028 0.433593
2345 452.601515 452.667986 0.105696
2346 183.070340 183.161718 0.105107
2347 1412.297098 1412.168963 0.297892
2348 616.744109 616.761791 0.040466
2349 1341.565927 1341.498412 0.211574
2350 49.500011 49.492823 0.087049
2351 456.585245 456.569111 0.094836
2352 1186.155672 1186.128896 0.226375
2353 503.980590 503.946221 0.043184
2354 109.131046 109.121222 0.076282
2355 381.520435 381.496165 0.037202
2356 1610.088549 1610.335005 0.305739
2357 316.990850 317.011588 0.058447
2358 526.041609 526.003059 0.084958
2359 738.472313 738.427873 0.331513
2360 503.271611 503.300495 0.040222
2361 533.622284 533.612195 0.052589
2362 772.158282 772.477672 0.341916
2363 658.004428 658.000784 0.030905
2364 227.089462 227.085397 0.041186
2365 1139.756579 1140.190265 0.436786
2366 97.399060 97.295618 0.106856
2367 403.159262 403.124338 0.060236
2368 547.130186 547.130908 0.153577
2369 440.134969 440.289471 0.158807
2370 936.625102 936.276579 0.418353
2371 556.367483 556.304206 0.138570
2372 529.210017 529.099989 0.120802
2373 1193.291676 1193.607964 0.496894
2374 1606.477552 1606.532712 0.478219
2375 1060.981166 1060.961592 0.107772
2376 301.627706 301.632039 0.140569
2377 2878.558108 2878.080607 0.626817
2378 1165.251010 1165.608632 0.378738
2379 1848.057099 1848.129569 0.353436
2380 1249.619404 1249.320988 0.373638
2381 486.513251 486.517529 0.103042
2382 546.123541 546.216384 0.156965
2383 2201.686584 2201.920261 0.430119
2384 404.397237 404.516411 0.120208
2385 953.017439 952.923599 0.486856
2386 105.827523 105.770449 0.107588
2387 383.997050 383.872363 0.164731
2388 1309.569770 1309.885879 0.555727
2389 474.111671 474.032196 0.112670
2390 311.480330 311.359819 0.162362
2391 590.495048 590.624327 0.129505
2392 2598.021901 2597.884378 0.369383
2393 532.618413 532.541760 0.099951
2394 654.562779 654.541952 0.194501
2395 577.466270 577.503293 0.363325
2396 245.626899 245.680151 0.157091
2397 390.716974 390.659398 0.175691
2398 1861.943301 1861.865713 0.478406
2399 402.019644 402.111358 0.130420
2400 760.841719 760.894116 0.107955
2401 1099.724201 1099.353866 0.496481
2402 499.874846 499.958155 0.110370
2403 406.606151 406.668691 0.092133
2404 267.861559 267.897260 0.100927
2405 604.214057 604.172309 0.119072
2406 1515.009606 1514.809438 0.436466
2407 311.954715 312.014407 0.106006
2408 274.081885 273.983692 0.112421
2409 4642.174719 4642.269402 0.593700
2410 2435.397322 2435.060457 0.605293
2411 524.556653 524.535930 0.099816
2412 1297.908336 1297.921476 0.149701
2413 2436.865176 2437.245316 0.417533
2414 1851.397708 1851.058143 0.366684
2415 372.597567 372.736045 0.436114
2416 929.208074 929.223002 0.390809
2417 85.794587 85.651490 0.148070
2418 300.755411 300.721288 0.130187
2419 2019.947453 2019.944718 0.625158
2420 684.430931 684.390520 0.122582
2421 312.273321 312.253253 0.139013
2422 2565.718242 2566.255296 0.575094
2423 193.112817 193.087448 0.158666
2424 586.854060 586.731759 0.134922
2425 3339.086694 3338.781624 0.507173
2426 860.912889 860.954182 0.116612
2427 654.587101 654.584011 0.097906
2428 1206.441560 1206.760004 0.477632
2429 762.863909 762.859712 0.067469
2430 263.963298 263.891130 0.143247
2431 1081.589944 1081.125177 0.479957
2432 133.082287 133.114153 0.087132
2433 558.409288 558.477157 0.108710
2434 1577.625995 1577.951069 0.463463
2435 382.089467 382.113130 0.081376
2436 250.050915 249.997632 0.119408
2437 1570.661343 1570.720697 0.396141
2438 294.737300 294.786103 0.068741
2439 299.669807 299.659945 0.132831
2440 1908.924163 1908.987180 0.293938
2441 328.667011 328.525475 0.171633
2442 478.787741 478.813871 0.103378
2443 2368.970921 2369.432369 0.583688
2444 559.932176 559.958971 0.096121
2445 639.445774 639.357504 0.091858
2446 1770.542766 1770.582590 0.517910
2447 652.636919 652.693757 0.107618
2448 630.845518 630.743100 0.129671
2449 2244.991547 2244.357560 0.690833
2450 298.423138 298.550753 0.140184
2451 580.345059 580.493399 0.148855
2452 1243.902024 1243.975590 0.675936
2453 170.799489 170.772564 0.172991
2454 388.577845 388.657054 0.141882
2455 1130.810419 1131.145573 0.618750
2456 519.160499 519.042465 0.156672
2457 443.115672 443.172896 0.134063
2458 557.362124 557.549093 0.575561
2459 307.789891 307.829414 0.240205
2460 674.127361 673.992244 0.141095
2461 740.598676 740.892618 0.593195
2462 329.844418 329.745373 0.163880
2463 244.066877 243.989719 0.157533
2464 1056.653853 1056.995485 0.664918
2465 381.303196 381.425112 0.168023
2466 345.916375 345.951885 0.207849
2467 1811.177948 1810.769300 0.419421
2468 148.519038 148.573554 0.111406
2469 547.453469 547.578120 0.130661
2470 427.755472 427.798679 0.132704
2471 297.090470 297.194722 0.121658
2472 1348.719768 1348.552925 0.436495
2473 380.746603 380.747520 0.129482
2474 310.161377 310.228392 0.092392
2475 1381.177433 1381.703037 0.660883
2476 2636.516700 2636.151519 0.533643
2477 1283.620099 1283.699983 0.163813
2478 190.678796 190.730259 0.115921
2479 1412.670210 1412.495473 0.504556
2480 348.077589 348.489180 0.689303
2481 1162.928615 1162.804436 0.391745
2482 1554.086370 1553.716103 0.491624
2483 385.173507 385.243678 0.138679
2484 585.718084 585.843865 0.166457
2485 1963.191042 1963.017883 0.613171
2486 477.242206 477.359951 0.122732
2487 940.242526 939.722187 0.627968
2488 202.352725 202.316201 0.156929
2489 606.186149 606.284490 0.160501
2490 1996.733214 1997.282731 0.552695
2491 476.403690 476.320403 0.142465
2492 421.674360 421.640857 0.077841
2493 573.086466 572.969652 0.143522
2494 2367.359469 2367.670001 0.565180
2495 989.301081 989.205686 0.134909
2496 392.484027 392.431847 0.166350
2497 976.937453 976.435105 0.564356
2498 755.502439 755.547484 0.098972
2499 641.018922 641.008119 0.131021
2500 1674.136499 1674.222017 0.463294
2501 596.325019 596.336554 0.131432
2502 893.463576 893.414745 0.134672
2503 1161.141519 1161.040113 0.485622
2504 171.363919 171.349902 0.108442
2505 202.449321 202.553980 0.161493
2506 190.922713 190.912115 0.126629
2507 130.260208 130.328574 0.081059
2508 1123.275870 1123.233174 0.240706
2509 302.183968 302.090168 0.108707
2510 240.286436 240.281378 0.043361
2511 969.331650 969.183459 0.457373
2512 1019.755357 1019.449167 0.492195
2513 342.238335 342.182203 0.101004
2514 377.468110 377.517241 0.106496
2515 2575.264159 2575.433677 0.193947
2516 267.703727 267.521844 0.200876
2517 797.091266 797.038993 0.127465
2518 447.739023 447.831917 0.096039
2519 389.092998 389.065573 0.047524
2520 247.661968 247.648981 0.056556
2521 2179.391234 2179.409287 0.130833
2522 408.311049 408.307348 0.019426
2523 441.620221 441.587238 0.044835
2524 1460.106419 1460.336631 0.231610
2525 356.212604 356.250921 0.061523
2526 223.270396 223.341803 0.079555
2527 2488.661640 2488.352953 0.392276
2528 522.725092 522.814540 0.096141
2529 188.993021 188.950764 0.081882
2530 1936.830305 1936.792203 0.235091
2531 720.401481 720.338710 0.086320
2532 410.114971 410.157839 0.104292
2533 2287.194846 2287.440940 0.332193
2534 1012.245443 1012.179611 0.076426
2535 387.394539 387.399493 0.076002
2536 1772.028733 1771.936940 0.425615
2537 367.153014 367.128637 0.107480
2538 559.637105 559.702866 0.095782
2539 827.512460 827.709362 0.380231
2540 135.434518 135.365043 0.079066
2541 254.257406 254.277038 0.077036
2542 2902.573112 2902.618074 0.437984
2543 764.543328 764.504952 0.123865
2544 1120.586492 1120.572828 0.097193
2545 1959.287197 1959.537356 0.395974
2546 359.540287 359.435285 0.107548
2547 610.015578 609.993615 0.091919
2548 1936.423803 1935.924973 0.579070
2549 300.682470 300.641125 0.111984
2550 241.481827 241.580626 0.110927
2551 2579.913285 2580.269548 0.559758
2552 410.968659 411.020993 0.145439
2553 886.229347 886.230965 0.129690
2554 1093.461809 1093.174976 0.579901
2555 554.822491 554.732640 0.092756
2556 307.918253 307.819212 0.115204
2557 2096.234740 2096.126090 0.661616
2558 429.717615 429.745078 0.136776
2559 246.482263 246.508762 0.134964
2560 1662.077882 1661.912483 0.587395
2561 569.521615 569.569295 0.100151
2562 629.779754 629.753066 0.123830
2563 1146.186041 1146.427035 0.354355
2564 374.321284 374.273862 0.125587
2565 321.923015 321.879576 0.189361
2566 987.006867 986.789987 0.230248
2567 358.903445 358.967892 0.120287
2568 466.684583 466.758680 0.091401
2569 782.689351 782.765775 0.449645
2570 112.028990 112.089950 0.104784
2571 277.034522 276.946060 0.092746
2572 437.033385 437.028184 0.103141
2573 439.852578 439.897226 0.118111
2574 1232.132055 1232.064318 0.335743
2575 277.264775 277.281336 0.063695
2576 341.447166 341.520328 0.094483
2577 2491.736543 2491.311124 0.438195
2578 1978.682666 1978.762198 0.199376
2579 843.857577 843.880291 0.043523
2580 432.733069 432.731531 0.049058
2581 1965.686850 1966.033536 0.573055
2582 541.615130 541.771788 0.485777
2583 2406.833033 2406.416222 0.493281
2584 969.741459 970.087484 0.536028
2585 490.794209 490.654676 0.140060
2586 361.747289 361.755127 0.125577
2587 1823.550147 1823.722530 0.540804
2588 609.515832 609.437193 0.118015
2589 1049.046795 1049.375924 0.567499
2590 895.914472 895.933816 0.163371
2591 553.984581 553.911071 0.146116
2592 633.935904 633.979076 0.588134
2593 493.218684 493.223732 0.138385
2594 420.571242 420.692433 0.136840
2595 220.616404 220.660710 0.132476
2596 3213.206610 3212.716085 0.668051
2597 604.262796 604.387379 0.133705
2598 493.111176 493.152869 0.128059
2599 1669.414711 1669.668467 0.572992
2600 451.886439 451.790262 0.170930
2601 143.527062 143.529769 0.160347
2602 814.157632 814.041126 0.620396
2603 402.346187 402.444541 0.173144
2604 439.384800 439.374537 0.153710
2605 860.153020 859.735970 0.699285
2606 319.774586 319.878490 0.144835
2607 315.674298 315.783452 0.146046
2608 333.944795 334.051838 0.141083
2609 279.719138 279.693023 0.047498
2610 1293.629653 1293.390916 0.252147
2611 290.843615 290.841660 0.014717
2612 310.777793 310.756746 0.061891
2613 3689.115031 3689.036360 0.090386
2614 2590.702429 2590.505004 0.250813
2615 264.748494 264.706369 0.071471
2616 1155.592260 1155.596014 0.086068
2617 1794.331321 1794.161686 0.248190
2618 355.007713 354.867554 0.295916
2619 646.421552 646.516586 0.315537
2620 554.863643 554.838752 0.450071
2621 203.567242 203.666187 0.124753
2622 427.185540 427.171647 0.074258
2623 1544.068827 1543.554350 0.522368
2624 271.417392 271.367177 0.111226
2625 985.351403 985.463127 0.131510
2626 1520.925367 1521.287753 0.495466
2627 638.854057 638.782847 0.125527
2628 465.337370 465.311750 0.124287
2629 1165.359398 1165.029973 0.542435
2630 296.546336 296.694571 0.148860
2631 311.357247 311.440562 0.149047
2632 1570.351686 1570.292678 0.596508
2633 368.372705 368.316575 0.164645
2634 739.234380 739.298670 0.140094
2635 1530.176891 1530.775932 0.680530
2636 711.440544 711.336922 0.154900
2637 436.108489 436.198491 0.155034
2638 106.995748 106.605875 0.697974
2639 591.321176 591.321278 0.157682
2640 130.654321 130.670878 0.197322
2641 1331.923264 1331.331057 0.660513
2642 243.525585 243.424524 0.145414
2643 864.179694 864.334280 0.177234
2644 1754.859893 1754.931918 0.667485
2645 399.504886 399.500897 0.149986
2646 518.561738 518.480571 0.159453
2647 1361.253302 1361.628272 0.558725
2648 573.623172 573.602176 0.132762
2649 606.027737 605.934315 0.133568
2650 1058.355293 1058.878608 0.616526
2651 351.233832 351.193996 0.153542
2652 485.880934 485.773258 0.136423
2653 977.227586 977.115013 0.575782
2654 267.289072 267.267899 0.121542
2655 110.466083 110.448305 0.130292
2656 2318.840744 2318.564648 0.642086
2657 107.550521 107.664650 0.139576
2658 425.151387 425.214763 0.130980
2659 1923.534070 1923.213209 0.615331
2660 366.751717 366.808366 0.123289
2661 200.245407 200.294997 0.130105
2662 2299.838134 2300.213799 0.424812
2663 516.478431 516.457227 0.062182
2664 333.706279 333.612968 0.104167
2665 1650.401839 1650.409097 0.350965
2666 1314.228225 1314.236790 0.112658
2667 1130.538466 1130.554339 0.075843
2668 1977.891159 1977.746079 0.178608
2669 520.348155 520.416148 0.078832
2670 740.256109 740.228062 0.045323
2671 591.441427 591.254190 0.250117
2672 545.311306 545.300234 0.073130
2673 437.546781 437.590231 0.061324
2674 545.279991 545.259381 0.020654
2675 528.620066 528.602768 0.035175
2676 343.605685 343.410517 0.241074
2677 660.774167 660.745013 0.049895
2678 401.468593 401.475675 0.028265
2679 3531.423638 3531.251088 0.225679
2680 1166.824286 1167.129334 0.357823
2681 1692.353467 1692.398799 0.074966
2682 582.656911 582.699859 0.050157
2683 2013.316979 2013.216349 0.317437
2684 1149.283517 1149.428358 0.189580
2685 846.670300 846.670342 0.042685
2686 1438.285939 1438.336190 0.339727
2687 125.813251 125.823432 0.050526
2688 419.499992 419.491884 0.014400
2689 2187.971297 2187.790243 0.325386
2690 197.747619 197.819343 0.107953
2691 1337.205947 1337.273794 0.411588
2692 673.361847 673.294724 0.105634
2693 984.867326 984.842897 0.091435
2694 1458.514239 1458.988409 0.520116
2695 512.647212 512.496633 0.152321
2696 430.292169 430.328977 0.111446
2697 298.023574 298.146126 0.148405
2698 2635.332338 2635.279117 0.337343
2699 487.727348 487.710999 0.067083
2700 242.571833 242.482268 0.116813
2701 1171.814274 1171.867206 0.224321
2702 587.321678 587.311956 0.023547
2703 516.452988 516.429135 0.078408
2704 677.008235 677.282974 0.424516
2705 618.833876 618.814669 0.081454
2706 559.866390 559.832406 0.121194
2707 1777.985710 1777.820102 0.386164
2708 879.341037 879.320408 0.094302
2709 657.219366 657.218152 0.051606
2710 826.574777 826.606372 0.110244
2711 435.257215 435.274751 0.056201
2712 1244.404639 1244.521995 0.263699
2713 461.925399 461.947129 0.032795
2714 644.739475 644.714261 0.074432
2715 2372.608161 2372.402492 0.419777
2716 1494.749162 1494.694117 0.303059
2717 107.167631 107.139527 0.045837
2718 346.730442 346.824022 0.101327
2719 2412.696287 2412.619795 0.485759
2720 1531.750560 1531.465128 0.450791
2721 1619.725896 1620.030654 0.331307
2722 1021.685298 1021.666764 0.661571
2723 382.289438 382.259267 0.128702
2724 408.949684 408.834884 0.126084
2725 1033.476139 1033.082655 0.592017
2726 435.896022 436.010313 0.130224
2727 929.136339 929.211934 0.128020
2728 1899.718188 1899.967717 0.459696
2729 265.118755 265.030831 0.123667
2730 162.185997 162.148760 0.129528
2731 1843.986855 1843.450709 0.574219
2732 232.949045 233.036512 0.122720
2733 384.553573 384.548646 0.113771
2734 2237.255382 2237.662242 0.439217
2735 1170.327628 1170.243852 0.106681
2736 711.626563 711.541949 0.104243
2737 554.792770 554.527526 0.490697
2738 389.564412 389.620380 0.113775
2739 333.486295 333.483573 0.132615
2740 549.595895 549.644590 0.516835
2741 308.385225 308.351920 0.116274
2742 259.214320 259.233659 0.125991
2743 1913.888484 1913.522873 0.478633
2744 608.690574 608.798000 0.146572
2745 64.727776 64.752143 0.168150
2746 1517.234599 1517.764539 0.603094
2747 605.985778 606.032409 0.114129
2748 450.425664 450.299076 0.141889
2749 997.668474 997.367681 0.545887
2750 176.682798 176.684765 0.145838
2751 371.461030 371.430321 0.141386
2752 1994.267552 1994.431170 0.566241
2753 442.878194 442.880637 0.114411
2754 81.511765 81.476625 0.137722
2755 437.668373 437.686609 0.549615
2756 331.076975 330.946873 0.131845
2757 470.823245 470.841723 0.139395
2758 346.723522 346.621295 0.131936
2759 467.511706 467.444331 0.118824
2760 2225.385309 2225.096149 0.372469
2761 136.709627 136.668064 0.141880
2762 752.216633 752.256192 0.121798
2763 4493.406579 4493.737821 0.348776
2764 3588.157467 3588.047729 0.289959
2765 814.068744 813.976968 0.105628
2766 500.342039 500.356719 0.056189
2767 1747.460620 1747.143766 0.395969
2768 1164.345251 1164.435776 0.287207
2769 1540.708423 1540.917694 0.329274
2770 1249.092741 1248.690536 0.429114
2771 155.972900 155.975808 0.064998
2772 233.590214 233.539660 0.071880
2773 2236.748019 2237.059481 0.375044
2774 634.268696 634.219611 0.112492
2775 2075.566014 2075.497898 0.322816
2776 486.772479 486.751729 0.111718
2777 552.441866 552.441452 0.127598
2778 1846.895975 1847.061904 0.319362
2779 212.629115 212.630907 0.058830
2780 317.314265 317.271931 0.101598
2781 778.311762 778.281711 0.085657
2782 884.067175 883.782475 0.394691
2783 789.114596 789.191158 0.152406
2784 502.301694 502.197183 0.108503
2785 1196.148013 1195.744513 0.446997
2786 121.958935 122.079278 0.132385
2787 170.421292 170.293332 0.142234
2788 3205.995248 3206.650732 0.729930
2789 875.002711 874.886696 0.120147
2790 583.660973 583.519754 0.141887
2791 1276.280755 1275.833109 0.609613
2792 143.736124 143.765824 0.139070
2793 545.596644 545.742894 0.152855
2794 499.915866 499.942839 0.127653
2795 670.954844 670.987174 0.048657
2796 1337.214325 1337.098022 0.149679
2797 623.130349 623.121072 0.077673
2798 805.724436 805.739018 0.076520
2799 2874.788528 2874.565408 0.371648
2800 755.776038 755.703357 0.278625
2801 573.721563 573.647535 0.091569
2802 1117.587901 1117.565614 0.067869
2803 2670.893525 2671.076259 0.279762
2804 339.718620 339.727817 0.354818
2805 1864.641169 1864.576582 0.186389
2806 1726.464003 1726.854230 0.535323
2807 138.267082 138.378399 0.129533
2808 192.801733 192.681718 0.132150
2809 2098.919962 2099.160961 0.606631
2810 702.772506 702.829573 0.157317
2811 1133.415822 1133.715722 0.567404
2812 366.878421 366.795674 0.121941
2813 105.826526 105.861536 0.132322
2814 2819.939945 2819.595545 0.485601
2815 1076.775447 1076.824711 0.119199
2816 826.415671 826.501864 0.105775
2817 200.908735 200.849573 0.115890
2818 2013.874800 2013.725814 0.295249
2819 113.721249 113.828900 0.110389
2820 368.924171 368.891315 0.042707
2821 1557.288371 1557.429246 0.288859
2822 611.382961 611.292968 0.096239
2823 524.590868 524.564293 0.073162
2824 1178.335561 1178.129360 0.228488
2825 239.026121 239.052675 0.068126
2826 683.473398 683.486994 0.050192
2827 394.790492 394.671876 0.305768
2828 391.734135 391.782286 0.067577
2829 334.178237 334.222629 0.055354
2830 561.264089 561.262253 0.002112
2831 258.345839 258.375409 0.066088
2832 1762.380109 1762.444701 0.132061
2833 299.548606 299.529450 0.033149
2834 548.454625 548.464759 0.060979
2835 774.918547 774.944207 0.147695
2836 3205.584664 3205.722736 0.140936
2837 941.274654 941.236853 0.049473
2838 237.685207 237.662525 0.039575
2839 2364.919672 2364.997012 0.208735
2840 2467.889828 2467.930117 0.126855
2841 173.527333 173.637200 0.281302
2842 1636.828380 1636.593786 0.332467
2843 217.257261 217.335203 0.096707
2844 530.550081 530.634819 0.085855
2845 1851.100857 1851.085233 0.399821
2846 675.450107 675.403970 0.134312
2847 380.464783 380.407959 0.112295
2848 772.123557 772.355776 0.460957
2849 797.282281 797.159157 0.143539
2850 442.594720 442.537575 0.121819
2851 1782.550498 1782.769360 0.480161
2852 425.241387 425.249947 0.128050
2853 387.611067 387.598331 0.124139
2854 1930.831083 1930.837932 0.521764
2855 190.397595 190.385934 0.118438
2856 521.074928 521.045551 0.093750
2857 988.045787 987.854330 0.601718
2858 309.905632 309.905883 0.146315
2859 314.733762 314.820301 0.147604
2860 1345.248722 1345.093862 0.628622
2861 470.607186 470.653282 0.122532
2862 416.283190 416.336596 0.164073
2863 1584.470778 1584.407964 0.649408
2864 328.780690 328.748721 0.139843
2865 745.068286 745.112825 0.112780
2866 1510.609947 1510.377730 0.633863
2867 610.422302 610.524810 0.139919
2868 393.482205 393.574443 0.149741
2869 975.049170 974.718388 0.602897
2870 280.206389 280.179615 0.162014
2871 472.728434 472.715932 0.135373
2872 1179.740739 1180.333302 0.604559
2873 190.135033 190.004136 0.169875
2874 713.273839 713.159332 0.156177
2875 664.830760 664.406023 0.659617
2876 246.348569 246.409180 0.129060
2877 256.728716 256.694358 0.182955
2878 1207.472867 1207.965999 0.495768
2879 331.936129 331.844658 0.152789
2880 383.165344 383.043885 0.124672
2881 1339.912017 1339.666493 0.417622
2882 435.009970 435.039388 0.127563
2883 455.614298 455.705007 0.100092
2884 671.037093 670.694370 0.381043
2885 732.882511 732.989129 0.113217
2886 253.373740 253.279728 0.132815
2887 790.022430 790.108898 0.326293
2888 274.599130 274.647816 0.084929
2889 141.483422 141.497024 0.092477
2890 847.124814 847.150271 0.159617
2891 244.378229 244.420974 0.054550
2892 411.102997 411.075489 0.045422
2893 949.093962 949.182341 0.166116
2894 673.202831 673.185264 0.042351
2895 343.023170 343.067708 0.050511
2896 631.291053 631.285574 0.056859
2897 248.987644 248.872432 0.139020
2898 1624.228394 1624.497448 0.380281
2899 418.643207 418.706981 0.075852
2900 399.984388 399.930083 0.085982
2901 3462.509539 3462.197323 0.344370
2902 2164.151712 2164.270024 0.198224
2903 393.955124 393.900536 0.055878
2904 471.063982 471.046887 0.060676
2905 2103.200909 2103.013253 0.376778
2906 1880.963233 1880.969332 0.326749
2907 1982.647746 1982.566896 0.359252
2908 1459.154638 1459.422734 0.489082
2909 187.724407 187.665347 0.122678
2910 491.584056 491.600632 0.109700
2911 836.420811 836.208968 0.527137
2912 451.227436 451.186648 0.153191
2913 1327.114831 1327.191163 0.572056
2914 457.398190 457.341634 0.184010
2915 858.584741 858.487293 0.168205
2916 924.241220 924.514746 0.677719
2917 160.589046 160.485115 0.197705
2918 439.885582 439.853948 0.162368
2919 456.396645 456.539935 0.166448
2920 1332.841736 1333.031022 0.522200
2921 407.887036 407.860537 0.124196
2922 120.884408 120.954911 0.092775
2923 1759.757572 1759.550563 0.378597
2924 600.236164 600.290086 0.093042
2925 417.141481 417.188865 0.127939
2926 739.833757 740.227973 0.402813
2927 434.311578 434.243543 0.102669
2928 196.412656 196.362916 0.122440
2929 1212.229130 1212.129485 0.374244
2930 345.544005 345.574182 0.042670
2931 545.074456 545.058193 0.111442
2932 380.908963 380.966141 0.063905
2933 297.505468 297.445824 0.129304
2934 1135.938351 1135.979450 0.390789
2935 387.245841 387.287838 0.088021
2936 695.922828 695.818749 0.128661
2937 789.144698 789.334390 0.197735
2938 1869.907644 1869.825626 0.091321
2939 530.864266 530.899657 0.060410
2940 374.370987 374.353538 0.032735
2941 1398.566533 1398.665669 0.288109
2942 707.140725 707.303899 0.190827
2943 2987.897616 2987.675969 0.320390
2944 1691.038365 1691.175332 0.418582
2945 444.758469 444.671718 0.086796
2946 453.718437 453.702523 0.152906
2947 526.723809 526.488129 0.443846
2948 276.027622 275.953584 0.128405
2949 363.406268 363.378373 0.107291
2950 834.677940 834.554496 0.576000
2951 362.968837 363.060536 0.131365
2952 570.856858 570.881966 0.132660
2953 805.779835 806.093415 0.569268
2954 329.252763 329.196727 0.087133
2955 501.261923 501.249746 0.116498
2956 921.794680 922.195101 0.581994
2957 590.231855 590.328350 0.119954
2958 587.576822 587.589847 0.145529
2959 1234.060779 1233.999211 0.542418
2960 286.326998 286.373196 0.177774
2961 497.572781 497.534114 0.106770
2962 1965.113138 1964.893990 0.730602
2963 388.641959 388.547225 0.136155
2964 364.590659 364.661052 0.092547
2965 1634.382935 1634.423866 0.590537
2966 555.030279 555.037461 0.200850
2967 303.803119 303.820002 0.140036
2968 1531.546598 1531.816217 0.708624
2969 279.169782 279.247471 0.181751
2970 447.965783 448.055397 0.120132
2971 1415.678122 1415.975280 0.486857
2972 232.327828 232.506891 0.179241
2973 334.258028 334.144467 0.139529
2974 1333.503844 1333.380083 0.630460
2975 787.101220 787.223773 0.173677
2976 367.514288 367.645971 0.163113
2977 2307.321492 2306.865787 0.666734
2978 509.348313 509.486430 0.148133
2979 794.835999 794.902210 0.112105
2980 341.533183 341.563746 0.053689
2981 262.313276 262.230526 0.089510
2982 1538.703513 1538.683806 0.198661
2983 99.531304 99.561301 0.051843
2984 797.694505 797.680873 0.045977
2985 2064.644246 2064.841110 0.265409
2986 1864.437498 1864.228760 0.246687
2987 691.962277 692.033104 0.087789
2988 459.870603 459.938510 0.086408
2989 1172.477267 1172.473905 0.275725
2990 545.245305 545.375056 0.174281
2991 1077.641066 1077.657268 0.136718
2992 1607.246694 1607.110068 0.156679
2993 549.016745 549.017751 0.069773
2994 328.294288 328.245798 0.055817
2995 1850.765254 1851.165968 0.428609
2996 206.619116 206.664331 0.118183
2997 1219.879200 1219.507994 0.468963
2998 147.922051 148.015113 0.122866
2999 235.639227 235.657305 0.152091
3000 688.766156 688.865182 0.425004
3001 286.708544 286.758828 0.134312
3002 183.623289 183.756437 0.133510
3003 140.311277 140.231947 0.103462
3004 446.371118 446.179812 0.454627
3005 361.659419 361.576962 0.128933
3006 769.434725 769.425412 0.122651
3007 1316.122024 1316.520555 0.649026
3008 255.057258 255.057528 0.138146
3009 224.670330 224.551446 0.138486
3010 1012.539446 1011.979682 0.641875
3011 593.685812 593.851058 0.165735
3012 94.356674 94.392427 0.143554
3013 564.874564 564.687202 0.638932
3014 343.542657 343.581508 0.123210
3015 243.197589 243.300863 0.135073
3016 118.498011 118.575783 0.133334
3017 370.558479 370.583316 0.085115
3018 836.539617 836.440026 0.279899
3019 54.407040 54.289491 0.118595
3020 315.921623 315.937998 0.084117
3021 2124.091759 2124.044868 0.339838
3022 1980.483113 1980.611995 0.420885
3023 817.822903 817.816080 0.076655
3024 686.489365 686.488146 0.098838
3025 3632.664499 3632.796289 0.445089
3026 771.086036 770.527899 0.624271
3027 1426.407199 1426.159757 0.404111
3028 1759.568909 1759.182785 0.536986
3029 159.817709 159.763547 0.171877
3030 247.811177 247.799066 0.147213
3031 2288.498517 2288.524448 0.450124
3032 766.617427 766.582250 0.109117
3033 721.770113 721.831279 0.100225
3034 645.425865 645.614825 0.398927
3035 402.571958 402.565643 0.088779
3036 720.508230 720.621008 0.126627
3037 1441.527931 1441.740432 0.395751
3038 655.390211 655.331499 0.119575
3039 525.527507 525.550472 0.095624
3040 2265.830522 2265.854549 0.374969
3041 223.240873 223.318772 0.092337
3042 686.570660 686.502127 0.086835
3043 1640.317658 1640.629900 0.364083
3044 429.569087 429.500473 0.076155
3045 514.557734 514.487286 0.107964
3046 1923.322997 1923.181487 0.394958
3047 664.319193 664.266642 0.076724
3048 744.744620 744.690627 0.078189
3049 1379.191773 1379.389132 0.303085
3050 556.316168 556.258917 0.102733
3051 213.029460 213.016881 0.068859
3052 1128.023658 1128.179874 0.268667
3053 110.856489 110.916759 0.086200
3054 331.647765 331.628114 0.032871
3055 598.331743 598.161803 0.194085
3056 518.404744 518.404531 0.047322
3057 673.440004 673.485296 0.111618
3058 1660.368437 1660.179933 0.211046
3059 273.886011 273.838737 0.053429
3060 362.022105 362.044903 0.044527
3061 1044.713084 1044.931351 0.278548
3062 361.049209 361.062121 0.013389
3063 544.396236 544.393587 0.069578
3064 506.218671 506.160291 0.075084
3065 229.963127 229.980753 0.072223
3066 922.739552 923.075972 0.368531
3067 500.987154 500.944861 0.062316
3068 525.571901 525.531943 0.095402
3069 814.568358 814.485724 0.319451
3070 1833.702767 1833.839856 0.464036
3071 643.557154 643.516610 0.064342
3072 426.685529 426.622690 0.083018
3073 1283.607767 1283.955711 0.382408
3074 849.713213 849.477777 0.282442
3075 1965.094689 1964.955427 0.179681
3076 1722.152723 1722.219455 0.228929
3077 296.069726 296.053935 0.068514
3078 577.111694 577.095045 0.041654
3079 1171.843036 1172.010188 0.221730
3080 615.262531 615.277982 0.105537
3081 542.726688 542.755366 0.101500
3082 1312.115863 1311.845854 0.296219
3083 311.592464 311.607558 0.049586
3084 317.728780 317.752524 0.036543
3085 2385.520304 2385.734314 0.306056
3086 462.821924 462.750876 0.147085
3087 229.761554 229.687975 0.115760
3088 1963.900701 1963.771502 0.310064
3089 257.066790 257.148279 0.138836
3090 200.014592 200.123246 0.117304
3091 1628.747940 1628.777186 0.472633
3092 371.240129 371.302442 0.094009
3093 199.383429 199.331659 0.119340
3094 2019.431204 2019.225759 0.462946
3095 305.970969 306.010330 0.054902
3096 484.574104 484.629598 0.109369
3097 2515.496099 2515.693109 0.439508
3098 306.294486 306.278824 0.077356
3099 620.700308 620.634870 0.140429
3100 563.850717 563.654936 0.321390
3101 432.930069 433.023208 0.191960
3102 696.046935 696.023989 0.088460
3103 1442.816359 1442.404003 0.500082
3104 346.588116 346.645579 0.113279
3105 645.436526 645.485460 0.134532
3106 750.842446 750.243846 0.605829
3107 305.962279 305.971862 0.048271
3108 111.141657 111.224080 0.097229
3109 1570.295914 1570.597518 0.357470
3110 400.608409 400.683542 0.100523
3111 438.091536 438.096566 0.142008
3112 526.926142 527.179498 0.319011
3113 520.423761 520.371717 0.060929
3114 461.796591 461.773548 0.053096
3115 1378.414788 1378.262943 0.208630
3116 376.372982 376.444703 0.083075
3117 743.129964 743.224172 0.109278
3118 973.239098 973.217994 0.151532
3119 305.494683 305.469646 0.043385
3120 507.580231 507.573229 0.031915
3121 1888.308544 1888.300391 0.115915
3122 458.893661 458.859858 0.066505
3123 682.036378 682.039702 0.042089
3124 998.790454 998.858184 0.350496
3125 526.739358 526.721587 0.063791
3126 536.398839 536.384075 0.035226
3127 1853.324555 1853.221077 0.317926
3128 516.774632 516.829631 0.093322
3129 650.360541 650.385453 0.100755
3130 602.479549 602.572930 0.126657
3131 456.839280 456.812762 0.104371
3132 937.109148 936.688376 0.437141
3133 834.305261 834.357013 0.090137
3134 178.052367 178.114737 0.100691
3135 1309.597419 1309.957636 0.415351
3136 2892.202795 2892.675028 0.568250
3137 1168.406547 1168.370005 0.112494
3138 1163.299006 1163.240223 0.079606
3139 1664.953792 1664.730249 0.249511
3140 861.694508 862.165520 0.529860
3141 1316.841089 1317.069737 0.303459
3142 949.385347 949.482784 0.420674
3143 395.408547 395.385558 0.085998
3144 613.069444 613.149340 0.091450
3145 1194.120851 1194.374561 0.265162
3146 477.327811 477.280868 0.074771
3147 552.603401 552.560405 0.082922
3148 1905.789751 1905.904051 0.190340
3149 391.545538 391.503468 0.047364
3150 466.709449 466.688526 0.044662
3151 2250.561841 2250.611692 0.208192
3152 311.215812 311.167271 0.050008
3153 256.029043 256.010883 0.045323
3154 1727.127553 1727.042422 0.168033
3155 220.279237 220.308324 0.030066
3156 421.691649 421.719012 0.046577
3157 785.541674 785.289350 0.286873
3158 362.835769 362.831598 0.026166
3159 198.964017 199.003358 0.078802
3160 959.565455 959.582484 0.145201
3161 472.174393 472.196958 0.043082
3162 192.182521 192.164569 0.039740
3163 538.302596 538.404976 0.218708
3164 517.179554 517.196495 0.020491
3165 264.262173 264.237445 0.050400
3166 1416.595754 1416.614363 0.126009
3167 245.868930 245.846698 0.053238
3168 570.900789 570.889937 0.037195
3169 1788.055950 1788.016619 0.163563
3170 426.117880 426.101137 0.094062
3171 440.975381 440.980479 0.040139
3172 4165.148824 4165.113067 0.164708
3173 345.658289 345.662381 0.048039
3174 458.087148 458.073247 0.104256
3175 3422.185436 3422.239410 0.278339
3176 776.331624 776.281260 0.071433
3177 823.203131 823.258877 0.084045
3178 709.211973 709.417605 0.405039
3179 598.273710 598.271049 0.110700
3180 794.561473 794.511221 0.079755
3181 991.395731 991.077441 0.334944
3182 210.920407 210.875640 0.065028
3183 283.967831 283.942656 0.068697
3184 1662.978193 1663.086595 0.369325
3185 229.978670 229.998851 0.051427
3186 327.593953 327.618945 0.101358
3187 1788.093619 1788.262166 0.309504
3188 373.004579 373.044654 0.093749
3189 1024.719560 1024.729260 0.089974
3190 1842.715167 1842.404770 0.412981
3191 913.203119 913.259785 0.081768
3192 445.771252 445.708986 0.114180
3193 1224.780584 1225.154086 0.378886
3194 271.591402 271.516080 0.077356
3195 582.752222 582.685857 0.137017
3196 367.613809 367.583037 0.080347
3197 643.616836 643.683017 0.147082
3198 1244.600765 1244.194596 0.576934
3199 594.565139 594.683130 0.134789
3200 713.044573 713.009224 0.131361
3201 3648.931247 3648.528177 0.566559
3202 1726.866133 1727.019846 0.448302
3203 654.461916 654.403656 0.155435
3204 510.871767 510.905018 0.097498
3205 2954.026053 2954.264557 0.505069
3206 1263.585161 1263.700732 0.491732
3207 1156.342356 1155.861212 0.509505
3208 2173.948271 2174.278126 0.439441
3209 846.140111 846.061448 0.080968
3210 276.637409 276.694707 0.082135
3211 1775.034920 1774.664071 0.497881
3212 518.256279 518.277198 0.127942
3213 658.973271 658.991380 0.136369
3214 263.675425 263.291977 0.531690
3215 56.373345 56.489598 0.129391
3216 459.167388 459.263638 0.128819
3217 491.153612 491.238210 0.487068
3218 288.450951 288.291314 0.172912
3219 281.672870 281.589931 0.169378
3220 1018.998287 1018.623085 0.752494
3221 222.909509 223.022631 0.153175
3222 349.578417 349.698031 0.139728
3223 322.640894 322.189220 0.598243
3224 387.577142 387.552244 0.164553
3225 317.760504 317.826095 0.159823
3226 1038.203642 1038.779701 0.635133
3227 614.679636 614.575841 0.162179
3228 420.844574 420.851290 0.104865
3229 947.602223 947.735226 0.455170
3230 638.657509 638.619348 0.090107
3231 382.332458 382.383061 0.119652
3232 2174.651834 2174.573800 0.443457
3233 277.056191 277.088277 0.131328
3234 493.101630 493.031914 0.143361
3235 2897.509008 2897.564749 0.398409
3236 693.418252 693.451642 0.171715
3237 194.768195 194.854083 0.162813
3238 2041.528888 2041.488246 0.428473
3239 391.808063 391.794629 0.124469
3240 439.438865 439.306529 0.170231
3241 1317.384925 1317.524132 0.383305
3242 475.478514 475.570067 0.117126
3243 750.933613 750.953296 0.127893
3244 665.335781 665.293214 0.340726
3245 329.319639 329.381327 0.196196
3246 751.001506 751.077178 0.168552
3247 1662.629395 1662.420116 0.471374
3248 559.144050 559.053906 0.153142
3249 658.079771 658.044315 0.146221
3250 994.128306 994.373918 0.357072
3251 912.702374 912.688743 0.185490
3252 498.520441 498.403707 0.193928
3253 283.282858 283.063727 0.535900
3254 577.542656 577.550993 0.112044
3255 241.882324 241.842091 0.110467
3256 1520.215613 1520.438245 0.406036
3257 371.208605 371.118987 0.140559
3258 507.684857 507.669405 0.188476
3259 1437.684924 1437.692680 0.689300
3260 533.911152 533.820682 0.157842
3261 256.646199 256.674183 0.102055
3262 220.638128 220.509212 0.146743
3263 954.479715 954.520392 0.080915
3264 1438.240961 1437.843672 0.562512
3265 353.020681 352.930237 0.155565
3266 329.675799 329.763775 0.101192
3267 1596.279063 1596.148112 0.585474
3268 845.127779 845.303305 0.475625
3269 658.308669 658.365016 0.172072
3270 143.953099 143.816109 0.154355
3271 1373.218305 1373.241706 0.454459
3272 889.985603 890.186581 0.462644
3273 462.436384 462.647028 0.465795
3274 1019.332949 1019.298558 0.387655
3275 116.875994 116.910797 0.114166
3276 482.595703 482.511965 0.137772
3277 1445.196347 1445.263576 0.413930
3278 503.792130 503.710849 0.087341
3279 717.899579 717.553080 0.487556
3280 782.480970 782.548196 0.120382
3281 99.161869 99.175371 0.131672
3282 1452.451269 1452.156138 0.362538
3283 858.755350 858.852828 0.098894
3284 684.483524 684.452276 0.132345
3285 130.730830 130.666728 0.100559
3286 2365.041210 2365.188203 0.538597
3287 176.261098 176.240591 0.130019
3288 395.851273 395.963961 0.132737
3289 503.910003 504.028151 0.488248
3290 185.571755 185.539438 0.128236
3291 346.522145 346.421617 0.134971
3292 1675.069410 1675.023178 0.497706
3293 695.776914 695.670324 0.133591
3294 472.815874 472.796469 0.179190
3295 1869.764667 1870.125974 0.461593
3296 421.899243 421.821608 0.137924
3297 839.722410 839.640105 0.119044
3298 786.411304 786.345067 0.104544
3299 938.850889 938.878636 0.105146
3300 742.025118 741.667495 0.549521
3301 473.959640 474.003412 0.160809
3302 306.745527 306.628598 0.122772
3303 2234.914174 2234.823373 0.423392
3304 866.417514 866.566361 0.454829
3305 801.225444 801.302728 0.113603
3306 783.340022 783.344743 0.109895
3307 3963.375452 3963.738197 0.648089
3308 1109.410315 1109.268295 0.460351
3309 1846.403542 1846.183781 0.402278
3310 1562.134006 1562.367804 0.449795
3311 365.162118 365.136377 0.101358
3312 242.648245 242.607613 0.097405
3313 1724.259624 1724.753333 0.598820
3314 320.732084 320.751155 0.119386
3315 581.657820 581.565479 0.123869
3316 1606.910860 1606.583721 0.422684
3317 269.494647 269.469017 0.111473
3318 196.691351 196.775338 0.124794
3319 1660.454717 1660.504425 0.404620
3320 296.073416 296.141066 0.094648
3321 206.837011 206.909639 0.101410
3322 643.161244 643.074092 0.490212
3323 475.788209 475.747327 0.091875
3324 715.698500 715.747272 0.112195
3325 2493.150479 2493.169772 0.475483
3326 597.828260 597.819298 0.121533
3327 653.317060 653.287993 0.115908
3328 1560.119045 1560.029310 0.502923
3329 353.022811 353.025671 0.111258
3330 465.842103 465.916032 0.165122
3331 1835.531292 1835.805299 0.447363
3332 459.060773 458.989342 0.141826
3333 334.931042 334.877011 0.141709
3334 790.600727 790.783216 0.520312
3335 194.964106 194.922497 0.099723
3336 281.872818 281.797541 0.110555
3337 2082.720861 2082.787671 0.595718
3338 284.860200 284.797678 0.111403
3339 321.245785 321.094923 0.171848
3340 1854.274239 1854.075675 0.554875
3341 220.545463 220.623613 0.137902
3342 216.309541 216.236967 0.137788
3343 604.402581 604.152926 0.391773
3344 248.005288 248.095386 0.114005
3345 217.697502 217.801559 0.128898
3346 134.402845 134.352406 0.111575
3347 614.395972 614.507953 0.136181
3348 1662.365417 1662.002371 0.629213
3349 322.552818 322.660372 0.141419
3350 302.285979 302.243711 0.135677
3351 938.970667 939.182191 0.406196
3352 1539.339930 1539.739092 0.505578
3353 304.383149 304.458412 0.126951
3354 431.129991 431.083215 0.107354
3355 2701.955074 2701.620478 0.339455
3356 1030.642598 1030.993446 0.352846
3357 1484.852518 1485.106982 0.301734
3358 868.032939 868.262392 0.403428
3359 278.295790 278.227668 0.094961
3360 747.185569 747.056859 0.131746
3361 1388.915696 1388.665770 0.366984
3362 425.175928 425.170140 0.111080
3363 315.075330 315.042695 0.108468
3364 981.551634 981.495107 0.468978
3365 635.023258 635.101260 0.115467
3366 332.008358 332.075792 0.103316
3367 2126.724266 2126.668219 0.554398
3368 654.706541 654.707213 0.097924
3369 117.666850 117.548431 0.165045
3370 1614.909174 1615.068678 0.578046
3371 184.505636 184.577918 0.134983
3372 336.171286 336.233062 0.095387
3373 718.091243 717.871512 0.542974
3374 398.340614 398.285084 0.144883
3375 749.679904 749.644954 0.110962
3376 2032.979771 2033.139523 0.487721
3377 782.909218 782.908094 0.110577
3378 247.975171 247.942127 0.143938
3379 1146.060808 1145.663078 0.494685
3380 86.622804 86.616332 0.109278
3381 421.148182 421.236311 0.135200
3382 1800.632004 1800.828727 0.484636
3383 632.032954 632.117177 0.104914
3384 678.813345 678.751825 0.192599
3385 874.721374 874.344265 0.503330
3386 288.294604 288.252129 0.097192
3387 493.443718 493.508424 0.110708
3388 1417.982111 1417.808811 0.533146
3389 400.011507 399.983050 0.138160
3390 496.457095 496.537543 0.142261
3391 1049.846594 1049.973929 0.512789
3392 66.672432 66.665726 0.145576
3393 393.063276 393.040746 0.133325
3394 1660.324175 1659.785902 0.624699
3395 370.675952 370.814359 0.159582
3396 553.141493 553.184002 0.211926
3397 857.466760 857.151875 0.590199
3398 259.052422 258.944427 0.120418
3399 280.875772 280.889764 0.169084
3400 2815.047540 2815.329030 0.468522
3401 350.932640 350.953739 0.109724
3402 1307.002728 1306.957016 0.077943
3403 1516.183085 1516.439261 0.383106
3404 322.034987 321.983798 0.157701
3405 393.259129 393.177472 0.091356
3406 1104.052610 1104.357488 0.531119
3407 132.231667 132.258670 0.052985
3408 248.149107 248.058773 0.099949
3409 1355.659057 1355.452497 0.308122
3410 662.116808 662.131366 0.057898
3411 607.392659 607.402383 0.162109
3412 612.998692 613.064991 0.131770
3413 336.424250 336.338548 0.135034
3414 841.851944 841.871760 0.485145
3415 557.620962 557.736621 0.153124
3416 642.678001 642.636102 0.133494
3417 2667.744883 2667.248763 0.559296
3418 887.441399 887.242826 0.507590
3419 420.321874 420.411416 0.099348
3420 158.238782 158.297160 0.123971
3421 2878.460085 2878.830789 0.490675
3422 967.047664 966.769134 0.480897
3423 1239.919462 1239.787179 0.450353
3424 1091.098191 1091.427527 0.445643
3425 397.618531 397.480849 0.138623
3426 644.643351 644.540355 0.139264
3427 700.479946 699.981368 0.716194
3428 686.530824 686.593870 0.087862
3429 1472.262257 1472.516284 0.541917
3430 637.528213 637.553570 0.123699
3431 606.171742 606.062070 0.155817
3432 1585.661633 1585.914563 0.588496
3433 964.489940 964.478368 0.092497
3434 501.764222 501.619455 0.176344
3435 369.838349 369.791549 0.150490
3436 1610.515437 1610.543976 0.473699
3437 501.709162 501.834755 0.167979
3438 408.792453 408.862687 0.138433
3439 2708.124314 2707.932878 0.392359
3440 492.347072 492.459208 0.113332
3441 419.447883 419.474241 0.154983
3442 2902.294751 2902.657257 0.507974
3443 264.877556 264.863279 0.087850
3444 889.847439 889.755134 0.107031
3445 888.268164 887.966518 0.489371
3446 367.901504 367.951050 0.090751
3447 243.485032 243.580438 0.104346
3448 444.723673 444.646319 0.099756
3449 333.120530 333.106600 0.092418
3450 1669.125724 1669.276731 0.471660
3451 452.541570 452.569581 0.096228
3452 453.135573 453.117131 0.103160
3453 3666.265874 3666.514571 0.617496
3454 355.765398 355.938906 0.426689
3455 246.965316 246.968717 0.104850
3456 288.162115 288.088117 0.110288
3457 775.759053 776.183193 0.435630
3458 1551.718895 1551.220605 0.586962
3459 1098.987665 1099.189568 0.515174
3460 988.337260 988.780912 0.506015
3461 695.370502 695.290508 0.094982
3462 487.548172 487.473742 0.153909
3463 1696.752990 1696.892490 0.535990
3464 544.305624 544.275870 0.144934
3465 432.248250 432.207918 0.140798
3466 782.429771 782.088797 0.629124
3467 242.088348 242.122739 0.124973
3468 737.771090 737.660901 0.154813
3469 1962.734022 1963.312903 0.593258
3470 408.761361 408.668218 0.138814
3471 261.569497 261.567242 0.156956
3472 1676.917452 1676.645245 0.421254
3473 501.361857 501.370550 0.029373
3474 418.947008 418.992947 0.106335
3475 1103.201667 1103.203259 0.325624
3476 389.508267 389.512133 0.140498
3477 493.619900 493.651253 0.053925
3478 2387.553730 2387.658819 0.173599
3479 571.488442 571.451691 0.070858
3480 293.675617 293.612068 0.069637
3481 1421.461324 1421.471304 0.138229
3482 78.702834 78.675373 0.069648
3483 311.990817 311.965569 0.058278
3484 2571.324885 2571.513108 0.219076
3485 1210.791050 1210.725981 0.077532
3486 816.725878 816.687328 0.051513
3487 694.460668 694.442952 0.176939
3488 300.539667 300.524878 0.047903
3489 121.377024 121.363640 0.036478
3490 1619.069397 1618.949713 0.234069
3491 470.285413 470.272041 0.051719
3492 705.104033 705.072381 0.042453
3493 1735.634113 1735.908143 0.298028
3494 573.318900 573.270146 0.065702
3495 310.851941 310.851500 0.021290
3496 874.802322 874.791530 0.053515
3497 800.700696 800.647391 0.072537
3498 1222.466583 1222.414453 0.342706
3499 316.826687 316.762751 0.075949
3500 445.834178 445.856488 0.108734
3501 2466.788604 2466.781659 0.351263
3502 710.919075 710.801497 0.332771
3503 362.036700 362.082660 0.102016
3504 584.600087 584.634969 0.091140
3505 990.952497 991.073094 0.446098
3506 382.625478 382.142131 0.508063
3507 993.102365 993.106070 0.334698
3508 1200.329226 1199.866310 0.575295
3509 362.189953 362.287803 0.141510
3510 258.225781 258.149677 0.115765
3511 2013.848997 2014.053272 0.528907
3512 609.772554 609.889472 0.131206
3513 1697.095208 1697.007011 0.586580
3514 392.331285 392.207985 0.141726
3515 236.360621 236.389981 0.134514
3516 1616.862212 1616.847062 0.583612
3517 713.997888 714.045695 0.095957
3518 318.636902 318.615558 0.122011
3519 532.023032 531.990355 0.124847
3520 872.722277 872.183868 0.575498
3521 833.286796 833.358881 0.156583
3522 629.653123 629.629887 0.148993
3523 1061.392037 1061.630017 0.625142
3524 482.885561 482.864763 0.114179
3525 554.860224 554.738304 0.149265
3526 437.772373 437.989385 0.544963
3527 250.910140 251.023504 0.128248
3528 517.671828 517.770149 0.149791
3529 895.263836 895.111257 0.633437
3530 326.527440 326.588693 0.159431
3531 270.000802 270.149288 0.150466
3532 388.380616 388.303920 0.162097
3533 437.612904 437.532019 0.114569
3534 1014.070715 1014.299655 0.325419
3535 405.354984 405.348779 0.110435
3536 207.511460 207.524656 0.105610
3537 1871.334756 1871.286585 0.389325
3538 2706.771456 2706.301040 0.508718
3539 717.529505 717.562614 0.052259
3540 1193.601898 1193.650854 0.079975
3541 1743.746938 1743.586775 0.387559
3542 685.248406 685.603010 0.517672
3543 1476.860502 1476.849450 0.238804
3544 1287.306477 1287.181107 0.476229
3545 236.554086 236.695228 0.146836
3546 578.078143 578.027393 0.076293
3547 627.906089 627.601972 0.364957
3548 245.819932 245.829050 0.125764
3549 813.372822 813.524906 0.236584
3550 681.821749 681.776528 0.084095
3551 368.203138 368.256449 0.104987
3552 817.933271 817.864460 0.259023
3553 590.749721 590.775804 0.047775
3554 415.726273 415.637045 0.115568
3555 281.697256 281.652539 0.081210
3556 1005.777934 1005.770270 0.434816
3557 213.661456 213.587923 0.121690
3558 399.557678 399.509794 0.115280
3559 416.690632 417.021697 0.488579
3560 754.860660 754.858000 0.088818
3561 182.038836 182.002780 0.059191
3562 1435.823381 1435.948436 0.406821
3563 352.660119 352.678869 0.181523
3564 292.605475 292.562234 0.082408
3565 493.926620 493.884191 0.391954
3566 351.657379 351.678958 0.109889
3567 453.807570 453.759607 0.084107
3568 477.694307 477.673919 0.049737
3569 167.409785 167.471209 0.108676
3570 1755.909476 1756.151255 0.598393
3571 312.981011 313.042836 0.112374
3572 448.957800 448.881847 0.106803
3573 1965.361898 1965.411618 0.709210
3574 1721.842490 1721.763939 0.312784
3575 838.691139 838.656540 0.095491
3576 442.227964 442.265064 0.125874
3577 1444.557424 1444.253892 0.561023
3578 543.976931 543.596211 0.436084
3579 992.979209 993.280145 0.394455
3580 2320.379951 2320.760518 0.606055
3581 949.119652 949.044832 0.143269
3582 753.608726 753.642775 0.092341
3583 444.019252 444.036495 0.474149
3584 385.886173 385.812171 0.097671
3585 1458.943801 1458.755119 0.443593
3586 209.469811 209.587128 0.171353
3587 382.181135 382.315323 0.135351
3588 492.970362 493.000877 0.575571
3589 203.871188 203.983318 0.123233
3590 508.155497 508.181202 0.103704
3591 350.860775 350.856220 0.159278
3592 680.265024 680.565806 0.365835
3593 556.985395 556.859400 0.168465
3594 534.858586 534.791187 0.195786
3595 710.499640 710.037549 0.506910
3596 560.421198 560.459928 0.128270
3597 643.187553 643.168547 0.146280
3598 500.539510 500.628135 0.495430
3599 580.081292 580.032310 0.139468
3600 373.491127 373.465131 0.084943
3601 2145.597468 2145.776594 0.526324
3602 627.387462 627.443115 0.087188
3603 580.729867 580.699490 0.085693
3604 165.422894 165.351108 0.117928
3605 245.952980 245.988661 0.106203
3606 669.389170 669.203381 0.241692
3607 391.698206 391.733895 0.068366
3608 505.854098 505.896570 0.074074
3609 2021.365560 2021.744964 0.617948
3610 388.083883 387.669146 0.475140
3611 467.021384 467.118285 0.112659
3612 322.141680 322.097765 0.194627
3613 1097.458853 1097.221400 0.482182
3614 591.762264 591.661412 0.495716
3615 1498.114364 1498.147912 0.450979
3616 1038.484226 1038.647005 0.558176
3617 241.333400 241.441985 0.124216
3618 334.766288 334.669694 0.178506
3619 942.834213 942.390525 0.543930
3620 298.337678 298.406388 0.109164
3621 214.297905 214.403703 0.131012
3622 1778.916623 1779.350948 0.479953
3623 472.226797 472.136528 0.152264
3624 220.614328 220.507004 0.143546
3625 1948.567404 1948.259303 0.591946
3626 324.710875 324.739150 0.084376
3627 266.062093 266.117283 0.090547
3628 1255.166871 1255.075607 0.299422
3629 279.836828 279.896073 0.117404
3630 142.222772 142.183077 0.168494
3631 1585.087210 1585.109455 0.372752
3632 248.617221 248.720226 0.120001
3633 247.237113 247.141593 0.132865
3634 946.034874 946.061138 0.525095
3635 187.144174 187.176754 0.085965
3636 263.930349 263.846246 0.089075
3637 1419.416652 1419.386711 0.277265
3638 702.457172 702.447401 0.178436
3639 513.181512 513.265427 0.125182
3640 499.745793 499.880432 0.411745
3641 471.754230 471.772774 0.068662
3642 327.485860 327.459807 0.067511
3643 430.380973 430.628470 0.413649
3644 427.498665 427.476059 0.068563
3645 224.278830 224.128156 0.157744
3646 3254.749479 3254.851334 0.548511
3647 388.830969 388.884886 0.090269
3648 542.555521 542.513810 0.121404
3649 1619.822747 1619.477129 0.613067
3650 422.890423 422.871201 0.087598
3651 282.237299 282.251427 0.099672
3652 402.331749 402.238286 0.163229
3653 278.240485 278.244006 0.088088
3654 421.218441 420.792100 0.442639
3655 625.229814 625.236165 0.126123
3656 304.776879 304.858128 0.131618
3657 3038.316264 3038.382096 0.611660
3658 1875.437208 1875.332549 0.262683
3659 280.272404 280.229872 0.116913
3660 751.437230 751.485344 0.194087
3661 1784.075828 1783.967544 0.300203
3662 1175.404159 1175.936435 0.768439
3663 1507.034085 1507.487032 0.555410
3664 1308.827197 1308.365206 0.490815
3665 292.687584 292.746241 0.124642
3666 82.584812 82.613952 0.199761
3667 786.611628 786.907231 0.410120
3668 327.068422 327.187424 0.147970
3669 215.392217 215.356675 0.211937
3670 2491.358689 2491.078214 0.636774
3671 636.822658 636.891806 0.145814
3672 264.968796 264.962062 0.066173
3673 529.727425 529.933899 0.635785
3674 287.536273 287.635390 0.105911
3675 709.120706 709.103512 0.111215
3676 1980.362565 1980.664708 0.411205
3677 747.065606 746.995704 0.174173
3678 290.541516 290.493013 0.168824
3679 1975.608514 1975.266634 0.705429
3680 946.055278 946.108771 0.135615
3681 510.250133 510.293560 0.077516
3682 1637.330724 1637.442881 0.561405
3683 374.229968 374.348974 0.145076
3684 826.147511 826.169003 0.130942
3685 1946.750837 1946.921839 0.480472
3686 552.530429 552.494204 0.172190
3687 534.880440 534.814980 0.125110
3688 212.433941 212.162660 0.563315
3689 876.037139 876.028462 0.131381
3690 526.428126 526.347184 0.132091
3691 1435.062411 1435.423779 0.658851
3692 611.225021 611.071826 0.161364
3693 482.245599 482.141798 0.166451
3694 1307.005390 1307.345649 0.616601
3695 457.791735 457.811818 0.150334
3696 136.436366 136.348646 0.141229
3697 623.713009 623.537775 0.551431
3698 477.901264 477.851003 0.156547
3699 303.658438 303.658712 0.129361
3700 1434.026872 1434.511580 0.613455
3701 296.362911 296.184809 0.188483
3702 430.440305 430.477753 0.159397
3703 1326.445235 1326.299381 0.707226
3704 403.769338 403.662244 0.155197
3705 344.812828 344.732344 0.184850
3706 848.296461 848.309307 0.636590
3707 650.314732 650.253035 0.109468
3708 539.290642 539.216078 0.156373
3709 733.708866 733.220336 0.501260
3710 468.095847 468.225702 0.139668
3711 185.270243 185.135755 0.135361
3712 1098.975157 1098.681963 0.770921
3713 514.898461 515.018602 0.151845
3714 721.553005 721.633995 0.106616
3715 708.282443 708.098455 0.537571
3716 505.408671 505.260259 0.165044
3717 713.573458 713.660827 0.155949
3718 358.750324 358.812414 0.191923
3719 436.750566 436.683675 0.127995
3720 1888.066998 1888.223636 0.408756
3721 221.692420 221.745288 0.212726
3722 453.822590 453.782470 0.106208
3723 1193.996251 1194.380446 0.772035
3724 2837.282645 2837.057080 0.439893
3725 478.491789 478.563281 0.103741
3726 187.575886 187.648362 0.115023
3727 2765.493155 2765.108100 0.393151
3728 1768.850449 1769.145608 0.406318
3729 1362.125025 1362.637359 0.522514
3730 1512.171431 1511.995108 0.460500
3731 750.842514 750.832717 0.126132
3732 82.633938 82.667668 0.034601
3733 2213.362126 2213.528713 0.557951
3734 830.011814 830.049625 0.125299
3735 2144.673747 2144.972643 0.531654
3736 389.230416 389.220599 0.074464
3737 239.714733 239.828674 0.118198
3738 1022.391118 1022.222005 0.586484
3739 328.467150 328.314459 0.196164
3740 361.679666 361.767526 0.192273
3741 312.958340 312.832928 0.172412
3742 2797.047975 2797.010795 0.382088
3743 177.239848 177.323849 0.131828
3744 533.046314 532.922298 0.142119
3745 1681.370573 1681.503458 0.616908
3746 250.139155 250.303816 0.179199
3747 230.262234 230.245749 0.173490
3748 1518.626036 1518.115845 0.722374
3749 277.587572 277.711412 0.149419
3750 244.963528 244.953270 0.145505
3751 1161.892899 1162.414734 0.738578
3752 92.861300 92.902404 0.133945
3753 228.003307 227.987487 0.123161
3754 578.143846 578.101962 0.076766
3755 719.270409 719.365996 0.117341
3756 1122.203034 1122.293575 0.467069
3757 184.436458 184.624494 0.195399
3758 583.606255 583.574442 0.129380
3759 1495.259533 1494.978584 0.411473
3760 2110.594363 2110.653100 0.475206
3761 501.899685 501.932904 0.101108
3762 844.676365 844.679611 0.115494
3763 1422.735512 1422.310196 0.453199
3764 817.614030 817.875140 0.296228
3765 1519.121453 1519.342751 0.277399
3766 914.948287 915.196546 0.420031
3767 343.901026 343.859523 0.100561
3768 765.764498 765.818682 0.123418
3769 1194.183599 1193.713525 0.524478
3770 693.844136 693.803644 0.107714
3771 1264.911224 1265.301049 0.397615
3772 226.633785 226.588545 0.101330
3773 461.915979 462.009325 0.106370
3774 843.779821 844.164026 0.534189
3775 612.704029 612.595367 0.114733
3776 579.242997 579.162664 0.118153
3777 130.539927 130.573347 0.123264
3778 1701.334856 1701.643623 0.547342
3779 578.632603 578.556978 0.079791
3780 262.130423 262.111557 0.145277
3781 883.902171 883.710571 0.392069
3782 822.938761 823.025351 0.179183
3783 1056.968955 1056.954224 0.112138
3784 1839.143686 1838.924164 0.748770
3785 400.843806 400.798063 0.140318
3786 228.841799 228.878603 0.092143
3787 864.209294 864.068201 0.393681
3788 168.284240 168.165390 0.127743
3789 152.220381 152.233977 0.145925
3790 281.006777 280.928586 0.136685
3791 720.379260 720.305952 0.241819
3792 1427.709897 1428.051502 0.357435
3793 275.352455 275.256636 0.102319
3794 579.983919 579.910250 0.128253
3795 2710.535544 2710.689272 0.412996
3796 2380.693613 2381.093505 0.431351
3797 843.046510 842.960238 0.104666
3798 1072.648113 1072.683726 0.124690
3799 1510.030951 1509.726322 0.518976
3800 714.280187 714.348260 0.370143
3801 411.731134 412.019553 0.497616
3802 1208.732151 1208.388825 0.468253
3803 522.231537 522.206818 0.141596
3804 269.400163 269.415872 0.142735
3805 896.303633 896.641865 0.354209
3806 213.258458 213.193961 0.226328
3807 740.693918 740.629894 0.144534
3808 1828.899760 1829.037685 0.565019
3809 397.848696 397.961972 0.128744
3810 292.274445 292.284167 0.130800
3811 2469.904373 2469.635772 0.305934
3812 146.280744 146.422746 0.188672
3813 290.969898 290.977786 0.113820
3814 2008.007958 2008.320250 0.529485
3815 794.275236 794.202151 0.137405
3816 255.672919 255.625113 0.052333
3817 1520.196816 1520.155141 0.372495
3818 615.261947 615.350966 0.094748
3819 501.896303 501.904568 0.111251
3820 1812.442801 1812.448338 0.367532
3821 581.293693 581.354215 0.109730
3822 526.157954 526.214800 0.188069
3823 1059.990423 1059.826847 0.346888
3824 251.105715 251.189048 0.133856
3825 202.531883 202.640010 0.172327
3826 1656.194471 1656.232690 0.446904
3827 306.842331 306.828096 0.116428
3828 294.742132 294.628409 0.156246
3829 757.607631 757.641611 0.443934
3830 140.782968 140.646641 0.189291
3831 531.551062 531.571895 0.122676
3832 1045.393277 1046.046601 0.778649
3833 595.157885 595.033956 0.134329
3834 579.970246 579.889751 0.155904
3835 691.496412 691.597879 0.701105
3836 240.850612 240.853593 0.161870
3837 207.771826 207.577262 0.199162
3838 80.049909 80.126573 0.201480
3839 279.676493 279.602151 0.100128
3840 1992.800042 1993.189076 0.450579
3841 625.754030 625.791095 0.084870
3842 327.627187 327.702055 0.126357
3843 2224.078596 2223.500728 0.604897
3844 588.368222 588.492602 0.425686
3845 432.983513 432.887549 0.119971
3846 419.085757 419.094174 0.076130
3847 592.444324 592.684915 0.399666
3848 1107.998590 1107.555475 0.664759
3849 1154.485206 1154.699425 0.510410
3850 1209.324796 1208.958940 0.473459
3851 373.763154 373.658178 0.112323
3852 227.725178 227.805369 0.097566
3853 1143.744160 1143.923733 0.218381
3854 208.453044 208.515273 0.063725
3855 1758.742178 1758.717097 0.232281
3856 716.768411 716.760659 0.054302
3857 323.216882 323.239443 0.053960
3858 920.341169 920.552269 0.261267
3859 172.674438 172.673634 0.091834
3860 661.145818 661.130700 0.029828
3861 365.089847 365.099953 0.109890
3862 1064.984775 1065.084584 0.211144
3863 387.279531 387.239785 0.060960
3864 386.270219 386.295795 0.102349
3865 1031.236640 1031.176833 0.210388
3866 516.604309 516.596695 0.030567
3867 212.282258 212.225119 0.088825
3868 855.193635 854.859081 0.410528
3869 288.781922 288.797107 0.078353
3870 206.943342 206.879537 0.082764
3871 953.583509 953.714904 0.401792
3872 340.639075 340.618607 0.134650
3873 616.214773 616.118561 0.115198
3874 301.636849 301.743968 0.121517
3875 620.704376 620.654534 0.135190
3876 1012.872604 1012.568341 0.397704
3877 78.915598 78.977458 0.098141
3878 747.462996 747.420174 0.183036
3879 1238.198017 1237.959700 0.518828
3880 1121.007466 1120.833237 0.432581
3881 688.771288 688.721892 0.124626
3882 1337.298328 1337.347548 0.086563
3883 1490.524224 1490.794941 0.562448
3884 367.523544 367.537977 0.532340
3885 1080.286117 1080.459216 0.335697
3886 1753.341729 1752.904008 0.559465
3887 627.743900 627.724899 0.157663
3888 688.126194 688.182056 0.099528
3889 942.216227 942.550143 0.667904
3890 240.524327 240.642418 0.158561
3891 228.823349 228.841208 0.115505
3892 966.811406 967.038129 0.412163
3893 118.896385 118.952482 0.182578
3894 643.344420 643.334741 0.152617
3895 747.006854 747.146058 0.510717
3896 438.800835 438.818028 0.154707
3897 264.119399 264.038201 0.124615
3898 600.639866 600.773835 0.465904
3899 466.425647 466.407368 0.126168
3900 404.192725 404.296171 0.155055
3901 862.019283 861.785997 0.592540
3902 854.489630 854.527941 0.101636
3903 130.435321 130.391122 0.167482
3904 1039.683453 1039.479776 0.565774
3905 568.021181 568.101118 0.083903
3906 423.590801 423.628680 0.129917
3907 1441.306549 1440.701578 0.645562
3908 211.029556 211.006252 0.102752
3909 698.593300 698.614151 0.144668
3910 1343.974124 1343.798678 0.378695
3911 521.225010 521.326212 0.127170
3912 281.294811 281.237450 0.111521
3913 1751.326092 1751.508804 0.420332
3914 217.622523 217.460324 0.163552
3915 489.555481 489.584674 0.162670
3916 1940.363268 1940.352135 0.382760
3917 723.474579 723.388779 0.115216
3918 522.559549 522.602843 0.093915
3919 1508.918678 1509.359061 0.443086
3920 515.051188 515.020461 0.116047
3921 269.794162 269.822260 0.072920
3922 571.615988 571.554845 0.068360
3923 746.401174 746.322025 0.106351
3924 1505.989425 1505.827467 0.513235
3925 378.296543 378.355112 0.077869
3926 224.969513 225.045857 0.096943
3927 2029.922863 2029.649014 0.314055
3928 2222.935236 2223.169869 0.618273
3929 1061.498683 1061.542779 0.105884
3930 756.442517 756.408692 0.099732
3931 2020.446131 2020.809343 0.494986
3932 1764.132830 1763.981624 0.744692
3933 1240.299121 1239.843421 0.657275
3934 2008.528974 2008.865959 0.552681
3935 1044.168687 1044.248470 0.094465
3936 456.877260 456.958419 0.088744
3937 1692.597436 1692.273390 0.546045
3938 779.893839 780.048766 0.157563
3939 1072.482967 1072.518912 0.184677
3940 2123.027758 2122.866234 0.453606
3941 582.689421 582.833143 0.156337
3942 312.027158 312.095196 0.139374
3943 935.001919 935.296582 0.465501
3944 689.962065 689.878314 0.144823
3945 351.071200 351.112450 0.107709
3946 1432.330632 1432.280263 0.446511
3947 349.112546 349.038529 0.090444
3948 465.971982 465.950233 0.095537
3949 2132.752307 2132.540765 0.530636
3950 434.400339 434.321384 0.107564
3951 308.214537 308.266681 0.111467
3952 737.636119 738.053989 0.655898
3953 1117.698205 1117.819592 0.138420
3954 636.592594 636.513518 0.146440
3955 1021.582594 1021.673651 0.683093
3956 370.878767 370.931232 0.221078
3957 544.121159 544.159248 0.196216
3958 1825.574769 1825.684067 0.814836
3959 348.953458 348.994963 0.154962
3960 456.020089 455.998802 0.113840
3961 1214.318270 1214.283650 0.544406
3962 547.788213 547.925569 0.172868
3963 365.630519 365.664392 0.258984
3964 2079.350796 2079.201977 0.538764
3965 579.536851 579.473127 0.152942
3966 187.291108 187.344168 0.165003
3967 1824.008585 1824.071259 0.516941
3968 275.690657 275.743385 0.067490
3969 266.111949 266.188245 0.105151
3970 414.670199 414.631065 0.108364
3971 1109.719871 1109.776589 0.142330
3972 1199.532973 1198.973475 0.657517
3973 449.322926 449.451565 0.143834
3974 1118.616651 1118.740498 0.143884
3975 2650.663075 2650.361688 0.370501
3976 1625.924414 1626.313973 0.519674
3977 924.819479 924.693071 0.127610
3978 408.436121 408.462922 0.178374
3979 2023.527998 2023.797392 0.456257
3980 448.523712 448.204305 0.461024
3981 1252.778920 1252.519168 0.307504
3982 628.627771 629.013324 0.614030
3983 383.481044 383.521814 0.118471
3984 439.575081 439.581214 0.108368
3985 456.050419 456.269465 0.391008
3986 408.864997 408.896619 0.103928
3987 1050.353231 1050.075122 0.545149
3988 988.697817 988.722809 0.139608
3989 648.157265 648.129713 0.127877
3990 901.674535 902.002973 0.679060
3991 572.578322 572.642465 0.131453
3992 363.326435 363.236160 0.126166
3993 115.116653 115.116053 0.137717
3994 326.817158 326.507850 0.388926
3995 269.629526 269.672249 0.131118
3996 340.509015 340.453016 0.132049
3997 757.072164 756.724421 0.571418
3998 345.244179 345.261756 0.097236
3999 518.136863 518.195079 0.139080
4000 767.304826 767.752551 0.593798
4001 254.552515 254.561059 0.154410
4002 391.586707 391.635882 0.155683
4003 267.277442 267.263134 0.727337
4004 357.606481 357.549347 0.143710
4005 282.481689 282.527552 0.161910
4006 124.617069 124.526150 0.164366
4007 1054.275330 1054.188234 0.094013
4008 344.824156 344.788206 0.661882
4009 390.396755 390.385828 0.077790
4010 957.440381 957.499872 0.109438
4011 4577.907088 4578.154846 0.578641
4012 2079.957477 2080.004653 0.567177
4013 483.821411 483.712147 0.127357
4014 679.043196 679.061068 0.091243
4015 3327.923220 3327.524678 0.454446
4016 1706.409966 1706.435286 0.577512
4017 1176.139326 1176.233290 0.354624
4018 755.786698 755.876192 0.529873
4019 640.075313 640.149915 0.120307
4020 382.148865 382.066134 0.097594
4021 1217.924062 1217.937263 0.344521
4022 278.796881 278.798561 0.154132
4023 542.491133 542.532817 0.185474
4024 1017.927409 1017.960906 0.474683
4025 157.999057 157.949898 0.129809
4026 303.789671 303.818462 0.135532
4027 2231.278267 2230.739627 0.660204
4028 412.814760 412.777777 0.125160
4029 283.382747 283.441418 0.159410
4030 2151.719939 2152.190566 0.596271
4031 633.270963 633.267382 0.122542
4032 478.256809 478.211168 0.136018
4033 2218.085951 2217.776404 0.750440
4034 715.139601 715.199421 0.152005
4035 133.331566 133.321689 0.128209
4036 1328.069625 1327.710304 0.680730
4037 391.165114 391.255928 0.107808
4038 541.560608 541.655204 0.142867
4039 1969.371787 1969.350336 0.587746
4040 294.623605 294.644600 0.133362
4041 379.813727 379.827707 0.161028
4042 1709.042986 1708.943128 0.598601
4043 616.373289 616.360050 0.104558
4044 483.349430 483.354566 0.194999
4045 1204.876283 1205.161741 0.622720
4046 685.436282 685.377884 0.088624
4047 256.636129 256.496731 0.149320
4048 1141.638506 1141.651748 0.436950
4049 452.777201 452.891014 0.137601
4050 770.350348 770.366449 0.162852
4051 2341.988712 2341.441473 0.607968
4052 421.451812 421.613794 0.183527
4053 244.629711 244.632906 0.131378
4054 1903.086170 1903.258554 0.677949
4055 934.765227 934.877221 0.167931
4056 658.566852 658.623176 0.129740
4057 1139.624238 1139.987889 0.551397
4058 692.356244 692.400337 0.161371
4059 1006.417939 1006.345741 0.204741
4060 992.279884 992.562948 0.589975
4061 530.970058 530.987158 0.174412
4062 183.665763 183.666005 0.102197
4063 1807.488004 1807.112012 0.567646
4064 174.657359 174.731590 0.124070
4065 286.480921 286.472912 0.109611
4066 1295.731338 1296.150485 0.531287
4067 312.089700 312.086264 0.144822
4068 546.970821 547.000511 0.119974
4069 1131.190184 1131.096786 0.560984
4070 497.234692 497.154497 0.136770
4071 420.904823 420.846033 0.076828
4072 293.932769 294.030415 0.112504
4073 419.799550 419.748174 0.071902
4074 1165.754102 1165.708617 0.581789
4075 549.546720 549.580460 0.100107
4076 640.782852 640.735322 0.207143
4077 1248.406269 1248.432554 0.573229
4078 3263.098081 3263.241739 0.462854
4079 2043.424790 2043.459459 0.093414
4080 368.883930 368.920964 0.204884
4081 3248.423911 3248.604285 0.471631
4082 570.693163 570.853852 0.528411
4083 560.717074 560.433244 0.497005
4084 1291.526485 1291.623608 0.503282
4085 466.512104 466.591040 0.134455
4086 494.008984 494.000725 0.154850
4087 1451.039627 1450.718277 0.592767
4088 343.452348 343.490340 0.135328
4089 573.373304 573.504430 0.153415
4090 1586.278840 1586.377040 0.485018
4091 334.805263 334.882447 0.126774
4092 641.962740 642.090585 0.130200
4093 1116.732585 1116.310159 0.468138
4094 449.040615 449.049756 0.133599
4095 302.646051 302.737123 0.127848
4096 2244.192141 2244.072362 0.499664
4097 264.391271 264.272465 0.173966
4098 537.924127 538.025510 0.128104
4099 1007.189273 1007.216781 0.455298
4100 496.938609 496.914434 0.143907
4101 269.907275 269.924547 0.144472
4102 1260.756239 1261.482486 0.757816
4103 894.435624 894.408140 0.069989
4104 958.343137 958.270876 0.139176
4105 511.774113 511.399676 0.605525
4106 761.211606 761.276462 0.130663
4107 320.273674 320.341196 0.165484
4108 889.552597 890.088215 0.643934
4109 243.590826 243.692638 0.114708
4110 606.290386 606.221593 0.174113
4111 1702.853399 1702.230062 0.632456
4112 568.919843 569.000065 0.119747
4113 395.413121 395.538341 0.132906
4114 1310.017566 1310.181308 0.371376
4115 1049.912023 1049.831804 0.116911
4116 396.631887 396.628395 0.203140
4117 900.775582 901.358802 0.626259
4118 333.759952 333.757315 0.123932
4119 255.050986 255.027860 0.073942
4120 821.484967 821.418442 0.096773
4121 303.225414 303.344478 0.126543
4122 2247.287055 2246.852500 0.556641
4123 439.061347 439.111702 0.137118
4124 173.119795 173.231917 0.139660
4125 2751.526917 2751.527180 0.576375
4126 725.266421 724.851896 0.615003
4127 263.047444 263.066926 0.129612
4128 781.772423 781.833769 0.104331
4129 2293.760491 2293.540432 0.649697
4130 885.669738 885.605796 0.623733
4131 2619.057765 2618.657920 0.486334
4132 1163.271421 1163.791910 0.602131
4133 176.513974 176.477789 0.122932
4134 777.275313 777.357618 0.156470
4135 1691.634721 1691.399321 0.471853
4136 533.026454 533.106846 0.158250
4137 340.284684 340.413773 0.144552
4138 594.453341 595.061261 0.656913
4139 427.669713 427.582751 0.166452
4140 203.595594 203.659040 0.171348
4141 675.715486 675.161236 0.640292
4142 396.092350 396.089687 0.185424
4143 144.984072 145.150358 0.170082
4144 585.464893 585.724254 0.576107
4145 331.300934 331.333462 0.162980
4146 689.481678 689.441481 0.194943
4147 708.295972 708.721129 0.793804
4148 221.104221 221.178113 0.168498
4149 194.779813 194.825847 0.115319
4150 234.267198 233.741548 0.656634
4151 202.508637 202.534185 0.156559
4152 399.566112 399.596583 0.143354
4153 443.379048 443.295711 0.545692
4154 364.906844 365.066279 0.277339
4155 588.212723 588.193301 0.189969
4156 974.959283 974.787341 0.604123
4157 470.777339 470.687822 0.161992
4158 637.568448 637.624826 0.166407
4159 343.366689 343.735070 0.625773
4160 202.673390 202.771878 0.153038
4161 242.714572 242.599673 0.197625
4162 1814.216091 1813.790688 0.624927
4163 955.080197 955.159399 0.139922
4164 599.644168 599.574748 0.117859
4165 1065.925160 1066.172459 0.576550
4166 305.270623 305.135197 0.141661
4167 337.265608 337.332802 0.160833
4168 558.859609 558.799908 0.392588
4169 275.812974 275.911185 0.101254
4170 286.793205 286.780091 0.105802
4171 641.663226 641.579490 0.489369
4172 595.528424 595.461442 0.100774
4173 743.089112 743.170990 0.107717
4174 1596.632768 1596.250795 0.421126
4175 301.481619 301.372283 0.117672
4176 186.937222 186.866220 0.076282
4177 668.620087 668.839655 0.282601
4178 528.172452 528.201532 0.063887
4179 457.337442 457.371838 0.038317
4180 924.598410 924.689103 0.303349
4181 405.451357 405.423044 0.069783
4182 258.227813 258.196368 0.067795
4183 996.382375 996.656794 0.370621
4184 68.568071 68.638802 0.102226
4185 636.711306 636.641322 0.074106
4186 394.988841 395.007562 0.068467
4187 1643.913103 1644.284919 0.481788
4188 782.798540 782.713095 0.140350
4189 606.522022 606.546951 0.140666
4190 499.719965 499.647405 0.114239
